시작연도,날짜,원달러환율,월수익률,인출전잔액(달러),요청인출액(원),실제인출액(달러),실제인출액(원),월말잔액(달러),월말잔액(원)
2002,2002-01-31,1314.4,-0.01027958799273565,75349.86006907228,1000000.0,760.8034083992695,999999.9999999999,74589.05666067301,98039856.07478862
2002,2002-02-28,1323.8,-0.12282565953627467,65427.60658213729,1000000.0,755.4011179936547,1000000.0,64672.20546414363,85613065.59343334
2002,2002-03-31,1325.9,0.06749560389738396,69037.2950273217,1000000.0,754.2046911531789,1000000.0,68283.09033616852,90536549.47672585
2002,2002-04-30,1294.0,-0.12007729974170023,60083.84123058282,1000000.0,772.7975270479135,1000000.0,59311.0437035349,76748490.55237417
2002,2002-05-31,1219.3,-0.05326243868864977,56151.99287471555,1000000.0,820.1427048306406,1000000.0,55331.85016988491,67466124.91214067
2002,2002-06-30,1205.0,-0.13115855462372805,48074.604676946125,1000000.0,829.8755186721992,1000000.0,47244.72915827393,56929898.63572008
2002,2002-07-31,1183.0,-0.08620667225992595,43171.91827571764,1000000.0,845.30853761623,1000000.0,42326.60973810141,50072379.32017397
2002,2002-08-31,1201.9,-0.015094144792937692,41687.72576212034,1000000.0,832.0159747067144,1000000.0000000001,40855.70978741362,49104477.59349244
2002,2002-09-30,1227.7,-0.11792285923309442,36037.88767328429,1000000.0,814.5312372729494,1000000.0,35223.356436011345,43243714.69649113
2002,2002-10-31,1224.0,0.1848455147135295,41734.235886363975,1000000.0,816.9934640522875,1000000.0,40917.24242231169,50082704.72490951
2002,2002-11-30,1198.7,0.1291244836010903,46200.66022047331,1000000.0,834.2370901810294,1000000.0,45366.423130292285,54380731.40628137
2002,2002-12-31,1186.3,-0.12085123611022419,39883.834817097,1000000.0,842.9570934839417,1000000.0,39040.877723613055,46314193.24352217
2002,2003-01-31,1165.0,0.0028722124153548467,39153.01141731717,1000000.0,858.3690987124463,1000000.0,38294.642318604725,44613258.30117451
2002,2003-02-28,1193.7,0.02945952223856807,39422.78418560767,1000000.0,837.7314233056882,1000000.0,38585.05276230198,46058977.48235988
2002,2003-03-31,1252.0,0.003577061749658217,38723.07387864655,1000000.0,798.7220447284345,1000000.0,37924.35183391812,47481288.49606548
2002,2003-04-30,1215.5,0.08712931962160919,41228.67480629793,1000000.0,822.7067050596462,1000000.0,40405.968101238286,49113454.22705514
2002,2003-05-31,1210.0,0.08524569805552229,43850.40305763751,1000000.0,826.4462809917355,1000000.0,43023.95677664577,52058987.69974138
2002,2003-06-30,1196.0,0.00537113103689002,43255.04408621863,1000000.0,836.1204013377926,1000000.0,42418.923684880836,50733032.72711748
2002,2003-07-31,1181.0,0.06176927233114937,45039.109733966485,1000000.0,846.740050804403,1000000.0,44192.369683162084,52191188.59581442
2002,2003-08-31,1175.0,0.05000038437687393,46402.0051538451,1000000.0,851.063829787234,1000000.0,45550.941324057865,53522356.05576799
2002,2003-09-30,1150.2,-0.029050813858415014,44227.649406577075,1000000.0,869.414014953921,999999.9999999999,43358.23539162315,49870642.34744495
2002,2003-10-31,1184.0,0.08513225932126933,47049.419930695454,1000000.0,844.5945945945946,1000000.0,46204.82533610086,54706513.19794342
2002,2003-11-30,1202.1,0.005685777776605283,46467.53570516879,1000000.0,831.8775476249897,1000000.0,45635.6581575438,54858624.6711834
2002,2003-12-31,1192.0,0.030928251240138982,47047.089258549415,1000000.0,838.9261744966443,1000000.0,46208.16308405277,55080130.396190904
2002,2004-01-31,1174.0,0.01673077041227522,46981.26125178503,1000000.0,851.7887563884157,1000000.0,46129.472495396614,54156000.70959563
2002,2004-02-29,1179.0,-0.013488110283887522,45507.273083041146,1000000.0,848.1764206955047,1000000.0,44659.09666234564,52653074.96490551
2002,2004-03-31,1146.7,-0.01996183967938303,43767.618934545826,1000000.0,872.0676724513822,1000000.0,42895.55126209444,49188328.6322437
2002,2004-04-30,1173.6,-0.02985528521106573,41614.892344878725,1000000.0,852.0790729379687,1000000.0,40762.81327194076,47839237.65594967
2002,2004-05-31,1165.0,0.05119358221996517,42849.60770469494,1000000.0,858.3690987124463,1000000.0,41991.2386059825,48919792.97596961
2002,2004-06-30,1156.0,0.03255896821312487,43358.430008984426,1000000.0,865.0519031141869,1000000.0,42493.37810587024,49122345.090385996
2002,2004-07-31,1170.0,-0.07551737972851835,39284.38953550172,1000000.0,854.7008547008547,1000000.0,38429.68868080087,44962735.75653702
2002,2004-08-31,1152.0,-0.024935010695632753,37471.443982515266,1000000.0,868.0555555555555,1000000.0,36603.38842695971,42167103.467857584
2002,2004-09-30,1152.0,0.03292134649866174,37808.42126038876,1000000.0,868.0555555555555,1000000.0,36940.3657048332,42555301.29196785
2002,2004-10-31,1120.0,0.05008559055551598,38790.545736496504,1000000.0,892.8571428571429,1000000.0,37897.68859363936,42445411.22487608
2002,2004-11-30,1048.0,0.060162626352994186,40177.713072140614,1000000.0,954.1984732824427,1000000.0,39223.51459885817,41106243.299603365
2002,2004-12-31,1035.1,0.030223159679348965,40408.973143764735,1000000.0,966.0902328277461,1000000.0,39442.88291093699,40827328.101110876
2002,2005-01-31,1026.85,-0.06312523642952095,36953.04160172218,1000000.0,973.852071870283,1000000.0,35979.189529851894,36945230.76872841
2002,2005-02-28,1000.85,-0.004813367910944555,35806.008453507115,1000000.0,999.1507218863966,1000000.0,34806.857731620716,34836443.56069259
2002,2005-03-31,1015.4,-0.017463731458977283,34199.00011526486,1000000.0,984.8335631278314,1000000.0,33214.16655213703,33725664.71703994
2002,2005-04-30,997.0,-0.043478396762961724,31770.067840632124,1000000.0,1003.0090270812437,1000000.0,30767.05881355088,30674757.63711023
2002,2005-05-31,1005.0,0.0886225031947383,33493.712581547494,1000000.0,995.0248756218906,1000000.0,32498.687705925604,32661181.14445523
2002,2005-06-30,1034.5,-0.03324617288984544,31418.230715761307,1000000.0,966.6505558240696,1000000.0,30451.58015993724,31502159.675455075
2002,2005-07-31,1026.5,0.07612842708081313,32769.81105963856,1000000.0,974.184120798831,1000000.0,31795.626938839727,32638211.05271898
2002,2005-08-31,1039.0,-0.015159455846782244,31313.622536139625,1000000.0,962.4639076034649,1000000.0,30351.15862853616,31534853.81504907
2002,2005-09-30,1042.4,0.012313851270348897,30724.89828177072,1000000.0,959.3246354566385,1000000.0,29765.57364631408,31027633.9689178
2002,2005-10-31,1043.5,-0.014951915951138983,29320.521290916953,1000000.0,958.3133684714902,1000000.0,28362.207922445465,29595963.967071842
2002,2005-11-30,1037.4,0.060972513098958014,30091.523016512143,1000000.0,963.948332369385,1000000.0,29127.574684142757,30216945.977329697
2002,2005-12-31,1010.0,-0.017762015767102346,28610.210243345562,1000000.0,990.0990099009902,1000000.0,27620.11123344457,27896312.345779017
2002,2006-01-31,958.9,0.03934628525235939,28706.860008737578,1000000.0,1042.8616122640526,1000000.0,27663.998396473526,26527008.062378462
2002,2006-02-28,970.9,-0.02142842023292002,27071.202613511065,1000000.0,1029.9721907508497,999999.9999999999,26041.230422760214,25283430.617457893
2002,2006-03-31,971.4,0.020910348149997704,26585.761617154443,1000000.0,1029.4420424130121,1000000.0,25556.319574741432,24825408.834903825
2002,2006-04-30,942.8,-0.0019080787507040897,25507.556104414663,1000000.0,1060.6703436571913,999999.9999999999,24446.885760757472,23048523.895242143
2002,2006-05-31,945.3,-0.0724008931275455,22676.909397491556,1000000.0,1057.8652279699568,1000000.0000000001,21619.0441695216,20436482.45344877
2002,2006-06-30,948.5,-0.0006160625929714225,21605.725485112962,1000000.0,1054.2962572482868,1000000.0,20551.429227864675,19493030.622629646
2002,2006-07-31,954.9,-0.04307455719024722,19666.1855142477,1000000.0,1047.2300764477957,1000000.0000000001,18618.955437799905,17779240.54755513
2002,2006-08-31,961.1,0.04770918516925837,19507.25063044007,1000000.0,1040.4744563520965,999999.9999999999,18466.776174087972,17748418.58091595
2002,2006-09-30,946.0,0.04639542364195326,19323.550077985914,1000000.0,1057.0824524312895,999999.9999999999,18266.467625554626,17280078.373774678
2002,2006-10-31,942.2,0.0474783449949161,19133.729277319173,1000000.0,1061.3457864572276,999999.9999999999,18072.383490861946,17027799.725090127
2002,2006-11-30,929.0,0.034288262164122285,18692.054113927177,1000000.0,1076.4262648008612,1000000.0,17615.627849126315,16364918.271838346
2002,2006-12-31,930.0,-0.018787250215751117,17284.678641017224,1000000.0,1075.268817204301,1000000.0,16209.409823812923,15074751.136146018
2002,2007-01-31,941.0,0.021083396274696797,16551.159234507333,1000000.0,1062.6992561105208,1000000.0,15488.459978396811,14574640.8396714
2002,2007-02-28,942.3,-0.016790807416936948,15228.396229714615,1000000.0,1061.2331529236974,1000000.0,14167.163076790917,13349717.76726008
2002,2007-03-31,941.1,0.005248654870314562,14241.521626272457,1000000.0,1062.5863351397302,1000000.0000000001,13178.935291132726,12402696.002485009
2002,2007-04-30,931.0,0.05582335349085499,13914.627654522732,1000000.0,1074.1138560687432,999999.9999999999,12840.513798453989,11954518.346360663
2002,2007-05-31,927.4,0.03154908841038395,13245.620303516169,1000000.0,1078.2833728703904,1000000.0,12167.336930645779,11283988.269480895
2002,2007-06-30,922.6,0.0047927280080153345,12225.651667136244,1000000.0,1083.8933448948624,1000000.0,11141.758322241381,10279386.2280999
2002,2007-07-31,919.0,-0.001470339282330979,11125.376157305951,1000000.0,1088.139281828074,1000000.0,10037.236875477876,9224220.688564168
2002,2007-08-31,938.1,0.02819231142765566,10320.209783344499,1000000.0,1065.9844366272253,1000000.0,9254.225346717274,8681388.797755474
2002,2007-09-30,913.6,0.05252187345957138,9740.274599343917,1000000.0,1094.5709281961472,1000000.0000000001,8645.70367114777,7898714.873960603
2002,2007-10-31,903.2,0.07041426697281761,9254.484557615839,1000000.0,1107.1744906997342,1000000.0,8147.310066916105,7358650.452438626
2002,2007-11-30,920.9,-0.06759950006647364,7596.555979506028,1000000.0,1085.894233901618,1000000.0,6510.66174560441,5995668.4015271
2002,2007-12-31,935.8,-0.0007133633353075819,6506.017278226505,1000000.0,1068.604402650139,1000000.0000000001,5437.412875576367,5088330.968964363
2002,2008-01-31,943.4,-0.11889953181747881,4790.9070303720055,1000000.0,1059.99576001696,1000000.0000000001,3730.9112703550454,3519741.69245295
2002,2008-02-29,942.8,-0.04830458931575354,3550.6911336670287,1000000.0,1060.6703436571913,999999.9999999999,2490.0207900098376,2347591.600821275
2002,2008-03-31,988.6,0.018723236384891262,2536.6420378644852,1000000.0,1011.5314586283633,1000000.0,1525.1105792361218,1507724.31863283
2002,2008-04-30,1005.0,0.07982605635389328,1646.8541422801434,1000000.0,995.0248756218906,1000000.0,651.8292666582528,655088.412991544
2002,2008-05-31,1028.5,0.059309453662066414,690.4889043446991,1000000.0,690.4889043446991,710167.838118523,0.0,0.0
2010,2010-01-31,1158.7,-0.06469902817010309,80376.48535469401,1000000.0,863.0361612151548,1000000.0,79513.44919347885,92132233.58048394
2010,2010-02-28,1159.0,0.046038360707790105,83174.11804856878,1000000.0,862.8127696289905,1000000.0,82311.30527893979,95398802.81829122
2010,2010-03-31,1131.2,0.07710898183721238,88658.24622269081,1000000.0,884.016973125884,1000000.0,87774.22924956493,99290208.12710786
2010,2010-04-30,1108.0,0.0224254591310864,89742.60664036365,1000000.0,902.5270758122743,1000000.0,88840.07956455137,98434808.15752292
2010,2010-05-31,1194.5,-0.07392365838771775,82272.69587168381,1000000.0,837.1703641691084,1000000.0,81435.5255075147,97274735.2187263
2010,2010-06-30,1220.85,-0.05975660734218424,76569.21478605771,1000000.0,819.1014457140517,999999.9999999999,75750.11334034365,92479525.87155855
2010,2010-07-31,1182.0,0.07258239197171279,81248.23775871415,1000000.0,846.0236886632825,1000000.0,80402.21407005088,95035417.03080013
2010,2010-08-31,1198.0,-0.05129934027553451,76277.63353156496,1000000.0,834.7245409015025,999999.9999999999,75442.90899066346,90380604.97081482
2010,2010-09-30,1140.1,0.13172878433406332,85380.91167862894,1000000.0,877.1160424524165,1000000.0,84503.79563617652,96342777.40480484
2010,2010-10-31,1124.0,0.06337887248669127,89859.55092444317,1000000.0,889.6797153024911,1000000.0,88969.87120914068,100002135.23907413
2010,2010-11-30,1157.2,-0.0017250134229097602,88816.39698707036,1000000.0,864.1548565502937,1000000.0,87952.24213052007,101778334.59343784
2010,2010-12-31,1130.6,0.04757111865635899,92136.22867700386,1000000.0,884.486113568017,1000000.0,91251.74256343585,103169220.14222057
2010,2011-01-31,1119.1,0.028277254276120267,93832.0912910412,1000000.0,893.5751943526049,1000000.0,92938.51609668859,104007493.36380419
2010,2011-02-28,1123.7,0.03160762730666078,95876.08207590682,1000000.0,889.9172376968942,1000000.0,94986.16483820992,106735953.4286965
2010,2011-03-31,1097.25,-0.004482801815275939,94560.36068604709,1000000.0,911.369332421964,1000000.0,93648.99135362513,102756355.76276517
2010,2011-04-30,1068.4,0.028730632854513383,96339.58614140163,1000000.0,935.9790340696368,1000000.0,95403.60710733199,101929213.8334735
2010,2011-05-31,1078.0,-0.012186915254312258,94240.93143255923,1000000.0,927.643784786642,1000000.0,93313.28764777258,100591724.08429885
2010,2011-06-30,1066.3,-0.020254644694857382,91423.26016115792,1000000.0,937.822376441902,1000000.0,90485.437784716,96484622.30984268
2010,2011-07-31,1054.0,0.01665203490822109,91992.20445339277,1000000.0,948.7666034155598,1000000.0,91043.43784997721,95959783.49387598
2010,2011-08-31,1063.9,-0.050689525281595205,86428.48920535746,1000000.0,939.9379640943697,1000000.0,85488.55124126309,90951269.66557981
2010,2011-09-30,1180.9,-0.04490848548019477,81649.38987912194,1000000.0,846.8117537471419,999999.9999999999,80802.5781253748,95419764.50825511
2010,2011-10-31,1112.05,0.1040199946643452,89207.66187084162,1000000.0,899.2401420799425,1000000.0,88308.42172876168,98203380.38346942
2010,2011-11-30,1140.05,-0.026919661987948484,85931.1888651342,1000000.0,877.1545107670717,1000000.0,85054.03435436713,96965851.86569625
2010,2011-12-31,1158.5,-0.0061422491421602166,84531.61128481675,1000000.0,863.1851532153647,1000000.0,83668.42613160139,96929871.6734602
2010,2012-01-31,1125.7,0.08418416840283838,90711.98300706455,1000000.0,888.3361463977969,1000000.0,89823.64686066676,101114479.27105258
2010,2012-02-29,1117.1,0.06410049582776467,95581.38716149353,1000000.0,895.1750067138126,1000000.0,94686.21215477973,105773967.59810443
2010,2012-03-31,1131.4,0.05053056865756833,99470.76029899191,1000000.0,883.86070355312,1000000.0,98586.8995954388,111541218.20227946
2010,2012-04-30,1130.05,-0.011695132658748442,97433.91272625542,1000000.0,884.9165966107695,1000000.0,96548.99612964466,109105193.07630494
2010,2012-05-31,1180.0,-0.07040137918857192,89751.81364284558,1000000.0,847.457627118644,1000000.0,88904.35601572694,104907140.09855779
2010,2012-06-30,1141.17,0.036214272811905035,92123.9626186472,1000000.0,876.2936284690273,1000000.0,91247.66899017818,104129102.42152163
2010,2012-07-31,1130.27,0.009975084915844423,92157.87223672807,1000000.0,884.7443531191662,1000000.0,91273.1278836089,103163278.25300664
2010,2012-08-31,1133.2,0.05185205100425927,96005.82676594808,1000000.0,882.4567596187786,1000000.0,95123.37000632929,107793802.89117236
2010,2012-09-30,1111.21,0.00888410306109888,95968.45582898456,1000000.0,899.9199071282655,1000000.0,95068.5359218563,105641107.80172594
2010,2012-10-31,1090.17,-0.05279274931925093,90049.60653678553,1000000.0,917.2881293743177,1000000.0,89132.31840741122,97169379.5582075
2010,2012-11-30,1081.75,0.013087175409479901,90298.80869306263,1000000.0,924.428010168708,999999.9999999999,89374.38068289393,96680736.3037205
2010,2012-12-31,1063.24,-0.004669903056291003,88957.01098938877,1000000.0,940.5214250780633,1000000.0,88016.4895643107,93582652.36435771
2010,2013-01-31,1087.46,0.026715946120251743,90367.93335720453,1000000.0,919.5740532985121,1000000.0,89448.35930390602,97271512.80862564
2010,2013-02-28,1083.9,0.00343948062936672,89756.01520306044,1000000.0,922.5943352707814,1000000.0,88833.42086778965,96286544.87859721
2010,2013-03-31,1112.48,0.030247762859054728,91520.43311615716,1000000.0,898.8925643607076,1000000.0,90621.54055179645,100814651.43306252
2010,2013-04-30,1101.52,0.02537356249316991,92920.93187421479,1000000.0,907.8364441862154,1000000.0,92013.09543002857,101354264.87808506
2010,2013-05-31,1129.34,0.03577447964073199,95304.81603917085,1000000.0,885.4729310924965,1000000.0,94419.34310807835,106631540.94567719
2010,2013-06-30,1141.45,-0.023952342821937367,92157.77863293153,1000000.0,876.0786718647335,1000000.0,91281.6999610668,104193496.4205597
2010,2013-07-31,1122.66,0.06313987648083241,97045.21522156896,1000000.0,890.7416314823722,1000000.0000000001,96154.47359008658,107948781.3206466
2010,2013-08-31,1109.42,-0.003959004804243493,95773.79756719392,1000000.0,901.3718880135566,1000000.0,94872.42567918036,105253366.49699628
2010,2013-09-30,1073.33,0.048321646181734845,99456.81746525265,1000000.0,931.6799120494163,1000000.0,98525.13755320324,105749985.88997963
2010,2013-10-31,1060.83,0.04956923570908511,103408.953319848,1000000.0,942.6581073310522,1000000.0,102466.29521251695,108699319.95029435
2010,2013-11-30,1057.76,0.035511225461545726,106104.99892401794,1000000.0,945.3940402359704,1000000.0,105159.60488378197,111233623.66186921
2010,2013-12-31,1055.25,0.029271131652302218,108237.74552283924,1000000.0,947.6427386875148,1000000.0,107290.10278415172,113217880.9629761
2010,2014-01-31,1080.36,-0.019213090544717426,105228.72832480777,1000000.0,925.6173867969936,1000000.0,104303.11093801078,112684908.93298931
2010,2014-02-28,1066.01,0.05152423432483122,109677.24886678971,1000000.0,938.0775039633775,1000000.0,108739.17136282634,115917044.0644865
2010,2014-03-31,1064.65,-0.027336021426412116,105766.67504456182,1000000.0,939.2758183440567,1000000.0,104827.39922621776,111604490.58619276
2010,2014-04-30,1032.85,-0.003193579200831076,104492.6246243717,1000000.0,968.1948007939199,1000000.0,103524.42982357778,106925207.3432823
2010,2014-05-31,1020.3,0.04485613196218363,108168.135309054,1000000.0,980.1038910124473,1000000.0,107188.03141804156,109363948.4558278
2010,2014-06-30,1011.6,0.031238220242152392,110536.39475080109,1000000.0,988.5330170027679,1000000.0,109547.86173379832,110818616.92991038
2010,2014-07-31,1027.75,0.01181960292441131,110842.67396071012,1000000.0,972.9992702505473,1000000.0,109869.67469045958,112918558.16311984
2010,2014-08-31,1013.85,0.05009507794122281,115373.60460745495,1000000.0,986.3392020515855,1000000.0,114387.26540540336,115971529.03126821
2010,2014-09-30,1054.55,-0.007566303135508545,113521.7766805042,1000000.0,948.2717746906263,1000000.0,112573.50490581358,118714389.5984257
2010,2014-10-31,1073.07,0.02641958265016897,115547.64992289193,1000000.0,931.9056538716021,1000000.0,114615.74426902033,122990716.70275764
2010,2014-11-30,1112.06,0.04546352532047537,119826.58006072007,1000000.0,899.232055824326,1000000.0,118927.34800489574,132254346.62232435
2010,2014-12-31,1090.89,-0.022406113470499256,116262.6483507525,1000000.0,916.6827086140673,1000000.0,115345.96564213843,125829760.4593524
2010,2015-01-31,1104.3,-0.020823229749562522,112944.09009888704,1000000.0,905.5510278004166,1000000.0,112038.53907108662,123724158.69620095
2010,2015-02-28,1100.65,0.0722057857294367,120128.36981669262,1000000.0,908.554036251306,1000000.0,119219.8157804413,131219290.23874274
2010,2015-03-31,1107.71,-0.023589912228446752,116407.4307902891,1000000.0,902.7633586407994,1000000.0,115504.6674316483,127945675.16071114
2010,2015-04-30,1076.74,0.019223414240957526,117725.0615004509,1000000.0,928.7293125545629,1000000.0,116796.33218789633,125759282.7199955
2010,2015-05-31,1111.99,0.02248473186235489,119422.46639964772,1000000.0,899.2886626678297,1000000.0,118523.1777369799,131796588.41174427
2010,2015-06-30,1117.34,-0.024840929023894787,115578.95189112911,1000000.0,894.9827268333722,1000000.0,114683.96916429573,128140986.10603419
2010,2015-07-31,1159.7,0.0455777199442049,119911.00299295584,1000000.0,862.2919720617401,1000000.0000000001,119048.7110208941,138060790.1709309
2010,2015-08-31,1182.54,-0.06824512987372644,110924.21627597345,1000000.0,845.6373568758773,1000000.0,110078.57891909758,130172322.71498965
2010,2015-09-30,1184.62,-0.022072809559275375,107648.83541006067,1000000.0,844.1525552497848,999999.9999999999,106804.68285481088,126522963.40346605
2010,2015-10-31,1140.5,0.11369901249832637,118948.2698255998,1000000.0,876.8084173608066,1000000.0,118071.46140823899,134660501.73609656
2010,2015-11-30,1149.39,0.0060881999781683405,118790.30407700693,1000000.0,870.0267098199914,1000000.0,117920.27736718694,135536387.603071
2010,2015-12-31,1169.26,-0.015947590049765092,116039.73312518044,1000000.0,855.2417768503155,1000000.0,115184.49134833012,134680618.35394847
2010,2016-01-31,1210.04,-0.06910414597679349,107224.76544393241,1000000.0,826.4189613566494,1000000.0000000001,106398.34648257575,128746255.17777596
2010,2016-02-29,1238.09,-0.015653703414327702,104732.81832296263,1000000.0,807.6957248665283,999999.9999999999,103925.1225980961,128668655.0374768
2010,2016-03-31,1138.86,0.06852620858673664,111046.71722665541,1000000.0,878.07105350965,1000000.0,110168.64617314577,125466664.38074878
2010,2016-04-30,1144.09,-0.03186802000275668,106657.78955322334,1000000.0,874.0571108916257,1000000.0,105783.73244233172,121026110.44994728
2010,2016-05-31,1188.99,0.043700387963335086,110406.52259027126,1000000.0,841.0499667785263,999999.9999999999,109565.47262349272,130272251.29460661
2010,2016-06-30,1154.15,-0.02278057185388571,107069.5085016883,1000000.0,866.4385045271412,1000000.0,106203.06999716115,122574273.23722355
2010,2016-07-31,1112.89,0.07150827616707334,113797.46845630917,1000000.0,898.5614031934872,1000000.0,112898.90705311569,125644064.67034194
2010,2016-08-31,1115.98,0.010501109797824038,114084.47087213479,1000000.0,896.0734063334468,999999.9999999999,113188.39746580133,126315987.80388497
2010,2016-09-30,1097.98,0.022135291958266468,115693.85568999515,1000000.0,910.7634018834588,1000000.0000000001,114783.09228811169,126029539.67050087
2010,2016-10-31,1145.37,-0.014572230415798249,113110.44661945148,1000000.0,873.0803146581455,1000000.0000000001,112237.36630479334,128553312.24452113
2010,2016-11-30,1175.87,0.004359458341048228,112726.66042750805,1000000.0,850.4341466318557,1000000.0000000001,111876.22628087619,131551898.19689387
2010,2016-12-31,1203.73,0.01132204180865859,113142.89359222322,1000000.0,830.7510820532843,1000000.0,112312.14251016994,135193495.30376688
2010,2017-01-31,1151.45,0.05140118347386324,118085.11955367787,1000000.0,868.4701897607364,1000000.0,117216.64936391714,134969110.9100824
2010,2017-02-28,1129.17,0.04375055240926162,122344.94252515124,1000000.0,885.6062417527918,1000000.0,121459.33628339846,137148238.75112504
2010,2017-03-31,1117.48,0.02026888422415629,123921.18150846953,1000000.0,894.8706017109926,1000000.0,123026.31090675853,137479441.91208452
2010,2017-04-30,1136.99,0.027270175577109868,126381.26000578994,1000000.0,879.515211215578,1000000.0,125501.74479457436,142694228.8139831
2010,2017-05-31,1119.58,0.03897288334652971,130392.90965423925,1000000.0,893.192089890852,1000000.0,129499.7175643484,144985293.79069316
2010,2017-06-30,1143.75,-0.02317895248056867,126498.0497646773,1000000.0,874.3169398907104,1000000.0,125623.7328247866,143682144.41834965
2010,2017-07-31,1121.86,0.04061302952318302,130725.6931948121,1000000.0,891.3768206371562,1000000.0,129834.31637417494,145655926.16753188
2010,2017-08-31,1122.36,0.02073560507371819,132526.50948352602,1000000.0,890.9797213015432,1000000.0,131635.52976222447,147742453.18393025
2010,2017-09-30,1142.57,-0.0029523301853841,131246.89821423843,1000000.0,875.2198989996238,1000000.0,130371.67831523881,148958768.4926424
2010,2017-10-31,1115.68,0.0460637270093025,136377.08371489658,1000000.0,896.3143553707156,1000000.0,135480.76935952588,151153184.75903583
2010,2017-11-30,1084.79,0.01971774714002339,138152.14491209283,1000000.0,921.8374063182736,1000000.0,137230.30750577454,148866065.27918917
2010,2017-12-31,1067.42,0.006030821027316335,138057.91892986547,1000000.0,936.8383579097261,1000000.0,137121.08057195574,146365783.824117
2010,2018-01-31,1068.33,0.0875711800247394,149128.93540390927,1000000.0,936.0403620604121,1000000.0,148192.89504184885,158318915.5600584
2010,2018-02-28,1082.12,-0.012928036423178524,146277.05189709156,1000000.0,924.1119284367724,1000000.0,145352.9399686548,157289323.39888072
2010,2018-03-31,1060.99,-0.04078872151253454,139424.17937924518,1000000.0,942.515952082489,1000000.0,138481.66342716268,146927660.07958534
2010,2018-04-30,1069.07,0.005058566449112956,139182.18212359268,1000000.0,935.3924438998382,1000000.0,138246.78967969283,147795495.4428692
2010,2018-05-31,1080.75,0.05672894389450822,146089.384055028,1000000.0,925.2833680314596,1000000.0,145164.10068699653,156886101.8174715
2010,2018-06-30,1111.79,0.011450835948016325,146826.35098950466,1000000.0,899.4504357837361,999999.9999999999,145926.90055372092,162240068.76662138
2010,2018-07-31,1112.75,0.027963874457256788,150007.58208074176,1000000.0,898.6744551786115,1000000.0,149108.90762556315,165920936.9603454
2010,2018-08-31,1116.5,0.05780667612635959,157728.39795622934,1000000.0,895.6560680698611,1000000.0,156832.74188815948,175103756.31813005
2010,2018-09-30,1109.76,-0.002816327369755789,156391.049544706,1000000.0,901.0957324106113,1000000.0,155489.9538122954,172556531.14273295
2010,2018-10-31,1140.78,-0.08595701519513466,142124.50148976114,1000000.0,876.5932081558233,1000000.0,141247.9082816053,161132788.8094897
2010,2018-11-30,1118.61,-0.0026501792629536336,140873.57600414183,1000000.0,893.966619286436,1000000.0,139979.6093848554,156582590.8539931
2010,2018-12-31,1112.85,-0.08660690781038183,127856.40825952798,1000000.0,898.593700858157,1000000.0,126957.81455866982,141285003.9316157
2010,2019-01-31,1111.82,0.09010769266311813,138397.69029410358,1000000.0,899.4261661060244,1000000.0,137498.26412799757,152873320.02279025
2010,2019-02-28,1124.65,0.029911813266471077,141611.08652905814,1000000.0,889.1655181612057,1000000.0,140721.92101089694,158262908.46490526
2010,2019-03-31,1136.3,0.039245929228307386,146244.68356376205,1000000.0,880.0492827598346,1000000.0,145364.63428100222,165177833.93350282
2010,2019-04-30,1165.1,0.0549923533063692,153358.57760763424,1000000.0,858.2954252853833,1000000.0,152500.28218234886,177678078.77065465
2010,2019-05-31,1190.5,-0.0822515813986332,139956.89280911288,1000000.0,839.9832003359933,1000000.0,139116.90960877688,165618680.88924888
2010,2019-06-30,1154.58,0.0759001976993221,149675.9105514018,1000000.0,866.1158170070503,1000000.0,148809.79473439473,171812812.80443746
2010,2019-07-31,1182.74,0.023348105072865444,152284.22145772493,1000000.0,845.4943605526151,1000000.0,151438.72709717232,179112640.0869096
2010,2019-08-31,1211.32,-0.0189952381345041,148562.11241317535,1000000.0,825.5456856982465,999999.9999999999,147736.5667274771,178956258.00832754
2010,2019-09-30,1195.85,0.009178760450034185,149092.6052831791,1000000.0,836.225279090187,1000000.0,148256.3800040889,177292392.0278897
2010,2019-10-31,1169.1,0.04380064073382095,154750.10444114482,1000000.0,855.3588230262595,999999.9999999999,153894.74561811856,179918347.1021424
2010,2019-11-30,1181.33,0.04069438099294276,160157.39702911428,1000000.0,846.503517222114,999999.9999999999,159310.89351189215,188198737.83240354
2010,2019-12-31,1155.46,0.03886370645587456,165502.30531256142,1000000.0,865.4561819535077,1000000.0,164636.8491306079,190231293.69645223
2016,2016-01-31,1210.04,-0.06910414597679349,79614.10242573993,1000000.0,826.4189613566494,1000000.0000000001,78787.68346438327,95336248.49924234
2016,2016-02-29,1238.09,-0.015653703414327702,77554.36443472988,1000000.0,807.6957248665283,999999.9999999999,76746.66870986336,95019283.06299472
2016,2016-03-31,1138.86,0.06852620858673664,82005.82693821263,1000000.0,878.07105350965,1000000.0,81127.75588470299,92393156.06685284
2016,2016-04-30,1144.09,-0.03186802000275668,78542.37493739052,1000000.0,874.0571108916257,1000000.0,77668.3178264989,88859545.74211912
2016,2016-05-31,1188.99,0.043700387963335086,81062.45344797651,1000000.0,841.0499667785263,999999.9999999999,80221.40348119798,95382446.52510959
2016,2016-06-30,1154.15,-0.02278057185388571,78393.914034975,1000000.0,866.4385045271412,1000000.0,77527.47553044785,89478335.8834664
2016,2016-07-31,1112.89,0.07150827616707334,83071.33166121512,1000000.0,898.5614031934872,1000000.0,82172.77025802164,91449254.29244971
2016,2016-08-31,1115.98,0.010501109797824038,83035.6755408925,1000000.0,896.0734063334468,999999.9999999999,82139.60213455904,91666153.1901252
2016,2016-09-30,1097.98,0.022135291958266468,83957.78620914335,1000000.0,910.7634018834588,1000000.0000000001,83047.02280725988,91183970.10191521
2016,2016-10-31,1145.37,-0.014572230415798249,81836.84245556644,1000000.0,873.0803146581455,1000000.0000000001,80963.7621409083,92733464.24333212
2016,2016-11-30,1175.87,0.004359458341048228,81316.72028909612,1000000.0,850.4341466318557,1000000.0000000001,80466.28614246426,94617891.88633944
2016,2016-12-31,1203.73,0.01132204180865859,81377.32879835673,1000000.0,830.7510820532843,1000000.0,80546.57771630344,96956331.99444593
2016,2017-01-31,1151.45,0.05140118347386324,84686.76713569093,1000000.0,868.4701897607364,1000000.0,83818.2969459302,96512578.01839133
2016,2017-02-28,1129.17,0.04375055240926162,87485.39373931817,1000000.0,885.6062417527918,1000000.0,86599.78749756538,97785882.04862592
2016,2017-03-31,1117.48,0.02026888422415629,88355.06856419008,1000000.0,894.8706017109926,1000000.0,87460.19796247908,97735022.01911113
2016,2017-04-30,1136.99,0.027270175577109868,89845.25291692467,1000000.0,879.515211215578,1000000.0,88965.73770570909,101153154.11401418
2016,2017-05-31,1119.58,0.03897288334652971,92432.98902315165,1000000.0,893.192089890852,1000000.0,91539.79693326079,102486125.8505401
2016,2017-06-30,1143.75,-0.02317895248056867,89418.00033006383,1000000.0,874.3169398907104,1000000.0,88543.68339017313,101271837.87751052
2016,2017-07-31,1121.86,0.04061302952318302,92139.7106177896,1000000.0,891.3768206371562,1000000.0,91248.33379715245,102367855.75367343
2016,2017-08-31,1122.36,0.02073560507371819,93140.42321040502,1000000.0,890.9797213015432,1000000.0,92249.44348910348,103537085.39443018
2016,2017-09-30,1142.57,-0.0029523301853841,91977.0926725057,1000000.0,875.2198989996238,1000000.0,91101.87277350608,104090266.77482484
2016,2017-10-31,1115.68,0.0460637270093025,95298.36457098108,1000000.0,896.3143553707156,1000000.0,94402.05021561036,105322479.38455218
2016,2017-11-30,1084.79,0.01971774714002339,96263.44597126155,1000000.0,921.8374063182736,1000000.0,95341.60856494328,103425623.55516481
2016,2017-12-31,1067.42,0.006030821027316335,95916.5967426549,1000000.0,936.8383579097261,1000000.0,94979.75838474518,101383293.6950447
2016,2018-01-31,1068.33,0.0875711800247394,103297.24790496194,1000000.0,936.0403620604121,1000000.0,102361.20754290152,109355548.85430798
2016,2018-02-28,1082.12,-0.012928036423178524,101037.87812346636,1000000.0,924.1119284367724,1000000.0,100113.76619502959,108335108.67496541
2016,2018-03-31,1060.99,-0.04078872151253454,96030.25366612953,1000000.0,942.515952082489,1000000.0,95087.73771404705,100887138.83722678
2016,2018-04-30,1069.07,0.005058566449112956,95568.74535376938,1000000.0,935.3924438998382,1000000.0,94633.35290986954,101169678.59535423
2016,2018-05-31,1080.75,0.05672894389450822,100001.80307764273,1000000.0,925.2833680314596,1000000.0,99076.51970961127,107076948.67616238
2016,2018-06-30,1111.79,0.011450835948016325,100211.02868310643,1000000.0,899.4504357837361,999999.9999999999,99311.57824732269,110413619.57959089
2016,2018-07-31,1112.75,0.027963874457256788,102088.71475358286,1000000.0,898.6744551786115,1000000.0,101190.04029840424,112599217.34204933
2016,2018-08-31,1116.5,0.05780667612635959,107039.50018514738,1000000.0,895.6560680698611,1000000.0,106143.84411707752,118509601.95671704
2016,2018-09-30,1109.76,-0.002816327369755789,105844.9083037595,1000000.0,901.0957324106113,1000000.0,104943.81257134888,116462445.43918014
2016,2018-10-31,1140.78,-0.08595701519513466,95923.15567951808,1000000.0,876.5932081558233,1000000.0,95046.56247136225,108427217.53608063
2016,2018-11-30,1118.61,-0.0026501792629536336,94794.67204248562,1000000.0,893.966619286436,1000000.0,93900.70542319918,105038268.09344482
2016,2018-12-31,1112.85,-0.08660690781038183,85768.25568528235,1000000.0,898.593700858157,1000000.0,84869.6619844242,94447203.33936645
2016,2019-01-31,1111.82,0.09010769266311813,92517.07140293941,1000000.0,899.4261661060244,1000000.0,91617.64523683338,101862330.32721609
2016,2019-02-28,1124.65,0.029911813266471077,94358.09513307134,1000000.0,889.1655181612057,1000000.0,93468.92961491014,105119831.6914087
2016,2019-03-31,1136.3,0.039245929228307386,97137.20461162255,1000000.0,880.0492827598346,1000000.0,96257.15532886272,109377005.6001867
2016,2019-04-30,1165.1,0.0549923533063692,101550.5628229736,1000000.0,858.2954252853833,1000000.0,100692.26739768822,117316560.74504654
2016,2019-05-31,1190.5,-0.0822515813986332,92410.16916961432,1000000.0,839.9832003359933,1000000.0,91570.18596927833,109014306.39642586
2016,2019-06-30,1154.58,0.0759001976993221,98520.38118771026,1000000.0,866.1158170070503,1000000.0,97654.2653707032,112749661.71170649
2016,2019-07-31,1182.74,0.023348105072865444,99934.30741939186,1000000.0,845.4943605526151,1000000.0,99088.81305883924,117196302.75721152
2016,2019-08-31,1211.32,-0.0189952381345041,97206.59745832122,1000000.0,825.5456856982465,999999.9999999999,96381.05177262297,116748295.63321365
2016,2019-09-30,1195.85,0.009178760450034185,97265.71035876623,1000000.0,836.225279090187,1000000.0,96429.48507967604,115315199.7325306
2016,2019-10-31,1169.1,0.04380064073382095,100653.15831179828,1000000.0,855.3588230262595,999999.9999999999,99797.79948877203,116673607.38232337
2016,2019-11-30,1181.33,0.04069438099294276,103859.00916342542,1000000.0,846.503517222114,999999.9999999999,103012.50564620331,121691763.29502934
2016,2019-12-31,1155.46,0.03886370645587456,107015.95342692148,1000000.0,865.4561819535077,1000000.0,106150.49724496798,122652653.5466707
2016,2020-01-31,1191.3,0.03038413449169175,109375.78822961904,1000000.0,839.4191219675985,1000000.0,108536.36910765144,129299376.51794516
2016,2020-02-29,1214.92,-0.06057419407213793,101961.86602143936,1000000.0,823.0994633391499,1000000.0000000001,101138.76655810021,122875510.26676711
2016,2020-03-31,1218.92,-0.07285851688638811,93769.9460269584,1000000.0,820.3983854559774,1000000.0,92949.54764150242,113298062.61118013
2016,2020-04-30,1203.95,0.14973751713154093,106867.58212384087,1000000.0,830.5992773786287,1000000.0000000001,106036.98284646224,127663225.49799822
2016,2020-05-31,1236.61,0.06600861444661477,113036.33716425666,1000000.0,808.6623915381568,1000000.0,112227.67477271851,138781864.90069142
2016,2020-06-30,1200.5,0.06286679498602865,119283.06899441371,1000000.0,832.9862557267805,1000000.0,118450.08273868694,142199324.32779366
2016,2020-07-31,1192.68,0.07346534629472656,127152.05908572358,1000000.0,838.4478653117349,1000000.0,126313.61122041184,150651717.8303608
2016,2020-08-31,1187.48,0.10944733955296182,140138.29991781307,1000000.0,842.1194462222521,1000000.0,139296.1804715908,165411428.38640466
2016,2020-09-30,1165.97,-0.0577858700339724,131246.82949063068,1000000.0,857.6549996998207,999999.9999999999,130389.17449093086,152029865.78119066
2016,2020-10-31,1133.99,-0.030449494980492764,126418.88997675867,1000000.0,881.8419915519537,1000000.0,125537.04798520672,142357757.04474458
2016,2020-11-30,1105.79,0.11225760286393172,139629.5360626404,1000000.0,904.33084039465,999999.9999999999,138725.20522224574,153400944.6827071
2016,2020-12-31,1086.11,0.049024501553019295,145526.13926110664,1000000.0,920.7170544419995,1000000.0,144605.42220666463,157057395.1128805
2016,2021-01-31,1118.35,0.0026136546425223894,144983.370839749,1000000.0,894.1744534358654,1000000.0,144089.19638631312,161142152.77863327
2016,2021-02-28,1123.36,-0.0013353873540240535,143896.78149560734,1000000.0,890.1865831078195,1000000.0,143006.5949124995,160647888.46090543
2016,2021-03-31,1126.72,0.01716771185778243,145461.69092771993,1000000.0,887.5319511502414,1000000.0,144574.15897656968,162894596.4020806
2016,2021-04-30,1115.58,0.05909839614532708,153118.2598961445,1000000.0,896.3947005145307,1000000.0,152221.86519562997,169815668.37494087
2016,2021-05-31,1114.48,-0.012012241098028897,150393.3394505084,1000000.0,897.2794487115067,1000000.0,149496.0600017969,166610368.9508026
2016,2021-06-30,1130.42,0.06262137029860093,158857.7081333513,1000000.0,884.6269528139983,1000000.0,157973.0811805373,178575930.42810297
2016,2021-07-31,1151.86,0.028609218854344753,162492.56763312645,1000000.0,868.1610612400814,1000000.0,161624.4065718864,186168688.95389304
2016,2021-08-31,1158.32,0.042186576005840415,168442.78688413012,1000000.0,863.319290006216,1000000.0,167579.4675941239,194110648.9036256
2016,2021-09-30,1183.7,-0.05683134667782741,158055.7007751965,1000000.0,844.8086508405846,1000000.0,157210.89212435592,186090533.0076001
2016,2021-10-31,1174.94,0.07863993882120246,169573.94706304194,1000000.0,851.1072905850511,1000000.0,168722.83977245688,198239213.3622505
2016,2021-11-30,1187.45,0.019968607975045183,172092.00001630944,1000000.0,842.1407217145985,1000000.0,171249.85929459485,203350645.41936666
2016,2021-12-31,1188.59,0.011523355778076283,173223.23235019197,1000000.0,841.3330080179036,1000000.0,172381.89934217406,204891401.73911464
2016,2022-01-31,1206.78,-0.08747033546384697,157303.596778819,1000000.0,828.6514526259965,1000000.0,156474.945326193,188830834.5207432
2016,2022-02-28,1202.28,-0.044759607607834595,149471.18817293525,1000000.0,831.7530026283395,1000000.0,148639.4351703069,178706220.11655658
2016,2022-03-31,1211.55,0.04667888385914942,155577.75810151125,1000000.0,825.388964549544,1000000.0,154752.3691369617,187490232.82788596
2016,2022-04-30,1255.87,-0.13595736009093118,133712.6455612831,1000000.0,796.2607594735125,1000000.0000000001,132916.3848018096,166925700.1810486
2016,2022-05-31,1236.93,-0.01586610799647803,130807.51908604265,1000000.0,808.4531865182346,1000000.0,129999.06589952442,160799744.58309874
2016,2022-06-30,1298.95,-0.08907881696847586,118418.90290218785,1000000.0,769.852573232226,999999.9999999999,117649.05032895562,152820233.9247969
2016,2022-07-31,1299.08,0.12551739419652685,132416.05255594218,1000000.0,769.7755334544447,1000000.0,131646.27702248775,171019045.55437338
2016,2022-08-31,1338.66,-0.0513219247602793,124889.93669816875,1000000.0,747.0156723888067,1000000.0,124142.92102577994,166185162.6603706
2016,2022-09-30,1431.67,-0.10535532130862013,111063.80369291824,1000000.0,698.4849860652245,1000000.0,110365.31870685302,158006715.83304027
2016,2022-10-31,1424.6,0.03999865914667544,114779.78347142265,1000000.0,701.9514249613927,1000000.0,114077.83204646126,162515279.5333887
2016,2022-11-30,1316.84,0.05544133315528943,120402.45913858227,1000000.0,759.3937000698643,1000000.0,119643.0654385124,157550774.29205066
2016,2022-12-31,1260.18,-0.09013657198237723,108858.84965842166,1000000.0,793.5374311606278,1000000.0,108065.31222726103,136181745.16254982
2016,2023-01-31,1231.95,0.10642915116118612,119566.61167757698,1000000.0,811.7212549210601,1000000.0,118754.89042265591,146300087.25619096
2016,2023-02-28,1323.45,-0.0035979032613351336,118327.62181510474,1000000.0,755.600891609052,1000000.0,117572.02092349569,155600691.09120038
2016,2023-03-31,1303.8,0.09492731799690435,128732.81754123906,1000000.0,766.9888019634914,1000000.0,127965.82873927556,166841847.51026747
2016,2023-04-30,1338.41,0.005078958165905423,128615.76183010776,1000000.0,747.1552065510568,1000000.0,127868.6066235567,171140621.79103452
2016,2023-05-31,1324.55,0.07883813307617826,137949.52884881015,1000000.0,754.9733871881017,1000000.0000000001,137194.55546162205,181721048.43669146
2016,2023-06-30,1317.8,0.06303846434612481,145843.08955457195,1000000.0,758.8404917286387,1000000.0,145084.24906284333,191192023.41501492
2016,2023-07-31,1273.85,0.03860098372613141,150684.64379983614,1000000.0,785.021784354516,1000000.0000000001,149899.6220154816,190949633.50442123
2016,2023-08-31,1322.43,-0.014830129381955603,147676.5912266858,1000000.0,756.1836921424953,1000000.0,146920.4075345433,194291954.5359061
2016,2023-09-30,1347.86,-0.050798551401093794,139457.06366053017,1000000.0,741.9168162865581,1000000.0000000001,138715.1468442436,186968597.82548216
2016,2023-10-31,1351.03,-0.02065490808934567,135849.99823557565,1000000.0,740.176013856095,1000000.0,135109.82222171954,182537423.11620975
2016,2023-11-30,1289.95,0.10818825279299227,149727.11782305918,1000000.0,775.2238458854994,1000000.0,148951.89397717366,192140495.63585517
2016,2023-12-31,1290.97,0.05586980903310068,157273.807848797,1000000.0,774.6113387607768,1000000.0,156499.1965100362,202035767.71856144
2016,2024-01-31,1334.9,0.018191946273549142,159346.2214848004,1000000.0,749.1197842535021,1000000.0,158597.1017005469,211711271.06006005
2016,2024-02-29,1336.19,0.0528335765184631,166976.3538088492,1000000.0,748.3965603694085,999999.9999999999,166227.9572484798,222112134.19584623
2016,2024-03-31,1347.08,0.012749660149962372,168347.30721082038,1000000.0,742.3464085280756,1000000.0,167604.9608022923,225777290.5975519
2016,2024-04-30,1381.92,-0.04373783648549667,160274.28243256357,1000000.0,723.6308903554475,1000000.0,159550.65154220813,220486236.37920827
2016,2024-05-31,1385.43,0.06151831575228961,169365.93890226522,1000000.0,721.7975646550168,1000000.0,168644.1413376102,233644652.7333653
2016,2024-06-30,1376.55,0.06470117240529549,179555.61500143792,1000000.0,726.453815698667,1000000.0,178829.16118573927,246167281.83022937
2016,2024-07-31,1369.29,-0.016781086186569594,175828.21361920945,1000000.0,730.3054867851222,999999.9999999999,175097.90813242432,239759814.6266473
2016,2024-08-31,1336.0,0.011038753470435925,177030.7707734872,1000000.0,748.502994011976,1000000.0,176282.26777947522,235513109.7533789
2016,2024-09-30,1314.94,0.0262159630857568,180903.67720425545,1000000.0,760.4909729721508,1000000.0,180143.1862312833,236877481.30296367
2016,2024-10-31,1377.57,-0.008646355910430614,178585.60412828863,1000000.0,725.915924417634,1000000.0,177859.688203871,245014170.67900655
2016,2024-11-30,1396.99,0.05350834445148278,187376.66566431706,1000000.0,715.8247374712776,1000000.0,186660.8409268458,260763328.1663943
2016,2024-12-31,1477.86,0.004540254730310611,187508.32869282766,1000000.0,676.654080900762,1000000.0,186831.6746119269,276111058.64198226
2016,2025-01-31,1453.86,0.021634043053751384,190873.5991042858,1000000.0,687.82413712462,1000000.0,190185.77496716118,276503490.79375696
2016,2025-02-28,1459.04,-0.027034730431484078,185044.15380902108,1000000.0,685.3821690974888,1000000.0000000001,184358.7716399236,268986822.1735141
2016,2025-03-31,1474.44,-0.07586185742076401,170372.9727915085,1000000.0,678.2235967553783,1000000.0,169694.74919475312,250204726.0027118
2016,2025-04-30,1425.68,0.013968265440644778,172065.09049538907,1000000.0,701.419673419,1000000.0,171363.67082197007,244309758.2174663
2016,2025-05-31,1381.13,0.09178287448406452,187091.9211121515,1000000.0,724.0448038924648,999999.9999999999,186367.87630825903,257398265.0056258
2016,2025-06-30,1353.5,0.06385847533193134,198269.0447401544,1000000.0,738.8252678241596,1000000.0,197530.21947233024,267357152.05579898
2016,2025-07-31,1396.19,0.02423680480280166,202317.72084433568,1000000.0,716.2348963966222,999999.9999999999,201601.48594793904,281473978.66565305
2016,2025-08-31,1389.76,0.009539601296203015,203524.68374460447,1000000.0,719.548699055952,999999.9999999999,202805.13504554852,281850464.48090154
2016,2025-09-30,1404.63,0.053762214213215476,213708.3881594074,1000000.0,711.9312559179285,1000000.0,212996.45690348945,299181213.26034844
2016,2025-10-31,1428.37,0.04780380674246221,223178.49836613305,1000000.0,700.0987139186626,1000000.0,222478.39965221437,317781471.71123344
2016,2025-11-30,1467.65,-0.015610216675696953,219005.463627981,1000000.0,681.3613599972745,999999.9999999999,218324.10226798372,320423368.6936063
2016,2025-12-31,1444.55,-0.006699365349315034,216861.46934232928,1000000.0,692.2571042885328,1000000.0,216169.21223804075,312267235.53846174
