순위,자치구,동,단지기본일련번호,아파트,준공연도,세대수,valid_type_count,representative_area_sqm,start_price_per_sqm,end_price_per_sqm,cumulative_growth,annual_growth,valid_complex_count,전체중앙값대비,KB부동산링크
1,강남구,압구정동,92,현대(신현대),1982,1924,1,84.88,1767.2007540056552,7540.056550424129,3.2666666666666666,0.1561358587625148,4,0.042449030853170644,https://kbland.kr/se/c/92
2,송파구,오금동,1908,"현대(2,3,4차)",1984,1316,1,84.98,794.3045422452342,2971.287361732172,2.7407407407407405,0.14102657899605098,4,0.02733975108670683,https://kbland.kr/se/c/1908
3,송파구,신천동,2005,장미(1차),1979,2100,1,82.45,1124.9241964827168,3850.8186779866583,2.4231805929919137,0.13094889641123508,3,0.017262068501890937,https://kbland.kr/se/c/2005
4,송파구,방이동,1940,올림픽선수기자촌,1989,5540,1,84.58,1013.8330574603925,3452.3528020808703,2.405247813411079,0.1303550327165841,3,0.01666820480723996,https://kbland.kr/se/c/1940
5,송파구,문정동,1985,올림픽훼밀리타운,1988,4494,1,84.7,891.3813459268005,2981.1097992916175,2.3443708609271523,0.12831780932228076,4,0.014630981412936617,https://kbland.kr/se/c/1985
6,서초구,반포동,21363,래미안퍼스티지,2009,2444,1,84.76,1887.6828692779611,6075.979235488438,2.21875,0.12400624616571165,5,0.010319418256367507,https://kbland.kr/se/c/21363
7,강남구,개포동,136,개포주공5단지.,1983,940,1,83.17,1499.9398821690513,4809.426475892749,2.2064128256513023,0.12357467995893945,5,0.009887852049595303,https://kbland.kr/se/c/136
8,송파구,풍납동,1873,현대(풍납),1995,708,1,84.0,669.6428571428571,2125.0,2.1733333333333333,0.12241010861270851,8,0.008723280703364367,https://kbland.kr/se/c/1873
9,강남구,일원동,132,가람,1993,496,1,84.95,1200.7062978222484,3766.921718658034,2.1372549019607843,0.1211274359773511,6,0.007440608068006949,https://kbland.kr/se/c/132
10,송파구,송파동,24993,래미안송파파인탑,2012,794,2,87.01,907.9416159062176,2815.768302493966,2.1012658227848102,0.11983464476846839,5,0.006147816859124244,https://kbland.kr/se/c/24993
11,강남구,도곡동,13886,도곡렉슬,2006,3002,2,84.92,1407.2067828544511,4298.162976919453,2.0543933054393304,0.11813050447611162,9,0.004443676566767474,https://kbland.kr/se/c/13886
12,송파구,가락동,15139,래미안파크팰리스,2007,919,1,84.88,883.6003770028276,2697.9264844486333,2.0533333333333332,0.11809169571274092,8,0.0044048678033967725,https://kbland.kr/se/c/15139
13,서초구,서초동,1666,삼풍,1988,2390,1,79.47,1396.7534918837298,4215.42720523468,2.018018018018018,0.11679171340300076,8,0.0031048854936566173,https://kbland.kr/se/c/1666
14,강남구,대치동,29017,래미안대치팰리스1단지,2015,1278,1,84.97,1718.2535012357303,5119.453924914676,1.9794520547945202,0.11535633959757474,8,0.001669511688230596,https://kbland.kr/se/c/29017
15,송파구,잠실동,2000,잠실주공(5단지),1978,3930,1,82.61,1773.3930516886576,5205.1809708267765,1.9351535836177476,0.11368682790934415,8,0.0,https://kbland.kr/se/c/2000
16,강남구,역삼동,14175,개나리푸르지오,2006,332,1,84.68,1328.5309400094472,3867.5011809163907,1.911111111111111,0.11277120301816024,8,-0.0009156248911839082,https://kbland.kr/se/c/14175
17,서초구,잠원동,28490,래미안신반포팰리스,2016,843,1,84.42,1658.374792703151,4797.441364605544,1.8928571428571428,0.11207146900350473,9,-0.0016153589058394147,https://kbland.kr/se/c/28490
18,송파구,장지동,28686,위례2차아이파크,2016,495,1,90.05,843.9755691282621,2415.3248195446977,1.861842105263158,0.11087339806134922,8,-0.0028134298479949305,https://kbland.kr/se/c/28686
19,강남구,삼성동,15759,삼성동힐스테이트2단지,2009,926,1,84.23,1454.3511812893269,4095.9278166923896,1.8163265306122445,0.10909385901470237,5,-0.00459296889464178,https://kbland.kr/se/c/15759
20,강남구,청담동,62,청담자이,2011,708,1,82.95,1717.9023508137432,4822.182037371911,1.8070175438596494,0.10872671660343824,4,-0.004960111305905901,https://kbland.kr/se/c/62
21,송파구,거여동,1887,거여5단지(도시개발),1997,605,1,84.17,629.6780325531662,1722.7040513247,1.7358490566037736,0.10588307962462506,3,-0.007803748284719081,https://kbland.kr/se/c/1887
22,강남구,수서동,28948,강남데시앙포레,2014,787,1,84.81,1025.8224266006366,2770.899658059191,1.7011494252873565,0.10447238306380702,4,-0.009214444845537129,https://kbland.kr/se/c/28948
23,강남구,논현동,29686,아크로힐스논현,2014,368,1,84.01,1345.0779669087012,3511.4867277705034,1.610619469026549,0.10071366276078941,3,-0.012973165148554733,https://kbland.kr/se/c/29686
24,서초구,방배동,15968,방배서리풀e편한세상,2010,496,3,84.97,1341.6499941155703,3412.9692832764504,1.543859649122807,0.09786594718344532,10,-0.015820880725898823,https://kbland.kr/se/c/15968
25,송파구,마천동,24336,송파파크데일2단지,2011,889,1,84.13,629.9774159039582,1515.5117080708428,1.4056603773584904,0.09175058050666807,2,-0.02193624740267608,https://kbland.kr/se/c/24336
26,강남구,세곡동,25358,강남엘에이치1단지(e편한세상),2013,809,1,84.82,898.9625088422542,2151.6151850978545,1.3934426229508197,0.09119483606801615,5,-0.022491991841327996,https://kbland.kr/se/c/25358
27,서초구,우면동,26688,서초네이처힐3단지,2013,1251,1,84.61,1010.5188511996218,2393.334121262262,1.3684210526315788,0.0900486748398508,6,-0.02363815306949335,https://kbland.kr/se/c/26688
28,강남구,자곡동,26542,래미안강남힐즈,2014,1020,1,91.95,1087.547580206634,2446.9820554649264,1.25,0.08447177119769855,3,-0.029215056711645593,https://kbland.kr/se/c/26542
29,서초구,신원동,28960,서초포레스타5단지,2014,547,1,84.39,1013.1532172058301,2221.82723071454,1.192982456140351,0.08169174589537165,4,-0.0319950820139725,https://kbland.kr/se/c/28960
