자치구,동,법정동코드,단지기본일련번호,아파트
강남구,개포동,1168010300,12616,LG개포자이
강남구,개포동,1168010300,489992,YH빌리지
강남구,개포동,1168010300,141,개포6차우성
강남구,개포동,1168010300,150,개포더샵트리에
강남구,개포동,1168010300,39203,개포래미안포레스트
강남구,개포동,1168010300,351699,개포비버리하임(도)
강남구,개포동,1168010300,28654,개포상지리츠빌
강남구,개포동,1168010300,435295,개포자이르네
강남구,개포동,1168010300,48042,개포자이프레지던스
강남구,개포동,1168010300,136,개포주공5단지.
강남구,개포동,1168010300,144,개포주공6단지.
강남구,개포동,1168010300,145,개포주공7단지.
강남구,개포동,1168010300,151,개포현대
강남구,개포동,1168010300,25258,개포현대(200동)
강남구,개포동,1168010300,154,개포현대6차
강남구,개포동,1168010300,36392,경남
강남구,개포동,1168010300,722556,노블레스빌(도)
강남구,개포동,1168010300,38578,뉴현대파크빌
강남구,개포동,1168010300,148,대청
강남구,개포동,1168010300,128,대치
강남구,개포동,1168010300,1090438,대치푸르지오발라드(도시형)
강남구,개포동,1168010300,155,더샵그린.
강남구,개포동,1168010300,33681,디에이치아너힐즈
강남구,개포동,1168010300,50176,디에이치퍼스티어아이파크
강남구,개포동,1168010300,1077779,라온(도).
강남구,개포동,1168010300,32909,래미안블레스티지
강남구,개포동,1168010300,491390,런던빌개포
강남구,개포동,1168010300,1028526,롯데빌리지
강남구,개포동,1168010300,24683,리더스.
강남구,개포동,1168010300,149,쌍용개포
강남구,개포동,1168010300,662543,예가풍경채(도)
강남구,개포동,1168010300,140,우성(3차)
강남구,개포동,1168010300,142,우성(8차)
강남구,개포동,1168010300,19930,우찬현대(101)
강남구,개포동,1168010300,24384,우찬현대(102)
강남구,개포동,1168010300,24385,우찬현대(103)
강남구,개포동,1168010300,152,잠실전화국주택조합(220동)
강남구,개포동,1168010300,2308405,키스톤하우스(도시형)
강남구,개포동,1168010300,21247,포이동새롬
강남구,개포동,1168010300,30782,포이벨리
강남구,개포동,1168010300,153,포이현대빌라트
강남구,개포동,1168010300,33582,한림
강남구,개포동,1168010300,146,현대(1차)
강남구,개포동,1168010300,147,현대(2차)
강남구,개포동,1168010300,138,현대(3차)
강남구,논현동,1168010800,12,거평프리젠
강남구,논현동,1168010800,3,경남논현
강남구,논현동,1168010800,26868,골든캐슬
강남구,논현동,1168010800,21507,그랑디오스
강남구,논현동,1168010800,311735,기린힐스(도시형)
강남구,논현동,1168010800,432976,꿈꾸지오(도)
강남구,논현동,1168010800,2,논현(신동아)
강남구,논현동,1168010800,13563,논현e-편한세상
강남구,논현동,1168010800,25908,논현대우멤버스카운티
강남구,논현동,1168010800,342936,논현더라움
강남구,논현동,1168010800,20642,논현동2차한화꿈에그린아파트
강남구,논현동,1168010800,12337,논현동동부센트레빌
강남구,논현동,1168010800,12615,논현동양파라곤
강남구,논현동,1168010800,14802,논현동월드메르디앙
강남구,논현동,1168010800,12572,논현동한진로즈힐
강남구,논현동,1168010800,13425,논현동한화꿈에그린
강남구,논현동,1168010800,36289,논현두산위브(1단지)
강남구,논현동,1168010800,416789,논현두산위브(2단지)
강남구,논현동,1168010800,28260,논현라폴리움
강남구,논현동,1168010800,29183,논현멤버스카운티
강남구,논현동,1168010800,9,논현베르빌
강남구,논현동,1168010800,47302,논현빌라트.
강남구,논현동,1168010800,41818,논현아테나니케
강남구,논현동,1168010800,12227,논현아트빌
강남구,논현동,1168010800,20024,논현아펠바움1차
강남구,논현동,1168010800,25641,논현아펠바움2차
강남구,논현동,1168010800,1100359,논현알베로(도시형)
강남구,논현동,1168010800,30653,논현테크노빌
강남구,논현동,1168010800,341926,논현파크빌(도)
강남구,논현동,1168010800,46134,"논현팰리스(민간임대,도시형)"
강남구,논현동,1168010800,19954,논현프라임(192-3)
강남구,논현동,1168010800,11,논현한가람
강남구,논현동,1168010800,48405,논현힐스빌5차
강남구,논현동,1168010800,42842,논현힐스빌6차
강남구,논현동,1168010800,20326,더그레이스.
강남구,논현동,1168010800,34756,더클래식논현(도)
강남구,논현동,1168010800,1110808,도산포도더블랙(도)
강남구,논현동,1168010800,40809,동광팰리스(도)
강남구,논현동,1168010800,1,동현
강남구,논현동,1168010800,20606,두영
강남구,논현동,1168010800,38962,라디안
강남구,논현동,1168010800,29002,라이헤스빌
강남구,논현동,1168010800,23933,로체샤르캐슬
강남구,논현동,1168010800,433662,루시아도산208(도시형)
강남구,논현동,1168010800,23382,리더스빌
강남구,논현동,1168010800,1089833,리안빌리지(도)
강남구,논현동,1168010800,38040,리츠하우스
강남구,논현동,1168010800,27780,마블하우스
강남구,논현동,1168010800,650102,베스티움(도).
강남구,논현동,1168010800,25520,벨루스빌.
강남구,논현동,1168010800,27323,보노체아(도).
강남구,논현동,1168010800,24649,브라운스톤로얄스위트논현
강남구,논현동,1168010800,649931,브라이튼N40
강남구,논현동,1168010800,27620,비쥬힐
강남구,논현동,1168010800,27951,삼성빌라트
강남구,논현동,1168010800,722555,서진플로렌스190(도)
강남구,논현동,1168010800,28385,스위트캐슬
강남구,논현동,1168010800,23924,스위트케슬레지던스
강남구,논현동,1168010800,25300,신동아
강남구,논현동,1168010800,4,쌍용
강남구,논현동,1168010800,338436,아나하(도)
강남구,논현동,1168010800,379148,아츠논현(도)
강남구,논현동,1168010800,29686,아크로힐스논현
강남구,논현동,1168010800,34395,알파임하우스Ⅱ
강남구,논현동,1168010800,506064,엔트라움논현(도)
강남구,논현동,1168010800,15,예원베스트빌
강남구,논현동,1168010800,425547,요진보네르
강남구,논현동,1168010800,379071,우림빌(도).
강남구,논현동,1168010800,501194,우림스타빌(도)
강남구,논현동,1168010800,8,우민
강남구,논현동,1168010800,21403,우성
강남구,논현동,1168010800,10,월드노블레스빌
강남구,논현동,1168010800,18812,월드쉐르빌
강남구,논현동,1168010800,18112,은탑리더스카운티
강남구,논현동,1168010800,25131,이산
강남구,논현동,1168010800,28362,이움.
강남구,논현동,1168010800,18308,제이빌
강남구,논현동,1168010800,20937,지고하임.
강남구,논현동,1168010800,651349,진흥펠리체(도)
강남구,논현동,1168010800,5,청학
강남구,논현동,1168010800,18698,케럿스테이트
강남구,논현동,1168010800,28243,케이씨빌
강남구,논현동,1168010800,13,테크노빌라트
강남구,논현동,1168010800,23546,토미빌(228-9).
강남구,논현동,1168010800,615547,토미하우스(도)
강남구,논현동,1168010800,14406,프라임(196-4)
강남구,논현동,1168010800,14041,프라임(80-13)
강남구,논현동,1168010800,15215,학동
강남구,논현동,1168010800,18444,한양빌라트
강남구,논현동,1168010800,27325,한양수자인어반게이트(도)
강남구,논현동,1168010800,6,현대넥서스(261-7)
강남구,논현동,1168010800,21229,현대넥서스(261-8)
강남구,논현동,1168010800,21100,휴먼스페이스
강남구,논현동,1168010800,25364,힐스빌7차
강남구,논현동,1168010800,14,힐타워
강남구,논현동,1168010800,434293,힐튼빌(도).
강남구,대치동,1168010600,187,개포우성1차
강남구,대치동,1168010600,200,개포우성2차
강남구,대치동,1168010600,202,노빌리티빌리지
강남구,대치동,1168010600,31445,대치SK뷰
강남구,대치동,1168010600,659022,대치더클래스
강남구,대치동,1168010600,12618,대치동3차풍림아이원
강남구,대치동,1168010600,12619,대치동4차풍림아이원
강남구,대치동,1168010600,204,대치동삼성3차
강남구,대치동,1168010600,47442,대치르엘
강남구,대치동,1168010600,1915248,"대치명문(민간임대,도시형)"
강남구,대치동,1168010600,189,대치삼성(래미안)
강남구,대치동,1168010600,205,대치삼성2차
강남구,대치동,1168010600,26718,대치상지리츠빌카일룸
강남구,대치동,1168010600,14992,대치아이파크
강남구,대치동,1168010600,23668,대치주성
강남구,대치동,1168010600,43458,대치타워
강남구,대치동,1168010600,313482,대치푸르지오써밋
강남구,대치동,1168010600,23772,대치하나빌
강남구,대치동,1168010600,13451,대치한신휴플러스
강남구,대치동,1168010600,190,대치현대
강남구,대치동,1168010600,191,대치효성
강남구,대치동,1168010600,37104,더힐하우스(도)
강남구,대치동,1168010600,23008,동민맥스빌(B동)
강남구,대치동,1168010600,13186,동부센트레빌
강남구,대치동,1168010600,206,동양
강남구,대치동,1168010600,1682099,디에이치대치에델루이
강남구,대치동,1168010600,29017,래미안대치팰리스1단지
강남구,대치동,1168010600,36794,래미안대치팰리스2단지
강남구,대치동,1168010600,193,래미안대치하이스턴(우성2차)
강남구,대치동,1168010600,203,롯데캐슬
강남구,대치동,1168010600,14665,롯데캐슬리베
강남구,대치동,1168010600,24759,메트로
강남구,대치동,1168010600,14294,미소시티
강남구,대치동,1168010600,36403,"선경(1,2차)"
강남구,대치동,1168010600,195,선경(3차)
강남구,대치동,1168010600,207,세연파크뷰
강남구,대치동,1168010600,199,세영팔레스타운
강남구,대치동,1168010600,18166,스카이써밋
강남구,대치동,1168010600,1075677,스톤빌리지(도)
강남구,대치동,1168010600,48626,스톤빌리지대치2차(도)
강남구,대치동,1168010600,46571,스톤빌리지대치3차(도)
강남구,대치동,1168010600,47111,스톤빌리지대치4차(도)
강남구,대치동,1168010600,201,쌍용2차.
강남구,대치동,1168010600,192,쌍용대치(1차)
강남구,대치동,1168010600,15216,아름빌
강남구,대치동,1168010600,21798,아크로빌
강남구,대치동,1168010600,552685,아티드(도시형)
강남구,대치동,1168010600,188,우성(1차)
강남구,대치동,1168010600,15274,우정에쉐르
강남구,대치동,1168010600,18590,월드빌
강남구,대치동,1168010600,186,은마
강남구,대치동,1168010600,196,청암빌라트
강남구,대치동,1168010600,14878,청원
강남구,대치동,1168010600,12845,포스코더샵
강남구,대치동,1168010600,37047,풍림아이원
강남구,대치동,1168010600,24354,하이캐슬
강남구,대치동,1168010600,345179,한보미도맨션
강남구,대치동,1168010600,197,한보미도맨숀3차
강남구,대치동,1168010600,19622,한양팰리스
강남구,대치동,1168010600,18791,한티
강남구,대치동,1168010600,194,현대(1차)
강남구,대치동,1168010600,18942,화인하이빌
강남구,도곡동,1168011800,157,개포4차우성(양재우성)
강남구,도곡동,1168011800,160,개포5차우성
강남구,도곡동,1168011800,156,개포럭키
강남구,도곡동,1168011800,161,개포한신
강남구,도곡동,1168011800,175,경남
강남구,도곡동,1168011800,25661,그랜빌캐슬
강남구,도곡동,1168011800,162,대림
강남구,도곡동,1168011800,20491,대명비발디
강남구,도곡동,1168011800,293449,더힐(도).
강남구,도곡동,1168011800,14799,도곡1차아이파크
강남구,도곡동,1168011800,13923,도곡2차아이파크
강남구,도곡동,1168011800,14938,도곡3차아이파크
강남구,도곡동,1168011800,26010,도곡그린빌
강남구,도곡동,1168011800,13449,도곡동 월드메르디앙
강남구,도곡동,1168011800,176,도곡동삼성래미안
강남구,도곡동,1168011800,13886,도곡렉슬
강남구,도곡동,1168011800,424770,도곡루아르(도)
강남구,도곡동,1168011800,45138,도곡상지카일룸
강남구,도곡동,1168011800,22884,도곡스타빌
강남구,도곡동,1168011800,163,도곡쌍용예가
강남구,도곡동,1168011800,1079409,도곡월드메르디앙(973)
강남구,도곡동,1168011800,24242,도곡지웰카운티
강남구,도곡동,1168011800,1041635,도곡코오롱
강남구,도곡동,1168011800,14075,도곡푸르지오1차
강남구,도곡동,1168011800,20754,도곡하이빌
강남구,도곡동,1168011800,30232,도곡한라비발디
강남구,도곡동,1168011800,159,도곡한신(MBC)
강남구,도곡동,1168011800,12557,도곡현대하이페리온
강남구,도곡동,1168011800,171,도곡현대힐스테이트
강남구,도곡동,1168011800,48184,라온빌(도)
강남구,도곡동,1168011800,22461,래미안도곡카운티
강남구,도곡동,1168011800,23381,로덴하우스 이스트빌리지
강남구,도곡동,1168011800,23384,로덴하우스웨스트빌리지
강남구,도곡동,1168011800,12298,롯데캐슬모닝
강남구,도곡동,1168011800,18341,리치아르떼빌.
강남구,도곡동,1168011800,164,매봉(삼성)
강남구,도곡동,1168011800,25706,벨라빌.
강남구,도곡동,1168011800,545598,비스킷(도)
강남구,도곡동,1168011800,180,삼성
강남구,도곡동,1168011800,165,삼익
강남구,도곡동,1168011800,166,삼호
강남구,도곡동,1168011800,185,신성빌리지
강남구,도곡동,1168011800,158,역삼럭키
강남구,도곡동,1168011800,167,우성
강남구,도곡동,1168011800,18886,울트라멤버스
강남구,도곡동,1168011800,19495,원팰리스.
강남구,도곡동,1168011800,24685,이니그마빌Ⅲ
강남구,도곡동,1168011800,15571,조이너스도곡
강남구,도곡동,1168011800,170,중명하니빌
강남구,도곡동,1168011800,800355,클래스원
강남구,도곡동,1168011800,24337,파크힐
강남구,도곡동,1168011800,25803,포레스트빌
강남구,도곡동,1168011800,177,포스코트
강남구,도곡동,1168011800,26782,플럼힐스
강남구,도곡동,1168011800,14621,필로스
강남구,도곡동,1168011800,168,현대(도곡)
강남구,도곡동,1168011800,169,현대그린
강남구,도곡동,1168011800,172,현대벨라하우스
강남구,도곡동,1168011800,20492,현대아이리스
강남구,도곡동,1168011800,26468,현대오티움
강남구,도곡동,1168011800,183,힐데스하임.
강남구,삼성동,1168010500,12573,IPARK삼성동
강남구,삼성동,1168010500,352557,LH삼성(도)
강남구,삼성동,1168010500,30893,SM드림빌.
강남구,삼성동,1168010500,20710,골든카운티
강남구,삼성동,1168010500,42639,그라나다.
강남구,삼성동,1168010500,27301,네오블로썸
강남구,삼성동,1168010500,21496,노블테라스
강남구,삼성동,1168010500,24321,다우림하우스
강남구,삼성동,1168010500,23372,동구싼타빌
강남구,삼성동,1168010500,14688,동일파크스위트
강남구,삼성동,1168010500,46915,래미안라클래시
강남구,삼성동,1168010500,37051,"래미안삼성1차(102,103번지)"
강남구,삼성동,1168010500,13865,래미안삼성1차(104번지)
강남구,삼성동,1168010500,13864,래미안삼성1차(105번지)
강남구,삼성동,1168010500,14766,래미안삼성2차
강남구,삼성동,1168010500,40379,로프트원
강남구,삼성동,1168010500,14767,롯데캐슬프레미어
강남구,삼성동,1168010500,14471,블루밍하우스
강남구,삼성동,1168010500,36287,삼부
강남구,삼성동,1168010500,11957,삼부아그레빌
강남구,삼성동,1168010500,13642,삼성SK뷰
강남구,삼성동,1168010500,21596,삼성그랑빌
강남구,삼성동,1168010500,12900,삼성대우멤버스카운티1차
강남구,삼성동,1168010500,20898,삼성대우멤버스카운티2차
강남구,삼성동,1168010500,19344,삼성대우멤버스카운티3차
강남구,삼성동,1168010500,19345,삼성대우멤버스카운티5차
강남구,삼성동,1168010500,26620,삼성대유리채(도시형)
강남구,삼성동,1168010500,46,삼성더파크뷰
강남구,삼성동,1168010500,14401,삼성동 골든빌
강남구,삼성동,1168010500,14704,삼성동 아셈
강남구,삼성동,1168010500,15424,삼성동 아펠바움
강남구,삼성동,1168010500,12297,삼성동금호어울림
강남구,삼성동,1168010500,12603,삼성동대성유니드
강남구,삼성동,1168010500,38,삼성동롯데
강남구,삼성동,1168010500,13810,삼성동롯데캐슬킹덤
강남구,삼성동,1168010500,31920,삼성동센트럴아이파크
강남구,삼성동,1168010500,59,삼성동씨엘케이
강남구,삼성동,1168010500,13246,삼성동우림루미아트
강남구,삼성동,1168010500,13207,삼성동중앙하이츠빌리지
강남구,삼성동,1168010500,39,삼성동한솔
강남구,삼성동,1168010500,54,삼성동한일
강남구,삼성동,1168010500,15758,삼성동힐스테이트1단지
강남구,삼성동,1168010500,15759,삼성동힐스테이트2단지
강남구,삼성동,1168010500,20298,삼성드림하우스
강남구,삼성동,1168010500,28951,삼성라테라스
강남구,삼성동,1168010500,25956,삼성루첸시아
강남구,삼성동,1168010500,58,삼성벨라스
강남구,삼성동,1168010500,18034,삼성오네뜨
강남구,삼성동,1168010500,20338,삼성월드타워
강남구,삼성동,1168010500,20831,삼성웰피아
강남구,삼성동,1168010500,20445,삼성이안파크
강남구,삼성동,1168010500,56,삼성파크
강남구,삼성동,1168010500,14386,삼성팰리스(71-16)
강남구,삼성동,1168010500,14387,삼성펠리스(129-5)
강남구,삼성동,1168010500,24884,삼성헤렌하우스2
강남구,삼성동,1168010500,20383,상아빌라트
강남구,삼성동,1168010500,27999,상지리츠빌카일룸
강남구,삼성동,1168010500,43,서광
강남구,삼성동,1168010500,44,석탑
강남구,삼성동,1168010500,61,세방타운
강남구,삼성동,1168010500,52,신동아듀크빌
강남구,삼성동,1168010500,25679,심포니하우스
강남구,삼성동,1168010500,45,씨티빌.
강남구,삼성동,1168010500,23268,아델하우스
강남구,삼성동,1168010500,23830,아셈(150-5)
강남구,삼성동,1168010500,1093714,아크로삼성
강남구,삼성동,1168010500,14785,영무예다음
강남구,삼성동,1168010500,11956,우정에쉐르
강남구,삼성동,1168010500,29832,월성
강남구,삼성동,1168010500,18725,이안애2차
강남구,삼성동,1168010500,22284,진흥
강남구,삼성동,1168010500,42,청구.
강남구,삼성동,1168010500,47,푸른솔
강남구,삼성동,1168010500,48,풍림
강남구,삼성동,1168010500,51,풍림(1차)
강남구,삼성동,1168010500,53,풍림2차
강남구,삼성동,1168010500,40,현대
강남구,삼성동,1168010500,18705,현대빌라트
강남구,삼성동,1168010500,21364,현대삼성동1차
강남구,삼성동,1168010500,14865,현대삼성동2차
강남구,삼성동,1168010500,11958,형우빌라
강남구,세곡동,1168011100,24991,강남데시앙파크
강남구,세곡동,1168011100,24585,강남신동아파밀리에1단지
강남구,세곡동,1168011100,24586,강남신동아파밀리에2단지
강남구,세곡동,1168011100,25358,강남엘에이치1단지(e편한세상)
강남구,세곡동,1168011100,29847,강남효성해링턴코트
강남구,세곡동,1168011100,24587,세곡리엔파크3단지
강남구,세곡동,1168011100,24932,세곡푸르지오
강남구,수서동,1168011500,29637,강남더샵포레스트
강남구,수서동,1168011500,28948,강남데시앙포레
강남구,수서동,1168011500,118,까치마을
강남구,수서동,1168011500,119,동익
강남구,수서동,1168011500,120,삼성
강남구,수서동,1168011500,115,삼익
강남구,수서동,1168011500,116,수서한아름
강남구,수서동,1168011500,117,신동아
강남구,신사동,1168010700,19929,뉴현대
강남구,신사동,1168010700,21248,대성아트빌
강남구,신사동,1168010700,104,대원칸타빌
강남구,신사동,1168010700,112,래미안신사
강남구,신사동,1168010700,110,로데오현대
강남구,신사동,1168010700,25624,루덴하우스
강남구,신사동,1168010700,21603,리갈팰리스
강남구,신사동,1168010700,11962,신사동 닛시빌라트
강남구,신사동,1168010700,18456,신사동 씨티빌
강남구,신사동,1168010700,38547,신사빌라트1
강남구,신사동,1168010700,20380,신사아이빌
강남구,신사동,1168010700,23015,신사아크존2
강남구,신사동,1168010700,27617,신사파크뷰
강남구,신사동,1168010700,113,신성
강남구,신사동,1168010700,32167,썬-타워빌딩(도)
강남구,신사동,1168010700,28630,알파임하우스
강남구,신사동,1168010700,18808,압구정KCC
강남구,신사동,1168010700,40297,압구정심포니(도).
강남구,신사동,1168010700,24970,압구정아인빌
강남구,신사동,1168010700,12600,압구정하이츠파크
강남구,신사동,1168010700,24430,우찬
강남구,신사동,1168010700,18757,유로미
강남구,신사동,1168010700,14305,장자울
강남구,신사동,1168010700,13310,진흥아마란스
강남구,신사동,1168010700,44961,천지인수지빌
강남구,신사동,1168010700,19702,청림쉐르빌
강남구,신사동,1168010700,20965,체리빌
강남구,신사동,1168010700,20730,토미.
강남구,신사동,1168010700,31441,하얏트빌.
강남구,신사동,1168010700,28982,한양
강남구,신사동,1168010700,28242,현대아인빌
강남구,신사동,1168010700,114,현대연립
강남구,신사동,1168010700,28404,화이트빌
강남구,압구정동,1168011000,28403,대림빌라트
강남구,압구정동,1168011000,95,미성(1차)
강남구,압구정동,1168011000,93,미성(2차)
강남구,압구정동,1168011000,96,한양(1차)
강남구,압구정동,1168011000,97,한양(2차)
강남구,압구정동,1168011000,98,한양(3차)
강남구,압구정동,1168011000,99,한양(4차)
강남구,압구정동,1168011000,94,한양(5차)
강남구,압구정동,1168011000,100,한양(6차)
강남구,압구정동,1168011000,101,한양(7차)
강남구,압구정동,1168011000,102,한양(8차)
강남구,압구정동,1168011000,36367,"현대(1,2차)"
강남구,압구정동,1168011000,21227,현대(10차)
강남구,압구정동,1168011000,22306,현대(13차)
강남구,압구정동,1168011000,385556,현대(14차)
강남구,압구정동,1168011000,106,현대(3차)
강남구,압구정동,1168011000,107,현대(4차)
강남구,압구정동,1168011000,108,현대(5차)
강남구,압구정동,1168011000,36573,"현대(6,7차)"
강남구,압구정동,1168011000,12450,현대(65동)
강남구,압구정동,1168011000,103,현대(8차)
강남구,압구정동,1168011000,92,현대(신현대)
강남구,압구정동,1168011000,35371,현대빌라트
강남구,역삼동,1168010100,46957,강남센트럴아이파크
강남구,역삼동,1168010100,25730,강남한솔
강남구,역삼동,1168010100,25248,개나리SK뷰
강남구,역삼동,1168010100,14176,개나리래미안
강남구,역삼동,1168010100,14175,개나리푸르지오
강남구,역삼동,1168010100,12233,갤러리빌
강남구,역삼동,1168010100,24600,갤러리아트.
강남구,역삼동,1168010100,35,갤러리하우스
강남구,역삼동,1168010100,19,거평.
강남구,역삼동,1168010100,28,경남
강남구,역삼동,1168010100,36,경일역삼.
강남구,역삼동,1168010100,24544,공간쉐르빌
강남구,역삼동,1168010100,26210,광평하우스빌.
강남구,역삼동,1168010100,12338,금호어울림
강남구,역삼동,1168010100,47654,꿈꾸지오(691-5)
강남구,역삼동,1168010100,47656,꿈꾸지오(697-23)
강남구,역삼동,1168010100,47744,"꿈꾸지오(698-6,도시형)"
강남구,역삼동,1168010100,47635,"꿈꾸지오(751-4,도시형)"
강남구,역삼동,1168010100,47746,"꿈꾸지오(774-27,도시형)"
강남구,역삼동,1168010100,47750,"꿈꾸지오(794-21,도시형)"
강남구,역삼동,1168010100,20,네스빌.
강남구,역삼동,1168010100,20958,노블스위트
강남구,역삼동,1168010100,20344,뉴엠.
강남구,역삼동,1168010100,490650,다사랑빌(도)
강남구,역삼동,1168010100,722867,다올2차(도)
강남구,역삼동,1168010100,22,대림역삼
강남구,역삼동,1168010100,25813,대명벨리온(도시형)
강남구,역삼동,1168010100,500949,더클래스(도)
강남구,역삼동,1168010100,505426,더프라나역삼(도)
강남구,역삼동,1168010100,18,동부센트레빌
강남구,역삼동,1168010100,38657,동원스위트뷰역삼
강남구,역삼동,1168010100,2144793,두산위브파빌리온역삼(도시형)
강남구,역삼동,1168010100,22099,뜨라네(828-21).
강남구,역삼동,1168010100,19896,뜨라네(828-76).
강남구,역삼동,1168010100,21221,래미안그레이튼
강남구,역삼동,1168010100,21222,래미안그레이튼(진달래2차)
강남구,역삼동,1168010100,15113,래미안펜타빌
강남구,역삼동,1168010100,733898,런던빌(도)
강남구,역삼동,1168010100,15501,로얄빌리지
강남구,역삼동,1168010100,24626,로얄팰리스
강남구,역삼동,1168010100,488837,루미하우스(도)
강남구,역삼동,1168010100,2148665,리치웰빌라트(도시형)
강남구,역삼동,1168010100,2148666,리치웰빌라트2차(도시형)
강남구,역삼동,1168010100,25,리치타워
강남구,역삼동,1168010100,19154,명인갤러리1차.
강남구,역삼동,1168010100,24612,베르사이유
강남구,역삼동,1168010100,12489,베스젠빌
강남구,역삼동,1168010100,23141,불루밍코트
강남구,역삼동,1168010100,12607,브라운스톤역삼
강남구,역삼동,1168010100,47837,비에네스타
강남구,역삼동,1168010100,650101,빌라란떼(도)
강남구,역삼동,1168010100,13658,상지리츠빌
강남구,역삼동,1168010100,21465,상지리츠빌역삼2차
강남구,역삼동,1168010100,19007,성영아파트포유
강남구,역삼동,1168010100,36285,"세방하이빌1,2"
강남구,역삼동,1168010100,20433,세연예지향
강남구,역삼동,1168010100,21,세종빌라트
강남구,역삼동,1168010100,47645,스타힐스(도)
강남구,역삼동,1168010100,50501,스톤엘리시온역삼
강남구,역삼동,1168010100,2144527,시티프라디움더강남
강남구,역삼동,1168010100,383102,시티프라디움더강남2차(도)
강남구,역삼동,1168010100,24562,쎄비앙
강남구,역삼동,1168010100,722497,아이리스(도)
강남구,역삼동,1168010100,491593,아이힐2(도)
강남구,역삼동,1168010100,800354,아하바하우스(도)
강남구,역삼동,1168010100,25867,에벤에셀빌라트
강남구,역삼동,1168010100,24584,역삼(리츠빌)
강남구,역삼동,1168010100,15141,역삼2차아이파크
강남구,역삼동,1168010100,26277,역삼EG소울리더(도시형)
강남구,역삼동,1168010100,13850,역삼e-편한세상
강남구,역삼동,1168010100,19083,역삼노블카운티
강남구,역삼동,1168010100,344218,역삼더하이브(도)
강남구,역삼동,1168010100,20671,역삼동 명인갤러리2차
강남구,역삼동,1168010100,37,역삼동 칼라
강남구,역삼동,1168010100,14622,역삼동골든베리힐
강남구,역삼동,1168010100,25815,역삼동그린비
강남구,역삼동,1168010100,14789,역삼동롯데캐슬노블
강남구,역삼동,1168010100,23,역삼동우성빌라트
강남구,역삼동,1168010100,13715,역삼동월드메르디앙
강남구,역삼동,1168010100,31,역삼동트레벨
강남구,역삼동,1168010100,19712,역삼동프라임
강남구,역삼동,1168010100,13697,역삼래미안
강남구,역삼동,1168010100,1076002,역삼레전드힐스(도)
강남구,역삼동,1168010100,2144796,역삼르비앙
강남구,역삼동,1168010100,2148667,역삼리치웰빌라트(도시형)
강남구,역삼동,1168010100,31095,역삼미까사(도)
강남구,역삼동,1168010100,2093603,역삼센트럴
강남구,역삼동,1168010100,321194,역삼센트럴2차아이파크(도시형)
강남구,역삼동,1168010100,2104296,역삼아르떼(도시형)
강남구,역삼동,1168010100,14324,역삼아이파크
강남구,역삼동,1168010100,21583,역삼엔스위트
강남구,역삼동,1168010100,13338,역삼예명
강남구,역삼동,1168010100,15503,역삼우성
강남구,역삼동,1168010100,2153197,역삼위너스하임(도시형)
강남구,역삼동,1168010100,22550,역삼이안애
강남구,역삼동,1168010100,29462,역삼자이
강남구,역삼동,1168010100,33,역삼카이스
강남구,역삼동,1168010100,500737,역삼파크빌(도)
강남구,역삼동,1168010100,13857,역삼푸르지오
강남구,역삼동,1168010100,19460,역삼프리마빌
강남구,역삼동,1168010100,26,역삼한스빌
강남구,역삼동,1168010100,22356,예지인
강남구,역삼동,1168010100,26761,요진와이시티미니(도시형)
강남구,역삼동,1168010100,35763,우리집(도)
강남구,역삼동,1168010100,24,은하수
강남구,역삼동,1168010100,490648,일성빌라(도)
강남구,역삼동,1168010100,20744,정원
강남구,역삼동,1168010100,14407,조이너스
강남구,역삼동,1168010100,34,지석천평대
강남구,역삼동,1168010100,47971,코너스톤(도)
강남구,역삼동,1168010100,20981,탑팰리스
강남구,역삼동,1168010100,23288,테라힐스
강남구,역삼동,1168010100,25648,테헤란아이파크
강남구,역삼동,1168010100,18309,파크앤스위트.
강남구,역삼동,1168010100,25415,포스틸빌라트
강남구,역삼동,1168010100,23552,풍림지오빌.
강남구,역삼동,1168010100,42996,풍성애뜨란(도)
강남구,역삼동,1168010100,39681,프리빌리지(도).
강남구,역삼동,1168010100,15502,프리우스역삼
강남구,역삼동,1168010100,20259,플래티늄
강남구,역삼동,1168010100,41156,하우스템(도).
강남구,역삼동,1168010100,20746,한양럭스
강남구,역삼동,1168010100,17,현대까르띠에710
강남구,역삼동,1168010100,25891,현대이스트빌
강남구,역삼동,1168010100,24688,현대하이츠
강남구,역삼동,1168010100,391367,휴먼스빌(도)
강남구,율현동,1168011300,29886,강남한신휴플러스6단지
강남구,율현동,1168011300,30186,강남한신휴플러스8단지
강남구,일원동,1168011400,132,가람
강남구,일원동,1168011400,123,개포한신
강남구,일원동,1168011400,380699,골든빌(도)
강남구,일원동,1168011400,385933,꿈지을(도)
강남구,일원동,1168011400,425225,꿈피엠(도)
강남구,일원동,1168011400,40929,디에이치자이개포
강남구,일원동,1168011400,45353,디에이치포레센트
강남구,일원동,1168011400,33251,래미안개포루체하임
강남구,일원동,1168011400,133,목련타운
강남구,일원동,1168011400,129,삼성사원.
강남구,일원동,1168011400,134,상록수
강남구,일원동,1168011400,131,샘터마을
강남구,일원동,1168011400,126,수서
강남구,일원동,1168011400,121,우성7차(개포)
강남구,일원동,1168011400,127,청솔빌리지
강남구,일원동,1168011400,130,푸른마을
강남구,일원동,1168011400,135,한솔마을
강남구,일원동,1168011400,124,현대4차.
강남구,일원동,1168011400,125,호정빌라트
강남구,자곡동,1168011200,27268,LH강남브리즈힐
강남구,자곡동,1168011200,353888,강남리브엘(도시형)
강남구,자곡동,1168011200,31944,강남자곡아이파크
강남구,자곡동,1168011200,429058,강남자곡힐스테이트
강남구,자곡동,1168011200,28602,강남한양수자인
강남구,자곡동,1168011200,47865,디아크리온강남
강남구,자곡동,1168011200,26542,래미안강남힐즈
강남구,자곡동,1168011200,28601,래미안포레
강남구,청담동,1168010400,646439,J&M하우스(도).
강남구,청담동,1168010400,293575,PH129
강남구,청담동,1168010400,43765,T.S.
강남구,청담동,1168010400,25743,강변상지리츠빌
강남구,청담동,1168010400,65,건영
강남구,청담동,1168010400,70,구산
강남구,청담동,1168010400,20335,뉴현대리버빌
강남구,청담동,1168010400,86,대림(e-편한세상)
강남구,청담동,1168010400,24805,대우로얄카운티II
강남구,청담동,1168010400,88,대우로얄카운티III
강남구,청담동,1168010400,12230,대우로얄카운티V
강남구,청담동,1168010400,24551,대우리츠카운티
강남구,청담동,1168010400,11959,대우멤버스카운티Ⅱ
강남구,청담동,1168010400,40098,"더헤리움(A동,도시형)"
강남구,청담동,1168010400,39488,더헤리움(B동)
강남구,청담동,1168010400,31059,동궁빌리지.
강남구,청담동,1168010400,43435,두산
강남구,청담동,1168010400,2095060,레이어청담(도시형)
강남구,청담동,1168010400,1849065,루시아청담546더리버
강남구,청담동,1168010400,24310,"마크힐스1,2단지"
강남구,청담동,1168010400,71,목화
강남구,청담동,1168010400,23267,빌폴라리스
강남구,청담동,1168010400,91,삼성청담(래미안)
강남구,청담동,1168010400,84,삼성청담공원
강남구,청담동,1168010400,73,삼호빌라
강남구,청담동,1168010400,83,삼환
강남구,청담동,1168010400,24879,상지리츠빌10차.
강남구,청담동,1168010400,24327,상지리츠빌4차
강남구,청담동,1168010400,24243,상지리츠빌5차
강남구,청담동,1168010400,18012,상지리츠빌6차
강남구,청담동,1168010400,25547,상지리츠빌9차
강남구,청담동,1168010400,21756,상지리츠빌카일룸2차
강남구,청담동,1168010400,25246,상지리츠빌카일룸3차
강남구,청담동,1168010400,23542,상지카일룸
강남구,청담동,1168010400,74,신동아
강남구,청담동,1168010400,85,씨티2차.
강남구,청담동,1168010400,75,씨티3차
강남구,청담동,1168010400,380454,아노스카운티빌라트
강남구,청담동,1168010400,303522,에비뉴나인티(도)
강남구,청담동,1168010400,48354,에테르노청담
강남구,청담동,1168010400,77,엘지빌라
강남구,청담동,1168010400,29304,연세2차
강남구,청담동,1168010400,78,연세리버빌
강남구,청담동,1168010400,25144,연세리버빌3차
강남구,청담동,1168010400,24824,연세리버테라스
강남구,청담동,1168010400,24994,연세힐하우스I
강남구,청담동,1168010400,25504,연세힐하우스II
강남구,청담동,1168010400,23181,우성
강남구,청담동,1168010400,2145818,워너청담
강남구,청담동,1168010400,27625,이니그마빌II
강남구,청담동,1168010400,29142,이니그마빌Ⅰ
강남구,청담동,1168010400,60,진흥
강남구,청담동,1168010400,15898,청담2차 e-편한세상(204동)
강남구,청담동,1168010400,21435,청담2차 e-편한세상(205동)
강남구,청담동,1168010400,14186,청담2차e-편한세상
강남구,청담동,1168010400,21434,청담3차 e-편한세상
강남구,청담동,1168010400,21791,청담4차e-편한세상
강남구,청담동,1168010400,22483,청담8차 상지리츠빌
강남구,청담동,1168010400,30909,청담CJ빌리지
강남구,청담동,1168010400,36037,청담갤러리파크
강남구,청담동,1168010400,20821,청담대우로얄카운티6차
강남구,청담동,1168010400,27415,청담대우로얄카운티Ⅰ
강남구,청담동,1168010400,13134,청담대우멤버스카운티10차
강남구,청담동,1168010400,12704,청담대우멤버스카운티11차
강남구,청담동,1168010400,13135,청담대우멤버스카운티8차
강남구,청담동,1168010400,13136,청담대우멤버스카운티9차
강남구,청담동,1168010400,11961,청담대우멤버스카운티V
강남구,청담동,1168010400,12706,청담대우멤버스카운티VI
강남구,청담동,1168010400,12705,청담대우멤버스카운티Vll
강남구,청담동,1168010400,14272,청담대우멤버스카운티XII
강남구,청담동,1168010400,11960,청담대우멤버스카운티Ⅲ
강남구,청담동,1168010400,12508,청담대우유로카운티
강남구,청담동,1168010400,34518,청담동빌라
강남구,청담동,1168010400,72,청담동삼성1차
강남구,청담동,1168010400,14265,청담동양파라곤
강남구,청담동,1168010400,39571,청담디에브스
강남구,청담동,1168010400,36781,청담래미안로이뷰
강남구,청담동,1168010400,2092593,청담르엘
강남구,청담동,1168010400,31711,청담린든그로브
강남구,청담동,1168010400,34201,청담마크노빌
강남구,청담동,1168010400,26434,청담매스터빌
강남구,청담동,1168010400,21847,청담범신칼릭스빌
강남구,청담동,1168010400,22865,청담범신칼릭스빌2차
강남구,청담동,1168010400,25968,청담범신칼릭스빌3차
강남구,청담동,1168010400,48144,청담브르넨
강남구,청담동,1168010400,24702,청담상지리츠빌3차
강남구,청담동,1168010400,30496,청담스위트(도시형)
강남구,청담동,1168010400,41207,청담스테이
강남구,청담동,1168010400,29800,청담아르지움(도)
강남구,청담동,1168010400,67,청담아이파크(청구)
강남구,청담동,1168010400,48108,청담어퍼하우스
강남구,청담동,1168010400,29428,청담연세파크빌
강남구,청담동,1168010400,20418,청담영풍마드레빌
강남구,청담동,1168010400,80,청담우방
강남구,청담동,1168010400,62,청담자이
강남구,청담동,1168010400,615704,청담클래스(도)
강남구,청담동,1168010400,24280,청담파라곤Ⅱ 1단지
강남구,청담동,1168010400,24281,청담파라곤Ⅱ2단지
강남구,청담동,1168010400,27685,청담파크빌
강남구,청담동,1168010400,31215,청담포레
강남구,청담동,1168010400,64,청담현대3차
강남구,청담동,1168010400,31227,청담현대빌라트
강남구,청담동,1168010400,21386,청담휴먼스타빌
강남구,청담동,1168010400,79,청담힐
강남구,청담동,1168010400,89,프레힐청담
강남구,청담동,1168010400,27042,하우스에딘브로우
강남구,청담동,1168010400,87,한신오페라하우스(1차)
강남구,청담동,1168010400,13829,한신오페라하우스2차
강남구,청담동,1168010400,48138,헤스티아
강남구,청담동,1168010400,68,현대(1차)
강남구,청담동,1168010400,69,현대(2차)
강남구,청담동,1168010400,81,현대(43-1)
강남구,청담동,1168010400,82,현대한강.
강남구,청담동,1168010400,20627,호원
강남구,청담동,1168010400,45225,효성청담101
강남구,청담동,1168010400,385925,효성청담101 2차
서초구,내곡동,1165010900,28957,서초더샵포레
서초구,내곡동,1165010900,29663,서초포레스타2단지
서초구,반포동,1165010700,48262,강남원효성
서초구,반포동,1165010700,27554,골드넛멤버스빌리지
서초구,반포동,1165010700,21906,그랑빌.
서초구,반포동,1165010700,1585,그레메빌.
서초구,반포동,1165010700,1059529,그린피아
서초구,반포동,1165010700,24875,금정노블
서초구,반포동,1165010700,614721,노바월드(도)
서초구,반포동,1165010700,1024507,노블하우스
서초구,반포동,1165010700,345951,노블하우스2
서초구,반포동,1165010700,1586,다우탑스빌라트
서초구,반포동,1165010700,30585,대백세인트빌
서초구,반포동,1165010700,12909,대성유니드
서초구,반포동,1165010700,352766,더샵반포리버파크
서초구,반포동,1165010700,20826,덕동반포빌라트
서초구,반포동,1165010700,435722,동성라벨뷰
서초구,반포동,1165010700,37155,드림펠리스
서초구,반포동,1165010700,44454,디에이치반포라클라스
서초구,반포동,1165010700,1587,라인
서초구,반포동,1165010700,20993,랑쉐빌
서초구,반포동,1165010700,381587,래미안원베일리
서초구,반포동,1165010700,1095811,래미안원펜타스
서초구,반포동,1165010700,21363,래미안퍼스티지
서초구,반포동,1165010700,29839,레베빌
서초구,반포동,1165010700,800339,레이나(도)
서초구,반포동,1165010700,1075803,리더스빌
서초구,반포동,1165010700,1602,몽마르뜨빌
서초구,반포동,1165010700,2099931,몽마르뜨파크
서초구,반포동,1165010700,12275,반포3차상지리츠빌
서초구,반포동,1165010700,14674,반포SK뷰
서초구,반포동,1165010700,20483,반포SK아펠바움
서초구,반포동,1165010700,34483,반포TS프리우스.
서초구,반포동,1165010700,24298,반포대우멤버스카운티1차
서초구,반포동,1165010700,24302,반포대우멤버스카운티2차
서초구,반포동,1165010700,1597,반포두산힐스빌
서초구,반포동,1165010700,31983,반포래미안아이파크
서초구,반포동,1165010700,2140518,반포래미안트리니원
서초구,반포동,1165010700,14748,반포롯데캐슬오스카
서초구,반포동,1165010700,30699,반포루이캐슬
서초구,반포동,1165010700,23387,반포리체
서초구,반포동,1165010700,1576,반포미도(1차)
서초구,반포동,1165010700,1596,반포미도2차
서초구,반포동,1165010700,1588,반포빌라트.
서초구,반포동,1165010700,20392,반포샤인힐4차
서초구,반포동,1165010700,37156,반포서래빌
서초구,반포동,1165010700,20641,반포서래월드메르디앙라스칼라
서초구,반포동,1165010700,47483,반포센트레빌아스테리움
서초구,반포동,1165010700,31997,반포써밋
서초구,반포동,1165010700,18539,반포쎄레노
서초구,반포동,1165010700,26393,반포아펠바움2차
서초구,반포동,1165010700,36076,반포이안애1차
서초구,반포동,1165010700,15891,반포자이
서초구,반포동,1165010700,20237,반포파크아파트1동
서초구,반포동,1165010700,19756,반포팰리스
서초구,반포동,1165010700,1584,반포푸르지오
서초구,반포동,1165010700,43202,반포피카소빌
서초구,반포동,1165010700,23679,"반포훼밀리(101동,102동)"
서초구,반포동,1165010700,12015,"반포훼밀리(103,104동)"
서초구,반포동,1165010700,22577,반포훼밀리(49-6)
서초구,반포동,1165010700,22428,반포힐스테이트
서초구,반포동,1165010700,29556,베로니스6차
서초구,반포동,1165010700,21459,보아스힐
서초구,반포동,1165010700,1603,브리앙뜨
서초구,반포동,1165010700,434159,브리앙뜨3차
서초구,반포동,1165010700,477458,비버리힐즈
서초구,반포동,1165010700,40715,비엥에뜨르
서초구,반포동,1165010700,18543,산호.
서초구,반포동,1165010700,20670,삼광
서초구,반포동,1165010700,1606,삼성에이스빌
서초구,반포동,1165010700,42263,삼정
서초구,반포동,1165010700,1601,삼창골든
서초구,반포동,1165010700,1580,삼호가든5차.
서초구,반포동,1165010700,26838,상지리츠빌2차
서초구,반포동,1165010700,28043,새서울
서초구,반포동,1165010700,26571,새티스
서초구,반포동,1165010700,864001,서래더하임(도)
서초구,반포동,1165010700,29174,서래루체
서초구,반포동,1165010700,44678,서래마을더루첸티
서초구,반포동,1165010700,42923,서래아르드빌
서초구,반포동,1165010700,323748,서초블랑빌.
서초구,반포동,1165010700,26960,선데일
서초구,반포동,1165010700,12466,솔레뉴
서초구,반포동,1165010700,1604,신구노빌리티
서초구,반포동,1165010700,1578,신반포궁전
서초구,반포동,1165010700,23677,신성리더스카운티
서초구,반포동,1165010700,25793,써니힐.
서초구,반포동,1165010700,31874,아델스빌1
서초구,반포동,1165010700,28770,아크로리버파크
서초구,반포동,1165010700,36737,에이아이디차관
서초구,반포동,1165010700,22977,엘리제빌
서초구,반포동,1165010700,1589,엠브이
서초구,반포동,1165010700,25486,예당하우스.
서초구,반포동,1165010700,33409,오성
서초구,반포동,1165010700,424269,위더스하임(도)
서초구,반포동,1165010700,1590,일신반포빌라트
서초구,반포동,1165010700,27316,장원빌라트
서초구,반포동,1165010700,23082,정광
서초구,반포동,1165010700,36337,주공1단지
서초구,반포동,1165010700,1591,청광아트12차.
서초구,반포동,1165010700,488974,타운빌
서초구,반포동,1165010700,1605,태평아트
서초구,반포동,1165010700,1599,테마하우스
서초구,반포동,1165010700,28303,팔라디오.
서초구,반포동,1165010700,38871,펠리체.
서초구,반포동,1165010700,38908,프라임빌라트
서초구,반포동,1165010700,26029,프레스턴클래식
서초구,반포동,1165010700,29840,하늘바람.
서초구,반포동,1165010700,1583,한신서래
서초구,반포동,1165010700,1593,현대동궁
서초구,반포동,1165010700,1594,현대반포빌라트
서초구,반포동,1165010700,39331,효성(551-42)
서초구,반포동,1165010700,346382,효성(69-1).
서초구,방배동,1165010100,1622,(구)삼호2차.
서초구,방배동,1165010100,1623,(구)삼호3차.
서초구,방배동,1165010100,1663,강남아트빌
서초구,방배동,1165010100,16582,강임하이빌
서초구,방배동,1165010100,1616,공작빌라트.
서초구,방배동,1165010100,20520,광해리드빌
서초구,방배동,1165010100,33855,그랑시엘3차
서초구,방배동,1165010100,1657,그랑씨엘2000
서초구,방배동,1165010100,24865,그린
서초구,방배동,1165010100,28577,나스빌.
서초구,방배동,1165010100,28810,나스빌3차
서초구,방배동,1165010100,33781,나스빌Ⅱ
서초구,방배동,1165010100,35964,나인빌.
서초구,방배동,1165010100,26793,네스코
서초구,방배동,1165010100,12195,네스코뮤즈빌
서초구,방배동,1165010100,41461,노블씨티
서초구,방배동,1165010100,18279,노블하우스3차
서초구,방배동,1165010100,21523,노블하임.
서초구,방배동,1165010100,33932,노블힐스
서초구,방배동,1165010100,29023,뉴캐슬
서초구,방배동,1165010100,18761,다솔
서초구,방배동,1165010100,24262,다움7차샤인힐
서초구,방배동,1165010100,545724,다원하이빌(도)
서초구,방배동,1165010100,25287,다이너스티힐
서초구,방배동,1165010100,2136766,대건딜라이트
서초구,방배동,1165010100,1655,대우로얄빌라트
서초구,방배동,1165010100,1611,대우효령
서초구,방배동,1165010100,500534,더로드
서초구,방배동,1165010100,38622,더헤렌
서초구,방배동,1165010100,28139,덕산럭스
서초구,방배동,1165010100,1664,덕산홈타운
서초구,방배동,1165010100,340032,동광(라파예트)
서초구,방배동,1165010100,1619,동광빌라트.
서초구,방배동,1165010100,12990,동부센트레빌
서초구,방배동,1165010100,1508443,두오모
서초구,방배동,1165010100,1620,두원
서초구,방배동,1165010100,384211,드림캐쳐(도)
서초구,방배동,1165010100,26156,라온채
서초구,방배동,1165010100,1089194,라파르오뜨서래
서초구,방배동,1165010100,13069,래미안방배아트힐
서초구,방배동,1165010100,14117,래미안방배에버뉴
서초구,방배동,1165010100,1682100,래미안원페를라
서초구,방배동,1165010100,1077794,레베빌
서초구,방배동,1165010100,2145815,레베빌(799-6)
서초구,방배동,1165010100,23285,레베빌2
서초구,방배동,1165010100,29159,렉스빌
서초구,방배동,1165010100,600803,로얄캐슬(도)
서초구,방배동,1165010100,2146458,롯데(987-1)
서초구,방배동,1165010100,2148455,롯데빌라트2차
서초구,방배동,1165010100,1660,롯데캐슬파크
서초구,방배동,1165010100,432610,루바토(도)
서초구,방배동,1165010100,24673,루이스캐슬
서초구,방배동,1165010100,34155,르가든5차
서초구,방배동,1165010100,31936,르가든6차
서초구,방배동,1165010100,31945,리가든1차.
서초구,방배동,1165010100,42722,리가든7차
서초구,방배동,1165010100,36882,리베하임
서초구,방배동,1165010100,43904,리벨루스
서초구,방배동,1165010100,29072,리전트가든
서초구,방배동,1165010100,42281,리치팰리스
서초구,방배동,1165010100,41873,멤버스빌
서초구,방배동,1165010100,1649,멤피스빌
서초구,방배동,1165010100,1089978,바흐하우스반포캐슬(민간임대)
서초구,방배동,1165010100,27928,방배(명지해드는터)
서초구,방배동,1165010100,1639,방배1차현대
서초구,방배동,1165010100,12427,방배2차e-편한세상
서초구,방배동,1165010100,20223,방배2차상지리츠빌
서초구,방배동,1165010100,1615,방배2차현대홈타운
서초구,방배동,1165010100,13993,방배3차e-편한세상
서초구,방배동,1165010100,12622,방배3차현대홈타운
서초구,방배동,1165010100,26733,방배CJ나인빌리지
서초구,방배동,1165010100,30529,방배CJ나인빌리지2차
서초구,방배동,1165010100,14559,방배IPARK
서초구,방배동,1165010100,20516,방배N스위트
서초구,방배동,1165010100,12303,방배e-편한세상(1차)
서초구,방배동,1165010100,35220,방배갤러리하우스
서초구,방배동,1165010100,29040,방배그랑씨엘
서초구,방배동,1165010100,45354,방배그랑자이
서초구,방배동,1165010100,1642,방배금강(프리빌)
서초구,방배동,1165010100,46099,방배노블루체서리풀(도)
서초구,방배동,1165010100,43165,방배다움샤인힐
서초구,방배동,1165010100,12460,방배대성유니드
서초구,방배동,1165010100,1618,방배대우(대우사원)
서초구,방배동,1165010100,20153,방배대우멤버스카운티
서초구,방배동,1165010100,18073,방배대우멤버스카운티201
서초구,방배동,1165010100,12720,방배대우멤버스카운티301
서초구,방배동,1165010100,12719,방배대우멤버스카운티V
서초구,방배동,1165010100,20486,방배대우멤버스카운티Ⅵ
서초구,방배동,1165010100,1644,방배대우유로카운티
서초구,방배동,1165010100,2144447,방배더유엘포레
서초구,방배동,1165010100,13141,방배동 동양파라곤
서초구,방배동,1165010100,1636,방배동 빌라트
서초구,방배동,1165010100,24745,방배동 아파트
서초구,방배동,1165010100,12718,방배동롯데캐슬포레스트
서초구,방배동,1165010100,1621,방배동빌라트
서초구,방배동,1165010100,12327,방배래미안(1차)
서초구,방배동,1165010100,13180,방배래미안타워
서초구,방배동,1165010100,30121,방배렉슬
서초구,방배동,1165010100,41360,방배렉슬Ⅱ.
서초구,방배동,1165010100,21667,방배롯데캐슬로제
서초구,방배동,1165010100,26102,방배롯데캐슬아르떼
서초구,방배동,1165010100,14684,방배롯데캐슬오스카
서초구,방배동,1165010100,20176,방배리치빌
서초구,방배동,1165010100,29524,방배베벌리힐즈2차
서초구,방배동,1165010100,12016,방배브라운가
서초구,방배동,1165010100,12236,방배블레스밸리
서초구,방배동,1165010100,40267,방배비젼21빌라트
서초구,방배동,1165010100,427729,방배빌리지5차(도)
서초구,방배동,1165010100,18320,방배삼성홈타운
서초구,방배동,1165010100,1306362,"방배삼호(12,13동)"
서초구,방배동,1165010100,1608,방배삼호(신삼호)
서초구,방배동,1165010100,26776,방배상지리츠빌4차
서초구,방배동,1165010100,26899,방배상지리츠빌5차
서초구,방배동,1165010100,32427,방배상지리츠빌7차
서초구,방배동,1165010100,33209,방배상지리츠빌8차
서초구,방배동,1165010100,36096,방배샤인힐6차
서초구,방배동,1165010100,15968,방배서리풀e편한세상
서초구,방배동,1165010100,41236,방배서리풀그랑블
서초구,방배동,1165010100,488015,방배서리풀빌리지(도)
서초구,방배동,1165010100,15209,방배서리풀힐스
서초구,방배동,1165010100,434179,방배센트레빌인더포레(도시형)
서초구,방배동,1165010100,1100626,방배시티빌I(도시형)
서초구,방배동,1165010100,1645,방배신동아럭스빌
서초구,방배동,1165010100,1652,방배신주
서초구,방배동,1165010100,34390,방배써니힐즈
서초구,방배동,1165010100,1640,방배씨티
서초구,방배동,1165010100,26388,방배아크빌
서초구,방배동,1165010100,14009,방배아트e-편한세상
서초구,방배동,1165010100,35419,방배아트자이
서초구,방배동,1165010100,20545,방배아펠바움
서초구,방배동,1165010100,303563,방배어반스테이(도)
서초구,방배동,1165010100,15818,방배어울림
서초구,방배동,1165010100,1627,방배우성
서초구,방배동,1165010100,14116,방배이연아마빌레
서초구,방배동,1165010100,1629,방배임광(3차)
서초구,방배동,1165010100,13352,방배자이
서초구,방배동,1165010100,425029,방배중앙센트레빌
서초구,방배동,1165010100,25533,방배타운하우스.
서초구,방배동,1165010100,12017,방배트리플
서초구,방배동,1165010100,39242,방배푸른채(도)
서초구,방배동,1165010100,429920,방배하이빌9차(도)
서초구,방배동,1165010100,13231,방배한진로즈힐
서초구,방배동,1165010100,1641,방배한화
서초구,방배동,1165010100,50680,방배헤스티아2(도)
서초구,방배동,1165010100,1646,방배현대멤피스2
서초구,방배동,1165010100,12277,방배호원
서초구,방배동,1165010100,1653,방배홈타운
서초구,방배동,1165010100,48518,방배힐1차
서초구,방배동,1165010100,34264,방배힐2차
서초구,방배동,1165010100,31946,백야(리가든2차)
서초구,방배동,1165010100,38591,베로니스2차
서초구,방배동,1165010100,2099013,베로니스3차
서초구,방배동,1165010100,429332,베로니스5차
서초구,방배동,1165010100,48223,베로니스9차
서초구,방배동,1165010100,35023,벨루체팰리스
서초구,방배동,1165010100,29318,보아스방배
서초구,방배동,1165010100,31886,부에나비스타
서초구,방배동,1165010100,13621,브라운스톤방배
서초구,방배동,1165010100,13440,브라운스톤효령
서초구,방배동,1165010100,46039,비욘디에
서초구,방배동,1165010100,22599,비전힐
서초구,방배동,1165010100,1659,비젼21(2차)
서초구,방배동,1165010100,49337,비하우스
서초구,방배동,1165010100,50148,빌라도르
서초구,방배동,1165010100,1633,삼원주택(방배필그린)
서초구,방배동,1165010100,1612,삼익.
서초구,방배동,1165010100,1613,삼호(1차)
서초구,방배동,1165010100,1610,삼호한숲
서초구,방배동,1165010100,1647,삼환나띠르빌
서초구,방배동,1165010100,34333,상록리츠콤
서초구,방배동,1165010100,26634,상지리츠빌1차
서초구,방배동,1165010100,26637,상지리츠빌3차
서초구,방배동,1165010100,26636,상지리츠빌6차
서초구,방배동,1165010100,49453,서리풀래디앙
서초구,방배동,1165010100,48966,서리풀프라젠
서초구,방배동,1165010100,1631,서울탑빌라트
서초구,방배동,1165010100,1648,서초ESA3차
서초구,방배동,1165010100,44275,서초라임스(도)
서초구,방배동,1165010100,39724,서초훼미리하우스
서초구,방배동,1165010100,20339,선영베스트
서초구,방배동,1165010100,19430,설록
서초구,방배동,1165010100,26384,성지라빌레뜨
서초구,방배동,1165010100,28729,쉬크빌
서초구,방배동,1165010100,48141,스톤힐스
서초구,방배동,1165010100,19871,승원아트빌
서초구,방배동,1165010100,1624,신구
서초구,방배동,1165010100,29089,신구레베빌
서초구,방배동,1165010100,32180,신구레베빌14차
서초구,방배동,1165010100,1614,신동아
서초구,방배동,1165010100,18656,신원아침도시
서초구,방배동,1165010100,33414,신한엔시모
서초구,방배동,1165010100,18581,신호.
서초구,방배동,1165010100,20581,신호나이스.
서초구,방배동,1165010100,1617,쌍용예가클래식
서초구,방배동,1165010100,1661,아이리스
서초구,방배동,1165010100,29795,아이리스빌.
서초구,방배동,1165010100,48666,어번테라스3차
서초구,방배동,1165010100,29219,어퍼하우스
서초구,방배동,1165010100,2104994,어퍼하우스2
서초구,방배동,1165010100,546889,엘루크방배서리풀(도시형)
서초구,방배동,1165010100,26145,엘르빌
서초구,방배동,1165010100,37834,엘프에스토
서초구,방배동,1165010100,29076,영지아트
서초구,방배동,1165010100,1638,영진
서초구,방배동,1165010100,26413,예림
서초구,방배동,1165010100,25773,오필리아
서초구,방배동,1165010100,20511,용성빌리지
서초구,방배동,1165010100,1651,우평
서초구,방배동,1165010100,25298,월드빌라트(798-5)
서초구,방배동,1165010100,1628,월드빌라트(999)
서초구,방배동,1165010100,1656,월드빌리지.
서초구,방배동,1165010100,431954,윈저빌
서초구,방배동,1165010100,1609,임광(1차/2차)
서초구,방배동,1165010100,48199,자현유하우스
서초구,방배동,1165010100,35900,장원라빌레뜨
서초구,방배동,1165010100,1650,정림
서초구,방배동,1165010100,42464,제네시스빌(도)
서초구,방배동,1165010100,499941,지오지안방배(도)
서초구,방배동,1165010100,29676,청광빌라트.
서초구,방배동,1165010100,1643,청광아트빌14차
서초구,방배동,1165010100,1630,청암.
서초구,방배동,1165010100,35780,캐슬렉스
서초구,방배동,1165010100,302747,코트빌
서초구,방배동,1165010100,45754,"클라인하우제방배(민간임대,도시형)"
서초구,방배동,1165010100,647440,클래스원(도).
서초구,방배동,1165010100,15210,태림
서초구,방배동,1165010100,1632,태화.
서초구,방배동,1165010100,2150668,트윈캐슬(도시형)
서초구,방배동,1165010100,24684,파라다이스
서초구,방배동,1165010100,1044079,파세지아타
서초구,방배동,1165010100,1658,파인빌리지
서초구,방배동,1165010100,1077379,판테온
서초구,방배동,1165010100,1925511,판테옹
서초구,방배동,1165010100,37504,팔라티노
서초구,방배동,1165010100,25618,퍼시픽56차
서초구,방배동,1165010100,42738,포레빌.
서초구,방배동,1165010100,38698,포렛힐
서초구,방배동,1165010100,43306,폴라씨엘로
서초구,방배동,1165010100,21020,푸른마을
서초구,방배동,1165010100,26599,프라하임1차
서초구,방배동,1165010100,26003,프레스턴(1-119)
서초구,방배동,1165010100,25998,프레스턴(1-62)
서초구,방배동,1165010100,21331,프리우스
서초구,방배동,1165010100,30163,하늘바람
서초구,방배동,1165010100,26195,한화엘르빌.
서초구,방배동,1165010100,477952,헤리티지(도)
서초구,방배동,1165010100,1637,현대멤피스
서초구,방배동,1165010100,1635,현대빌라트(5층)
서초구,방배동,1165010100,25506,현대쉴러하우스
서초구,방배동,1165010100,20608,현대아르
서초구,방배동,1165010100,1654,현대오페라하우스
서초구,방배동,1165010100,1662,현대오페라하우스2차
서초구,방배동,1165010100,2308957,혜연빌(도시형)
서초구,방배동,1165010100,13725,황실자이
서초구,방배동,1165010100,35022,효령파크뷰(도)
서초구,방배동,1165010100,46218,훼미리타운
서초구,방배동,1165010100,28168,훼미리타운(도).
서초구,방배동,1165010100,40505,힐스나인빌리지
서초구,방배동,1165010100,42863,힐하우스
서초구,서초동,1165010800,338325,DK밸리뷰서초2차(도시형)
서초구,서초동,1165010800,42208,DK밸리뷰시티
서초구,서초동,1165010800,20850,JC라디앙
서초구,서초동,1165010800,2151056,PH1603(도시형)
서초구,서초동,1165010800,19763,TS프리우스
서초구,서초동,1165010800,1709,갤러리하우스
서초구,서초동,1165010800,378718,갤러리호(도).
서초구,서초동,1165010800,13765,경남아너스빌
서초구,서초동,1165010800,14404,경남아너스빌(1608-28)
서초구,서초동,1165010800,20374,그린월드
서초구,서초동,1165010800,20215,끄레메빌
서초구,서초동,1165010800,29209,다솔
서초구,서초동,1165010800,21056,다우월드
서초구,서초동,1165010800,30829,대경벨로체
서초구,서초동,1165010800,24294,대상파크빌
서초구,서초동,1165010800,12446,대성유니드
서초구,서초동,1165010800,13492,더미켈란
서초구,서초동,1165010800,36277,더샵오데움
서초구,서초동,1165010800,36056,더샵오데움(105동)
서초구,서초동,1165010800,50284,더아크리움
서초구,서초동,1165010800,436012,더클래스(도)
서초구,서초동,1165010800,1039524,더프레임서초(도시형)
서초구,서초동,1165010800,25672,도무스
서초구,서초동,1165010800,31140,동아(도시형)
서초구,서초동,1165010800,1706,동원베네스트
서초구,서초동,1165010800,15999,두산위브트레지움
서초구,서초동,1165010800,48225,두원에코타운(도)
서초구,서초동,1165010800,1678,두진한아름
서초구,서초동,1165010800,26181,라파엘로
서초구,서초동,1165010800,44285,래미안리더스원
서초구,서초동,1165010800,14040,래미안서초3차
서초구,서초동,1165010800,36741,래미안서초4차
서초구,서초동,1165010800,13956,래미안서초7차
서초구,서초동,1165010800,15998,래미안서초스위트
서초구,서초동,1165010800,29879,래미안서초에스티지
서초구,서초동,1165010800,32109,래미안서초에스티지S
서초구,서초동,1165010800,28803,로얄파크
서초구,서초동,1165010800,27926,로얄하이츠
서초구,서초동,1165010800,1676,롯데캐슬84.
서초구,서초동,1165010800,12020,롯데캐슬SPA
서초구,서초동,1165010800,13276,롯데캐슬주피터
서초구,서초동,1165010800,14066,롯데캐슬클래식
서초구,서초동,1165010800,45666,루컴즈힐서리풀
서초구,서초동,1165010800,35385,리안하우스
서초구,서초동,1165010800,18115,마샹스1차
서초구,서초동,1165010800,18853,마샹스2차
서초구,서초동,1165010800,29961,마제스타시티힐스테이트서리풀
서초구,서초동,1165010800,1679,베스트빌라
서초구,서초동,1165010800,25330,벽산서초블루밍
서초구,서초동,1165010800,27449,보미리즌빌
서초구,서초동,1165010800,49918,비버리캐슬
서초구,서초동,1165010800,1690,삼성서초가든스위트
서초구,서초동,1165010800,1666,삼풍
서초구,서초동,1165010800,23064,상지리츠빌
서초구,서초동,1165010800,23068,상지리츠빌 서초6차
서초구,서초동,1165010800,19905,새티스(1435-2)
서초구,서초동,1165010800,21421,새티스(1472-21).
서초구,서초동,1165010800,1716,샹보르
서초구,서초동,1165010800,48339,서리풀블레스빌
서초구,서초동,1165010800,33265,서리풀월드메르디앙레브
서초구,서초동,1165010800,18715,서린
서초구,서초동,1165010800,1712,서신
서초구,서초동,1165010800,21075,서초
서초구,서초동,1165010800,21049,서초10차상지리츠빌
서초구,서초동,1165010800,12957,서초1차e-편한세상
서초구,서초동,1165010800,18778,서초1차엔-스위트
서초구,서초동,1165010800,13243,서초2차e-편한세상
서초구,서초동,1165010800,14553,서초3차e-편한세상
서초구,서초동,1165010800,1686,서초3차현대
서초구,서초동,1165010800,23066,서초4차 상지리츠빌
서초구,서초동,1165010800,1670,서초4차현대
서초구,서초동,1165010800,14554,서초5차e-편한세상
서초구,서초동,1165010800,21048,서초8차상지리츠빌
서초구,서초동,1165010800,19833,서초SK뷰
서초구,서초동,1165010800,47707,서초가람
서초구,서초동,1165010800,22976,서초교대e편한세상
서초구,서초동,1165010800,46168,서초그랑자이
서초구,서초동,1165010800,12274,서초극동스타클래스1
서초구,서초동,1165010800,14301,서초극동스타클래스II
서초구,서초동,1165010800,1700,서초금호어울림
서초구,서초동,1165010800,25545,서초네스피아
서초구,서초동,1165010800,47386,서초노블레스(1560-7)
서초구,서초동,1165010800,19729,서초노빌리에
서초구,서초동,1165010800,1698,서초녹원
서초구,서초동,1165010800,323996,서초다솔맴버스
서초구,서초동,1165010800,23228,서초대림빌라트
서초구,서초동,1165010800,20621,서초대성유니드
서초구,서초동,1165010800,36653,서초대우
서초구,서초동,1165010800,25068,서초대우빌라로얄카운티
서초구,서초동,1165010800,1677,서초동 동아빌라트
서초구,서초동,1165010800,12170,서초동IPARK
서초구,서초동,1165010800,15815,서초동동일하이빌
서초구,서초동,1165010800,13452,서초동롯데캐슬리버티
서초구,서초동,1165010800,23060,서초동아
서초구,서초동,1165010800,12750,서초동풍림아이원
서초구,서초동,1165010800,13494,서초두산위브2
서초구,서초동,1165010800,35987,서초드림하이츠.
서초구,서초동,1165010800,12018,서초래미안
서초구,서초동,1165010800,13730,서초래미안5차
서초구,서초동,1165010800,13906,서초래미안6차
서초구,서초동,1165010800,1710,서초로얄
서초구,서초동,1165010800,20721,서초로얄스위트
서초구,서초동,1165010800,26499,서초로즈힐
서초구,서초동,1165010800,26329,서초롯데캐슬프레지던트
서초구,서초동,1165010800,22567,서초리젠
서초구,서초동,1165010800,15354,서초벽산블루밍
서초구,서초동,1165010800,37906,서초블레스.
서초구,서초동,1165010800,48740,서초블리스
서초구,서초동,1165010800,1688,서초삼성래미안
서초구,서초동,1165010800,26695,서초삼원그린빌
서초구,서초동,1165010800,23065,서초상지리츠빌
서초구,서초동,1165010800,20660,서초상지리츠빌1차
서초구,서초동,1165010800,23067,서초상지리츠빌5차
서초구,서초동,1165010800,23113,서초상지리츠빌7차
서초구,서초동,1165010800,39089,서초센트럴아이파크
서초구,서초동,1165010800,21575,서초스위트빌
서초구,서초동,1165010800,14557,서초신원아침도시2차
서초구,서초동,1165010800,13948,서초쌍용플래티넘
서초구,서초동,1165010800,1717,서초아크빌
서초구,서초동,1165010800,1028885,서초아트래디앙
서초구,서초동,1165010800,1083486,서초아트빌.
서초구,서초동,1165010800,24786,서초에버빌.
서초구,서초동,1165010800,20332,서초에지앙
서초구,서초동,1165010800,25987,서초엔-스위트2차
서초구,서초동,1165010800,30715,서초연우
서초구,서초동,1165010800,12021,서초예성그린
서초구,서초동,1165010800,13907,서초오로라
서초구,서초동,1165010800,19801,서초우방유쉘
서초구,서초동,1165010800,37800,서초웰하우스
서초구,서초동,1165010800,30436,서초자연인
서초구,서초동,1165010800,33332,서초자연인(도)
서초구,서초동,1165010800,14031,서초자이
서초구,서초동,1165010800,312975,서초자이르네
서초구,서초동,1165010800,20962,서초지웰
서초구,서초동,1165010800,13321,서초캐슬
서초구,서초동,1165010800,26213,서초코아
서초구,서초동,1165010800,1708,서초타워씨티빌(선경)
서초구,서초동,1165010800,12197,서초태동스위트
서초구,서초동,1165010800,25290,서초트레져
서초구,서초동,1165010800,29882,서초푸르지오써밋
서초구,서초동,1165010800,27101,서초프라임빌
서초구,서초동,1165010800,346219,서초프라임헤센
서초구,서초동,1165010800,25431,서초프레스턴-1
서초구,서초동,1165010800,25432,서초프레스턴-2
서초구,서초동,1165010800,33410,서초프레스티지
서초구,서초동,1165010800,1669,서초한빛삼성
서초구,서초동,1165010800,25414,서초한양수자인
서초구,서초동,1165010800,1689,서초한일
서초구,서초동,1165010800,1696,서초현대
서초구,서초동,1165010800,1697,서초현대리츠빌
서초구,서초동,1165010800,14555,서초현대홈타운
서초구,서초동,1165010800,1715,서초힐하우스
서초구,서초동,1165010800,21002,수광빌라트.
서초구,서초동,1165010800,426723,스타시드(도)
서초구,서초동,1165010800,20213,신구블레스벨리
서초구,서초동,1165010800,12830,신원아침도시
서초구,서초동,1165010800,1672,아남
서초구,서초동,1165010800,22104,아이파크빌
서초구,서초동,1165010800,24738,애지앙
서초구,서초동,1165010800,49274,에비앙하우스(도)
서초구,서초동,1165010800,20715,엘리제
서초구,서초동,1165010800,22482,예림
서초구,서초동,1165010800,27993,옥스포드빌
서초구,서초동,1165010800,32270,옥스포드빌2차.
서초구,서초동,1165010800,44512,와이에이치빌리지
서초구,서초동,1165010800,1673,우성(5차)
서초구,서초동,1165010800,13173,우정에쉐르
서초구,서초동,1165010800,1707,월드메르디앙(1549-3)
서초구,서초동,1165010800,1703,월드메르디앙(1634-9)
서초구,서초동,1165010800,12851,월드메르디앙오페라하우스
서초구,서초동,1165010800,1682,월드빌라트
서초구,서초동,1165010800,1674,유원서초
서초구,서초동,1165010800,12286,장미
서초구,서초동,1165010800,1683,장복엘리트타운
서초구,서초동,1165010800,20238,진성그린
서초구,서초동,1165010800,1668,진흥
서초구,서초동,1165010800,1695,초원현대
서초구,서초동,1165010800,30792,칼리아빌.
서초구,서초동,1165010800,1684,트라움하우스2차
서초구,서초동,1165010800,21060,트라움하우스3차
서초구,서초동,1165010800,21061,트라움하우스5차
서초구,서초동,1165010800,347066,파크힐스1
서초구,서초동,1165010800,347067,파크힐스2
서초구,서초동,1165010800,1098818,팬타트럼1단지(도시형)
서초구,서초동,1165010800,1098817,팬타트럼2단지(도시형)
서초구,서초동,1165010800,21272,한성
서초구,서초동,1165010800,12721,한승미메이드
서초구,서초동,1165010800,1691,한신(플러스타운)
서초구,서초동,1165010800,499537,해오름빌(도)
서초구,서초동,1165010800,23771,햄튼코트
서초구,서초동,1165010800,42766,헤센파크힐
서초구,서초동,1165010800,1675,현대
서초구,서초동,1165010800,23404,현대빌리지
서초구,서초동,1165010800,1685,현대서초빌라트(1495-1)
서초구,서초동,1165010800,1687,현대서초빌라트(1497-18)
서초구,서초동,1165010800,22987,현대임페리움
서초구,서초동,1165010800,20159,화원그랑빌
서초구,신원동,1165011100,28959,서초포레스타3단지
서초구,신원동,1165011100,28960,서초포레스타5단지
서초구,신원동,1165011100,29664,서초포레스타6단지
서초구,신원동,1165011100,27988,서초포레스타7단지
서초구,신원동,1165011100,28230,힐스테이트서초젠트리스
서초구,양재동,1165010200,382058,강남월드메르디앙프레스티지
서초구,양재동,1165010200,28731,경희궁
서초구,양재동,1165010200,34773,광정
서초구,양재동,1165010200,1736,그린씨티.
서초구,양재동,1165010200,23216,금강
서초구,양재동,1165010200,1734,금일
서초구,양재동,1165010200,18690,길명오퍼스
서초구,양재동,1165010200,42606,노블하우스.
서초구,양재동,1165010200,1732,누리빌.
서초구,양재동,1165010200,24482,뉴현대
서초구,양재동,1165010200,19354,다원
서초구,양재동,1165010200,37034,대흥.
서초구,양재동,1165010200,24283,동원
서초구,양재동,1165010200,19650,동원그린.
서초구,양재동,1165010200,21310,드림팰리스101동
서초구,양재동,1165010200,344998,런던빌양재
서초구,양재동,1165010200,48716,리시본하우스
서초구,양재동,1165010200,28119,리젠시
서초구,양재동,1165010200,23735,리치스.
서초구,양재동,1165010200,23100,마로니에
서초구,양재동,1165010200,21559,메르디안하우스
서초구,양재동,1165010200,18738,메이저
서초구,양재동,1165010200,2308649,모나코(도시형)
서초구,양재동,1165010200,1719,미라보
서초구,양재동,1165010200,18421,미영
서초구,양재동,1165010200,40006,반트하임(도)
서초구,양재동,1165010200,18953,베누시아
서초구,양재동,1165010200,24473,블루하이츠
서초구,양재동,1165010200,38076,비버리하임(도시형)
서초구,양재동,1165010200,50375,비젼(101동)
서초구,양재동,1165010200,12022,"비젼(102,103동)"
서초구,양재동,1165010200,1720,삼익양재빌라
서초구,양재동,1165010200,1728,새티스(359)
서초구,양재동,1165010200,30329,새티스(402-10)
서초구,양재동,1165010200,421661,서초
서초구,양재동,1165010200,43010,서초미르
서초구,양재동,1165010200,39327,선경에버빌
서초구,양재동,1165010200,1726,성영
서초구,양재동,1165010200,1729,시그마.
서초구,양재동,1165010200,1723,신영체르니
서초구,양재동,1165010200,1725,아원데코빌
서초구,양재동,1165010200,18424,양재.
서초구,양재동,1165010200,1721,양재대웅
서초구,양재동,1165010200,1730,양재동 리치타운
서초구,양재동,1165010200,20163,양재메트로
서초구,양재동,1165010200,425217,양재비버리하임3차(도)
서초구,양재동,1165010200,424158,양재삼성베스트빌(도)
서초구,양재동,1165010200,1724,양재테크노
서초구,양재동,1165010200,1727,양재테크노2차
서초구,양재동,1165010200,18422,양재테크노3차
서초구,양재동,1165010200,18423,양재테크노5차
서초구,양재동,1165010200,32488,양재파크뷰
서초구,양재동,1165010200,25338,양재현대
서초구,양재동,1165010200,499211,에이치빌(도)
서초구,양재동,1165010200,18720,우면파크.
서초구,양재동,1165010200,36275,우성
서초구,양재동,1165010200,347213,우성(113동)
서초구,양재동,1165010200,30174,월드빌
서초구,양재동,1165010200,18342,위너스
서초구,양재동,1165010200,1731,인랜드
서초구,양재동,1165010200,427265,중앙클래식
서초구,양재동,1165010200,32099,진흥(아마란스)
서초구,양재동,1165010200,12171,초원탑스빌
서초구,양재동,1165010200,421648,태양파크빌
서초구,양재동,1165010200,22895,파빌리온.
서초구,양재동,1165010200,20148,파크뷰
서초구,양재동,1165010200,19651,파크사이드.
서초구,양재동,1165010200,1733,포레스빌
서초구,양재동,1165010200,2157228,풍원파크빌(도시형)
서초구,양재동,1165010200,724130,풍원하임빌(도)
서초구,양재동,1165010200,1735,프라임
서초구,양재동,1165010200,20349,한아름.
서초구,양재동,1165010200,31303,한일인텔
서초구,양재동,1165010200,18425,해청
서초구,양재동,1165010200,19841,해청3차
서초구,양재동,1165010200,24290,해청파인빌
서초구,양재동,1165010200,1722,현대.
서초구,양재동,1165010200,20755,현대타운
서초구,양재동,1165010200,14934,현대테라하임(11-120)
서초구,양재동,1165010200,24929,현대테라하임(11-74)
서초구,양재동,1165010200,18013,휴먼시티
서초구,양재동,1165010200,28054,힐하우스
서초구,우면동,1165010300,1738,대림
서초구,우면동,1165010300,1737,동고(동양고속)
서초구,우면동,1165010300,27465,서초네이처힐1단지
서초구,우면동,1165010300,25639,서초네이처힐2단지
서초구,우면동,1165010300,26688,서초네이처힐3단지
서초구,우면동,1165010300,25074,서초네이처힐4단지
서초구,우면동,1165010300,26689,서초네이처힐6단지
서초구,우면동,1165010300,25075,서초네이처힐7단지
서초구,우면동,1165010300,25380,서초호반써밋
서초구,우면동,1165010300,24933,서초힐스
서초구,우면동,1165010300,50464,우리집(도)
서초구,우면동,1165010300,1740,우면한라
서초구,우면동,1165010300,1739,코오롱
서초구,우면동,1165010300,25666,호반써밋서초파크
서초구,우면동,1165010300,25652,호반써밋서초파크뷰
서초구,잠원동,1165010600,1523,강변
서초구,잠원동,1165010600,1568,금호베스트빌
서초구,잠원동,1165010600,1574,노블레스
서초구,잠원동,1165010600,1569,대주피오레
서초구,잠원동,1165010600,21687,데뜨아르
서초구,잠원동,1165010600,1525,동아
서초구,잠원동,1165010600,18760,띠에라하우스
서초구,잠원동,1165010600,34969,래미안신반포리오센트
서초구,잠원동,1165010600,28490,래미안신반포팰리스
서초구,잠원동,1165010600,1557,로즈빌
서초구,잠원동,1165010600,1564,롯데캐슬갤럭시(1차)
서초구,잠원동,1165010600,12529,롯데캐슬갤럭시(2차)
서초구,잠원동,1165010600,12014,메이플라워
서초구,잠원동,1165010600,1092721,메이플자이
서초구,잠원동,1165010600,1562,미주파스텔
서초구,잠원동,1165010600,47515,반포르엘
서초구,잠원동,1165010600,48900,반포르엘2차
서초구,잠원동,1165010600,39123,반포센트럴자이
서초구,잠원동,1165010600,1544,반포한신타워
서초구,잠원동,1165010600,1563,보미리전빌
서초구,잠원동,1165010600,12302,브라운스톤잠원
서초구,잠원동,1165010600,1565,블루힐하우스(청구2차)
서초구,잠원동,1165010600,18759,빌폴라리스
서초구,잠원동,1165010600,1548,새서울
서초구,잠원동,1165010600,19038,성진준빌라트
서초구,잠원동,1165010600,35347,세인트빌
서초구,잠원동,1165010600,1524,신반포(한신12차)
서초구,잠원동,1165010600,1538,신반포(한신16차)
서초구,잠원동,1165010600,1540,신반포(한신19차)
서초구,잠원동,1165010600,1561,신반포(한신20차)
서초구,잠원동,1165010600,1550,신반포(한신25차)
서초구,잠원동,1165010600,1543,신반포(한신26차)
서초구,잠원동,1165010600,1519,신반포(한신27차)
서초구,잠원동,1165010600,1520,신반포(한신2차)
서초구,잠원동,1165010600,1530,신반포(한신4차)
서초구,잠원동,1165010600,1533,신반포(한신7차)
서초구,잠원동,1165010600,1541,신반포22차
서초구,잠원동,1165010600,49604,신반포르엘
서초구,잠원동,1165010600,32368,신반포자이
서초구,잠원동,1165010600,340670,신반포중앙하이츠
서초구,잠원동,1165010600,1556,신반포청구(1차)
서초구,잠원동,1165010600,1551,신화
서초구,잠원동,1165010600,33814,아크로리버뷰신반포
서초구,잠원동,1165010600,2150671,오티에르반포
서초구,잠원동,1165010600,2153614,오티에르신반포
서초구,잠원동,1165010600,1552,오페라하우스
서초구,잠원동,1165010600,23383,유로미
서초구,잠원동,1165010600,387334,잠원2차중앙하이츠
서초구,잠원동,1165010600,1566,잠원동대우아이빌
서초구,잠원동,1165010600,1567,잠원동월드메르디앙
서초구,잠원동,1165010600,18603,잠원동트루빌
서초구,잠원동,1165010600,1553,잠원빌라트
서초구,잠원동,1165010600,23117,잠원상지리츠빌카일룸
서초구,잠원동,1165010600,40510,잠원시티
서초구,잠원동,1165010600,20877,잠원씨제이빌리지
서초구,잠원동,1165010600,21077,잠원아이비
서초구,잠원동,1165010600,12194,잠원위브
서초구,잠원동,1165010600,1554,잠원중앙하이츠
서초구,잠원동,1165010600,1529,잠원한신.
서초구,잠원동,1165010600,1526,잠원한신그린
서초구,잠원동,1165010600,1545,잠원현대
서초구,잠원동,1165010600,1572,지오빌
서초구,잠원동,1165010600,1571,킴스빌리지
서초구,잠원동,1165010600,1522,한강
서초구,잠원동,1165010600,1527,한신로얄.
서초구,잠원동,1165010600,1558,한신진일빌라트
서초구,잠원동,1165010600,1559,한신타운
서초구,잠원동,1165010600,1546,한신훼미리.
서초구,잠원동,1165010600,1573,현대실크빌라트
서초구,잠원동,1165010600,1555,현대훼밀리
송파구,가락동,1171010700,1954,GS프라자.
송파구,가락동,1171010700,21949,SD펠리체
송파구,가락동,1171010700,18160,e-지브로
송파구,가락동,1171010700,40317,가락(헤븐스테이).
송파구,가락동,1171010700,1961,가락2차쌍용
송파구,가락동,1171010700,37050,가락3차쌍용스윗닷홈
송파구,가락동,1171010700,1952,가락7차현대
송파구,가락동,1171010700,48698,가락그랑밸리
송파구,가락동,1171010700,1960,가락금호
송파구,가락동,1171010700,1941,가락대림
송파구,가락동,1171010700,1953,가락동부센트레빌
송파구,가락동,1171010700,1959,가락동현대빌라트
송파구,가락동,1171010700,1947,가락쌍용(1차)
송파구,가락동,1171010700,1956,가락우성(1차)
송파구,가락동,1171010700,1962,가락우성(2차)
송파구,가락동,1171010700,1957,가락풍림
송파구,가락동,1171010700,1942,가락한신
송파구,가락동,1171010700,21664,가락한일유앤아이
송파구,가락동,1171010700,22679,가락현대
송파구,가락동,1171010700,1951,가락현대(6차)
송파구,가락동,1171010700,13668,가락현대TWELVE
송파구,가락동,1171010700,384689,강남팰리스(도)
송파구,가락동,1171010700,23502,골드팰리스
송파구,가락동,1171010700,1967,그랜드
송파구,가락동,1171010700,1964,그린
송파구,가락동,1171010700,303541,그린빌(도)
송파구,가락동,1171010700,1943,극동
송파구,가락동,1171010700,41063,금홍해오름.
송파구,가락동,1171010700,23681,노블레스트.
송파구,가락동,1171010700,13669,대련
송파구,가락동,1171010700,662051,더샵송파루미스타
송파구,가락동,1171010700,19811,동구햇살
송파구,가락동,1171010700,1963,동궁리치웰
송파구,가락동,1171010700,12722,동궁리치웰
송파구,가락동,1171010700,15437,동성
송파구,가락동,1171010700,15139,래미안파크팰리스
송파구,가락동,1171010700,24582,로즈힐
송파구,가락동,1171010700,1944,미륭
송파구,가락동,1171010700,1041407,미성하르딘(도)
송파구,가락동,1171010700,432605,베아트리스(도)
송파구,가락동,1171010700,47385,보스턴파크(도)
송파구,가락동,1171010700,44605,삼성베네스트(도)
송파구,가락동,1171010700,19061,삼성프라자
송파구,가락동,1171010700,1945,삼환가락
송파구,가락동,1171010700,25818,성해
송파구,가락동,1171010700,13250,송파동부센트레빌
송파구,가락동,1171010700,303521,스타빌리지(도)
송파구,가락동,1171010700,1955,신한에스빌
송파구,가락동,1171010700,19071,쌍용노블레스
송파구,가락동,1171010700,19599,씨티빌
송파구,가락동,1171010700,12487,아키죤
송파구,가락동,1171010700,553479,에스아이팰리스송파포레(도시형)
송파구,가락동,1171010700,38845,엘림빌(도).
송파구,가락동,1171010700,1948,예일
송파구,가락동,1171010700,295916,옥천재(도).
송파구,가락동,1171010700,21665,우민
송파구,가락동,1171010700,46703,원파크(도)
송파구,가락동,1171010700,46129,윤앤빌프리미엄Ⅰ
송파구,가락동,1171010700,20139,이연파레스
송파구,가락동,1171010700,18892,정산파크뷰
송파구,가락동,1171010700,303216,정원빌리지(도)
송파구,가락동,1171010700,22925,주성드림빌
송파구,가락동,1171010700,25954,주성파크빌
송파구,가락동,1171010700,24110,청솔
송파구,가락동,1171010700,1965,카나피아
송파구,가락동,1171010700,21751,카나피아
송파구,가락동,1171010700,313527,테라156
송파구,가락동,1171010700,430732,테라펠리체송파(주상복합)
송파구,가락동,1171010700,12486,프라임
송파구,가락동,1171010700,20425,프라임2차.
송파구,가락동,1171010700,1958,프라임레지던스
송파구,가락동,1171010700,1949,프라자
송파구,가락동,1171010700,32148,헬리오시티
송파구,가락동,1171010700,1950,현대5차
송파구,가락동,1171010700,438469,현대5차(161-2)
송파구,거여동,1171011300,40111,e편한세상송파파크센트럴
송파구,거여동,1171011300,1891,거여1단지(도시개발)
송파구,거여동,1171011300,1888,거여2단지동아(효성)
송파구,거여동,1171011300,1892,거여4단지(도시개발)
송파구,거여동,1171011300,1887,거여5단지(도시개발)
송파구,거여동,1171011300,21814,대영무지개.
송파구,거여동,1171011300,44675,더휴가(도)
송파구,거여동,1171011300,20130,로얄
송파구,거여동,1171011300,1889,보화2차.
송파구,거여동,1171011300,19546,블레스
송파구,거여동,1171011300,1884,삼호
송파구,거여동,1171011300,1893,성동레인보우
송파구,거여동,1171011300,47948,송파레이크파크호반써밋1차
송파구,거여동,1171011300,47949,송파레이크파크호반써밋2차
송파구,거여동,1171011300,323275,송파레이크힐
송파구,거여동,1171011300,46734,송파시그니처롯데캐슬
송파구,거여동,1171011300,50164,송파위례리슈빌
송파구,거여동,1171011300,14032,쌍용스윗닷홈거여역1차
송파구,거여동,1171011300,12437,어울림(금호)
송파구,거여동,1171011300,46135,엘리트하우스(도)
송파구,거여동,1171011300,1885,우방(1차)
송파구,거여동,1171011300,435424,인투파크거여1단지
송파구,거여동,1171011300,18426,청솔
송파구,거여동,1171011300,24785,팰리스힐
송파구,거여동,1171011300,323274,포레나송파
송파구,거여동,1171011300,1886,현대(1차)
송파구,거여동,1171011300,1883,현대(2차)
송파구,거여동,1171011300,1890,현대3차
송파구,거여동,1171011300,2136651,힐트리움송파
송파구,마천동,1171011400,1904,금호어울림1차(금호베스트빌)
송파구,마천동,1171011400,18225,기영.
송파구,마천동,1171011400,33889,뉴타운
송파구,마천동,1171011400,21669,다우림
송파구,마천동,1171011400,1897,대성
송파구,마천동,1171011400,39126,대성골드클래스
송파구,마천동,1171011400,49250,대성스카이뷰
송파구,마천동,1171011400,1905,동구햇살
송파구,마천동,1171011400,1896,마천금호(금호타운)
송파구,마천동,1171011400,14114,마천동금호어울림(2차)
송파구,마천동,1171011400,1898,마천동삼익
송파구,마천동,1171011400,1895,마천동우방
송파구,마천동,1171011400,21821,메리트
송파구,마천동,1171011400,21839,보보스빌.
송파구,마천동,1171011400,14118,산성
송파구,마천동,1171011400,1903,성영
송파구,마천동,1171011400,42421,송파건원여미지
송파구,마천동,1171011400,21845,송파자연채
송파구,마천동,1171011400,24343,송파파크데일1단지
송파구,마천동,1171011400,24336,송파파크데일2단지
송파구,마천동,1171011400,1507713,송파파크데일4단지(도시형)
송파구,마천동,1171011400,1902,신동아
송파구,마천동,1171011400,1895596,신여명(도시형)
송파구,마천동,1171011400,35870,씨티빌
송파구,마천동,1171011400,1899,아남
송파구,마천동,1171011400,21840,천마그랑밸리
송파구,마천동,1171011400,1900,한보
송파구,마천동,1171011400,391357,한주리버뷰
송파구,마천동,1171011400,1901,현대그린빌
송파구,문정동,1171010800,1986,건영
송파구,문정동,1171010800,15687,그랜빌캐슬
송파구,문정동,1171010800,501193,다원펠리스(도)
송파구,문정동,1171010800,21911,대림미소나눔
송파구,문정동,1171010800,23729,동부주택브리앙뜨(63-8)
송파구,문정동,1171010800,1998,동부주택브리앙뜨(74)
송파구,문정동,1171010800,20212,동부화이트빌
송파구,문정동,1171010800,26060,동부화이트빌1(2동)
송파구,문정동,1171010800,39862,동성(도)
송파구,문정동,1171010800,39830,드림팰리스
송파구,문정동,1171010800,20378,메트로-사
송파구,문정동,1171010800,343631,모던펠리스(도)
송파구,문정동,1171010800,12723,문정1차동궁리치웰
송파구,문정동,1171010800,1992,문정3차푸르지오
송파구,문정동,1171010800,27347,문정그린.
송파구,문정동,1171010800,12726,문정동궁리치웰(55-3)
송파구,문정동,1171010800,1989,문정동아
송파구,문정동,1171010800,12853,문정래미안
송파구,문정동,1171010800,1987,문정시영
송파구,문정동,1171010800,1099062,문정역마에스트로(주상복합)
송파구,문정동,1171010800,1993,문정연합주택조합
송파구,문정동,1171010800,1990,문정푸르지오1차
송파구,문정동,1171010800,1994,문정푸르지오2차
송파구,문정동,1171010800,27730,미소로
송파구,문정동,1171010800,2308474,베루스송파(도시형)
송파구,문정동,1171010800,30555,보광(도)
송파구,문정동,1171010800,19850,보라뷰
송파구,문정동,1171010800,21332,보라뷰2차
송파구,문정동,1171010800,18462,삼형
송파구,문정동,1171010800,19895,선경쉐르빌(106-15)
송파구,문정동,1171010800,23385,선경쉐르빌(106-23)
송파구,문정동,1171010800,20994,성해
송파구,문정동,1171010800,12532,세양청마루
송파구,문정동,1171010800,28681,송파파크하비오푸르지오
송파구,문정동,1171010800,20935,아름빌
송파구,문정동,1171010800,33952,아이디움
송파구,문정동,1171010800,293586,엠카운티(도)
송파구,문정동,1171010800,617412,예원빌(도)
송파구,문정동,1171010800,1985,올림픽훼밀리타운
송파구,문정동,1171010800,21488,우민늘푸른
송파구,문정동,1171010800,15589,우암예그리나
송파구,문정동,1171010800,27160,은성파크
송파구,문정동,1171010800,1997,인택스빌
송파구,문정동,1171010800,15688,자이파인빌
송파구,문정동,1171010800,295698,제이제이파크(도)
송파구,문정동,1171010800,21672,주성
송파구,문정동,1171010800,22122,주성파크뷰
송파구,문정동,1171010800,1996,크로바.
송파구,문정동,1171010800,21732,트윈팰리스
송파구,문정동,1171010800,12943,프라임
송파구,문정동,1171010800,1995,현대
송파구,문정동,1171010800,1988,현대(1차)
송파구,문정동,1171010800,1991,현대2차
송파구,문정동,1171010800,1082473,힐스테이트e편한세상문정
송파구,방이동,1171011100,2095227,GB블루씨엘(도시형)
송파구,방이동,1171011100,924112,"강남캐슬(민간임대,도시형)"
송파구,방이동,1171011100,1939,광남벨라스
송파구,방이동,1171011100,26351,광명.
송파구,방이동,1171011100,48995,그린빌(도)
송파구,방이동,1171011100,26406,그린파크빌
송파구,방이동,1171011100,27495,뉴파크플러스
송파구,방이동,1171011100,1920,대림
송파구,방이동,1171011100,19396,도무스빌
송파구,방이동,1171011100,1071042,디벨라지오
송파구,방이동,1171011100,34566,몽촌
송파구,방이동,1171011100,1926,방이그린파크
송파구,방이동,1171011100,1925,방이금호어울림
송파구,방이동,1171011100,20375,방이드림펠리스
송파구,방이동,1171011100,45111,보람파크빌리지(도시형)
송파구,방이동,1171011100,21031,보미리즌빌
송파구,방이동,1171011100,20863,부광
송파구,방이동,1171011100,21764,서경
송파구,방이동,1171011100,21666,서림올림피아드
송파구,방이동,1171011100,35831,서울탑빌라트
송파구,방이동,1171011100,29069,세원
송파구,방이동,1171011100,507270,슬로우밀리113(도)
송파구,방이동,1171011100,12624,신구블레스벨리
송파구,방이동,1171011100,19936,신암밀리안
송파구,방이동,1171011100,21531,아쿠아드카사스
송파구,방이동,1171011100,20169,아크로빌
송파구,방이동,1171011100,1934,옥산크리스탈
송파구,방이동,1171011100,21663,올림픽공원한승오디브
송파구,방이동,1171011100,1923,올림픽베어스타운
송파구,방이동,1171011100,1940,올림픽선수기자촌
송파구,방이동,1171011100,1938,올림픽아트빌
송파구,방이동,1171011100,1935,올림픽타워
송파구,방이동,1171011100,735912,올림픽포레다움
송파구,방이동,1171011100,1937,올림픽하이빌
송파구,방이동,1171011100,18483,우광
송파구,방이동,1171011100,15834,원진아뜨리에
송파구,방이동,1171011100,18480,윈저하우스
송파구,방이동,1171011100,18481,은성
송파구,방이동,1171011100,20111,인택스빌3차
송파구,방이동,1171011100,1936,인텍스빌
송파구,방이동,1171011100,21530,인텍스빌2차
송파구,방이동,1171011100,1081185,잠실라펜앤
송파구,방이동,1171011100,31794,정우아트빌
송파구,방이동,1171011100,18790,주함위너스
송파구,방이동,1171011100,1073464,진흥펠리체(도)
송파구,방이동,1171011100,1924,코오롱
송파구,방이동,1171011100,427140,트리니엘
송파구,방이동,1171011100,15600,한성나이스빌
송파구,방이동,1171011100,1929,한솔빌라트
송파구,방이동,1171011100,1922,한양(3차)
송파구,방이동,1171011100,27677,해동
송파구,방이동,1171011100,1931,현대(208-19).
송파구,방이동,1171011100,1932,현대월드빌리지
송파구,방이동,1171011100,1933,현대파크빌라트
송파구,방이동,1171011100,13142,현대홈타운스위트
송파구,방이동,1171011100,504371,호수(家)하우스(도)
송파구,방이동,1171011100,20167,흥진맨션
송파구,삼전동,1171010600,400517,DW동원아이파크
송파구,삼전동,1171010600,21064,경덕
송파구,삼전동,1171010600,39475,굿피플.
송파구,삼전동,1171010600,29809,동승.
송파구,삼전동,1171010600,18116,동신
송파구,삼전동,1171010600,2308848,동화포레스트블루(도시형)
송파구,삼전동,1171010600,40525,메트로샤인
송파구,삼전동,1171010600,41053,삼성
송파구,삼전동,1171010600,651224,슬로우밀리355(도)
송파구,삼전동,1171010600,545734,슬로우밀리611(도)
송파구,삼전동,1171010600,41639,에이메스더리버송파
송파구,삼전동,1171010600,2306645,집앤사탄하우스11(도시형)
송파구,삼전동,1171010600,50419,집앤사하우립
송파구,삼전동,1171010600,723011,트리엘플레이스잠실
송파구,삼전동,1171010600,25369,하늘공원
송파구,삼전동,1171010600,924111,"하우트빌(도시형,민간임대)"
송파구,삼전동,1171010600,34263,하이파크
송파구,삼전동,1171010600,18256,한양
송파구,삼전동,1171010600,1983,현대
송파구,석촌동,1171010500,18486,KLC
송파구,석촌동,1171010500,49348,다성리치빌
송파구,석촌동,1171010500,1110651,루컴스힐더테라스(도)
송파구,석촌동,1171010500,23846,밀란체
송파구,석촌동,1171010500,20735,배명씨앤디
송파구,석촌동,1171010500,18487,서원
송파구,석촌동,1171010500,18488,석촌
송파구,석촌동,1171010500,25459,석촌베스트휴
송파구,석촌동,1171010500,44876,석촌신부파스카빌
송파구,석촌동,1171010500,21234,석촌예명
송파구,석촌동,1171010500,25526,석촌효신
송파구,석촌동,1171010500,1028528,슬로우밀리237(도)
송파구,석촌동,1171010500,617410,에비앙하우스1(도)
송파구,석촌동,1171010500,20118,월드
송파구,석촌동,1171010500,25622,은성
송파구,석촌동,1171010500,1984,잠실한솔
송파구,석촌동,1171010500,293934,청솔레이크
송파구,석촌동,1171010500,29810,현대.
송파구,송파동,1171010400,1970,가락삼익맨숀
송파구,송파동,1171010400,18490,각산
송파구,송파동,1171010400,1100884,갑오빌라트
송파구,송파동,1171010400,24263,경일
송파구,송파동,1171010400,1976,노보빌
송파구,송파동,1171010400,500516,더테라(도)
송파구,송파동,1171010400,50027,더헤리움(도)
송파구,송파동,1171010400,49551,"동광팰리스(136-16,도시형)"
송파구,송파동,1171010400,45732,"동광팰리스(143-1,도시형)"
송파구,송파동,1171010400,24993,래미안송파파인탑
송파구,송파동,1171010400,1969,미성
송파구,송파동,1171010400,296158,밸류SL더힐(도)
송파구,송파동,1171010400,380901,샛별팰리스(도).
송파구,송파동,1171010400,1981,송정
송파구,송파동,1171010400,14205,송파
송파구,송파동,1171010400,12292,송파KCC(금강KCC)
송파구,송파동,1171010400,1978,송파SK
송파구,송파동,1171010400,1975,송파삼성래미안
송파구,송파동,1171010400,26312,송파석촌역한양LEEPS(도시형)
송파구,송파동,1171010400,722554,송파센텀레이크
송파구,송파동,1171010400,432311,송파역마에스트로
송파구,송파동,1171010400,1074881,송파파밀리에더퍼스트
송파구,송파동,1171010400,1082369,송파포트힐한샘인사이드1
송파구,송파동,1171010400,651221,슬로우밀리402(도)
송파구,송파동,1171010400,428219,에스아이팰리스레이크잠실
송파구,송파동,1171010400,19888,에스탑(118-2)
송파구,송파동,1171010400,50414,에스탑(20-10)
송파구,송파동,1171010400,28658,온누리
송파구,송파동,1171010400,18489,위례캐슬빌
송파구,송파동,1171010400,1092965,잠실더샵루벤
송파구,송파동,1171010400,2308633,토성하우스(도시형)
송파구,송파동,1171010400,1074921,한솔파크빌
송파구,송파동,1171010400,1968,한양(1차)
송파구,송파동,1171010400,1972,한양(2차)
송파구,송파동,1171010400,28902,한양파크뷰2
송파구,송파동,1171010400,44391,한영해시안
송파구,송파동,1171010400,1973,현대
송파구,송파동,1171010400,49070,"현진빌리지(128-6,도시형)."
송파구,송파동,1171010400,20249,호수
송파구,송파동,1171010400,1974,호수임광
송파구,송파동,1171010400,14204,홍익봄마을
송파구,송파동,1171010400,1982,힐스빌
송파구,신천동,1171010200,1306363,잠실래미안아이파크
송파구,신천동,1171010200,2103378,잠실르엘
송파구,신천동,1171010200,2005,장미(1차)
송파구,신천동,1171010200,2014,장미(2차)
송파구,신천동,1171010200,2007,장미(3차)
송파구,신천동,1171010200,15616,파크리오
송파구,신천동,1171010200,2010,한신잠실코아
송파구,신천동,1171010200,2013,현대타워(주상복합)
송파구,오금동,1171011200,1907,가락상아(1차)
송파구,오금동,1171011200,1911,가락우창
송파구,오금동,1171011200,22878,광남캐스빌
송파구,오금동,1171011200,33679,그랑밸리(119-27)
송파구,오금동,1171011200,350683,"그랑밸리(131-9,도시형)"
송파구,오금동,1171011200,33237,그랑밸리(64)
송파구,오금동,1171011200,45883,그랑밸리(도)
송파구,오금동,1171011200,26380,금성리치몬드
송파구,오금동,1171011200,13670,노블레스카운티
송파구,오금동,1171011200,345177,노블하우스
송파구,오금동,1171011200,47994,다빈치힐(도시형)
송파구,오금동,1171011200,42707,다성이즈빌
송파구,오금동,1171011200,20419,다성이즈빌클래식
송파구,오금동,1171011200,1918,다성파크뷰
송파구,오금동,1171011200,1906,대림
송파구,오금동,1171011200,343184,대산리버빌(도)
송파구,오금동,1171011200,655527,대성탑팰리스(도)
송파구,오금동,1171011200,20121,대영공원
송파구,오금동,1171011200,379144,더뷰21
송파구,오금동,1171011200,39344,로얄파크(도).
송파구,오금동,1171011200,44282,마나하임
송파구,오금동,1171011200,19733,매그놀리아
송파구,오금동,1171011200,20438,명성
송파구,오금동,1171011200,29054,뮤즈빌
송파구,오금동,1171011200,45668,미소
송파구,오금동,1171011200,45074,미하우스(도)
송파구,오금동,1171011200,1909,삼성
송파구,오금동,1171011200,48653,삼정하우스(도)
송파구,오금동,1171011200,1914,상아(2차)
송파구,오금동,1171011200,45317,상지아트빌(도)
송파구,오금동,1171011200,499214,송파더플래티넘
송파구,오금동,1171011200,35403,송파두산위브
송파구,오금동,1171011200,35352,송파레미니스1단지
송파구,오금동,1171011200,37877,송파레미니스2단지
송파구,오금동,1171011200,32529,송파호반베르디움더퍼스트
송파구,오금동,1171011200,47307,숨결82(도)
송파구,오금동,1171011200,21670,아키스
송파구,오금동,1171011200,1077707,에스아이팰리스오금(도)
송파구,오금동,1171011200,43008,에일린하우스.(도)
송파구,오금동,1171011200,38188,엘리시움
송파구,오금동,1171011200,1912,영풍
송파구,오금동,1171011200,924113,오감채(도)
송파구,오금동,1171011200,27206,오금그랑밸리
송파구,오금동,1171011200,1919,오금동반석블레스빌
송파구,오금동,1171011200,36271,오금동쌍용스윗닷홈
송파구,오금동,1171011200,1915,오금동우방
송파구,오금동,1171011200,20240,오금아르미안
송파구,오금동,1171011200,545737,오륜파크빌
송파구,오금동,1171011200,20129,우송그린
송파구,오금동,1171011200,347450,우영채움빌
송파구,오금동,1171011200,507482,제니스빌(도)
송파구,오금동,1171011200,41892,중앙클래식하우스(도)
송파구,오금동,1171011200,21846,한두리
송파구,오금동,1171011200,46048,한두리타워(도)
송파구,오금동,1171011200,734213,한성뉴빌리지(도).
송파구,오금동,1171011200,1908,"현대(2,3,4차)"
송파구,오금동,1171011200,1913,현대백조
송파구,오금동,1171011200,45314,현대씨티빌
송파구,오금동,1171011200,45833,현대하이츠(도)
송파구,오금동,1171011200,1916,혜성공원
송파구,잠실동,1171010100,323737,다올77(도)
송파구,잠실동,1171010100,14618,레이크팰리스
송파구,잠실동,1171010100,15524,리센츠
송파구,잠실동,1171010100,38823,리움캐슬
송파구,잠실동,1171010100,617384,삼성베스트빌(도)
송파구,잠실동,1171010100,1999,아시아선수촌
송파구,잠실동,1171010100,2002,우성(4차)
송파구,잠실동,1171010100,2001,"우성1,2,3차"
송파구,잠실동,1171010100,2004,잠실(신동아예지움)
송파구,잠실동,1171010100,15617,잠실엘스
송파구,잠실동,1171010100,2000,잠실주공(5단지)
송파구,잠실동,1171010100,379070,잠실파크(도).
송파구,잠실동,1171010100,14988,트리지움
송파구,잠실동,1171010100,50058,파로스타워(도).
송파구,잠실동,1171010100,47661,한울타리
송파구,잠실동,1171010100,2003,현대
송파구,장지동,1171010900,25766,송파더센트레
송파구,장지동,1171010900,28759,송파와이즈더샵
송파구,장지동,1171010900,15041,송파파인타운10단지
송파구,장지동,1171010900,15042,송파파인타운11단지
송파구,장지동,1171010900,23558,송파파인타운12단지
송파구,장지동,1171010900,23559,송파파인타운13단지
송파구,장지동,1171010900,22402,송파파인타운1단지
송파구,장지동,1171010900,15738,송파파인타운2단지
송파구,장지동,1171010900,15663,송파파인타운3단지
송파구,장지동,1171010900,15449,송파파인타운4단지
송파구,장지동,1171010900,15699,송파파인타운5단지
송파구,장지동,1171010900,15700,송파파인타운6단지
송파구,장지동,1171010900,15308,송파파인타운7단지
송파구,장지동,1171010900,15813,송파파인타운8단지
송파구,장지동,1171010900,15309,송파파인타운9단지
송파구,장지동,1171010900,25769,위례24단지(꿈에그린)
송파구,장지동,1171010900,28686,위례2차아이파크
송파구,장지동,1171010900,26826,위례신도시송파푸르지오
송파구,장지동,1171010900,28489,위례아이파크
송파구,장지동,1171010900,29924,위례중앙푸르지오1단지
송파구,장지동,1171010900,28832,힐스테이트송파위례
송파구,풍납동,1171010300,21867,KNP상상
송파구,풍납동,1171010300,1874,갑을
송파구,풍납동,1171010300,1868,극동
송파구,풍납동,1171010300,25535,금강캐스빌
송파구,풍납동,1171010300,1881,대동
송파구,풍납동,1171010300,1875,대아
송파구,풍납동,1171010300,1869,동아한가람
송파구,풍납동,1171010300,498004,드림스페이스Ⅱ(도시형)
송파구,풍납동,1171010300,21671,미랜드퀸
송파구,풍납동,1171010300,1870,미성맨션
송파구,풍납동,1171010300,15270,송파앤스위트
송파구,풍납동,1171010300,15888,송파해모로
송파구,풍납동,1171010300,13925,송파현대힐스테이트
송파구,풍납동,1171010300,42750,스타아트빌
송파구,풍납동,1171010300,1871,신동아
송파구,풍납동,1171010300,1866,신성노바빌
송파구,풍납동,1171010300,1880,신아
송파구,풍납동,1171010300,1872,쌍용
송파구,풍납동,1171010300,1864,씨티극동
송파구,풍납동,1171010300,1879,연지토성
송파구,풍납동,1171010300,1682501,올림픽레아
송파구,풍납동,1171010300,1882,유천파크맨션
송파구,풍납동,1171010300,1095431,이트리움송파.
송파구,풍납동,1171010300,35176,잠실올림픽공원아이파크
송파구,풍납동,1171010300,440770,정원드림스페이스(도시형)
송파구,풍납동,1171010300,28469,칼라.
송파구,풍납동,1171010300,500735,풍납휴먼빌(도)
송파구,풍납동,1171010300,1865,한강극동
송파구,풍납동,1171010300,1867,현대(강변)
송파구,풍납동,1171010300,1876,현대(토성)
송파구,풍납동,1171010300,1873,현대(풍납)
송파구,풍납동,1171010300,340684,현대뉴그린(도)
송파구,풍납동,1171010300,1877,현대리버빌(1지구)
송파구,풍납동,1171010300,1878,현대리버빌(2지구)
