strategy,month_number,actual_withdrawal_krw,tax_paid_krw,ending_balance_krw,us_core_value_krw,us_core_principal_krw,us_core_gain_krw,isa_principal_krw,isa_gain_krw,pension_principal_krw,pension_gain_krw,general_krw,us_excess_krw
계좌순,0,0.0,0.0,400000000.0,25000000.0,25000000.0,0.0,100000000.0,0.0,18000000.0,0.0,200000000.0,57000000.0
계좌순,1,5000000.0,0.0,397735130.16711396,25199353.510722592,25000000.0,199353.51072259247,100000000.0,797414.0428903699,18000000.0,143534.52772026882,201594828.08578074,52000000.0
계좌순,2,5000000.0,0.0,395492070.6462719,25400296.694334686,25000000.0,400296.6943346858,100000000.0,1601186.7773387432,18000000.0,288213.61992097273,203202373.5546775,47000000.0
계좌순,3,5000000.0,0.0,393270995.35596466,25602842.227111127,25000000.0,602842.2271111272,100000000.0,2411368.908444509,18000000.0,434046.4035200104,204822737.81688902,42000000.0
계좌순,4,5000000.0,0.0,391072079.601534,25807002.886409182,25000000.0,807002.8864091821,100000000.0,3228011.5456367284,18000000.0,581042.0782146081,206456023.09127346,37000000.0
계좌순,5,5000000.0,0.0,388895500.08623064,26012791.551474534,25000000.0,1012791.551474534,100000000.0,4051166.205898136,18000000.0,729209.9170616642,208102332.41179627,32000000.0
계좌순,6,5000000.0,0.0,386741434.92236197,26220221.20425379,25000000.0,1220221.204253789,100000000.0,4880884.817015156,18000000.0,878559.2670627311,209761769.6340303,27000000.0
계좌순,7,5000000.0,0.0,384610063.6425283,26429304.930213433,25000000.0,1429304.9302134328,100000000.0,5717219.720853731,18000000.0,1029099.5497536696,211434439.44170746,22000000.0
계좌순,8,5000000.0,0.0,382501567.2109476,26640055.919165272,25000000.0,1640055.9191652723,100000000.0,6560223.676661089,18000000.0,1180840.2617989965,213120447.35332218,17000000.0
계좌순,9,5000000.0,0.0,380416128.03487206,26852487.466098547,25000000.0,1852487.466098547,100000000.0,7409949.864394188,18000000.0,1333790.9755909517,214819899.72878838,12000000.0
계좌순,10,5000000.0,0.0,378353929.97609514,27066612.972018596,25000000.0,2066612.9720185958,100000000.0,8266451.888074383,18000000.0,1487961.3398533873,216532903.77614877,7000000.0
계좌순,11,5000000.0,0.0,376315158.3625498,27282445.94479226,25000000.0,2282445.9447922595,100000000.0,9129783.779169038,18000000.0,1643361.0802504271,218259567.55833808,2000000.0
계좌순,12,5000000.0,70993.9148073024,374001825.5578094,24999999.999999996,22727272.72727272,2272727.272727277,100000000.0,10000000.00000003,36000000.0,1800000.0000000075,198701825.55780938,2500000.0000000075
계좌순,13,5000000.0,38348.21732432814,371925885.06707716,25199353.510722592,22727272.72727272,2472080.7834498733,100000000.0,10877155.447179437,36000000.0,2101422.5082125664,197747953.60096258,0.0
계좌순,14,5000000.0,82366.5292839168,369809307.77446246,25400296.694334682,22727272.72727272,2673023.967061963,100000000.0,11761305.455072641,36000000.0,2405248.601834044,194242457.02322108,0.0
계좌순,15,5000000.0,88004.29716741512,367670214.8294043,25602842.227111127,22727272.72727272,2875569.499838408,100000000.0,12652505.799289003,36000000.0,2711497.4473920316,190703369.35561216,0.0
계좌순,16,5000000.0,93609.83766170127,365508458.91631746,25807002.88640918,22727272.72727272,3079730.159136459,100000000.0,13550812.700200424,36000000.0,3020188.3642506823,187130454.9654572,0.0
계좌순,17,5000000.0,99183.25101797747,363323891.44465053,26012791.551474534,22727272.72727272,3285518.824201815,100000000.0,14456282.826487988,36000000.0,3331340.825829506,183523476.24085847,0.0
계좌순,18,5000000.0,104724.63835666243,361116362.5378492,26220221.20425379,22727272.72727272,3492948.47698107,100000000.0,15368973.298716709,36000000.0,3644974.460831739,179882193.57404697,0.0
계좌순,19,5000000.0,110234.10164809032,358885721.0222528,26429304.93021343,22727272.72727272,3702032.20294071,100000000.0,16288941.692939132,36000000.0,3961109.0544827133,176206365.34461758,0.0
계좌순,20,5000000.0,115711.7436933424,356631814.4159194,26640055.919165272,22727272.72727272,3912783.191892553,100000000.0,17216246.04432723,36000000.0,4279764.549777895,172495747.902649,0.0
계좌순,21,5000000.0,121157.66810521657,354354488.91738147,26852487.466098543,22727272.72727272,4125214.738825824,100000000.0,18150944.85083364,36000000.0,4600961.048741013,168750095.55170828,0.0
계좌순,22,5000000.0,126571.9792893347,352053589.39433175,27066612.972018592,22727272.72727272,4339340.244745873,100000000.0,19093097.076881856,36000000.0,4924718.813692123,164969160.53173918,0.0
계좌순,23,5000000.0,131954.78242538963,349728959.3722363,27282445.944792252,22727272.72727272,4555173.217519533,100000000.0,20042762.157085955,36000000.0,5251058.268525898,161152693.00183222,0.0
계좌순,24,5000000.0,137306.1834485339,346886138.76246166,25000000.0,20661157.02479338,4338842.975206621,100000000.0,21000000.00000006,54000000.0,5580000.000000015,138806138.7624616,2500000.0000000037
계좌순,25,5000000.0,71313.14451545505,344561009.05020607,25199353.5107226,20661157.02479338,4538196.485929221,100000000.0,21964870.991897434,54000000.0,6055099.286754109,137341685.26083195,0.0
계좌순,26,5000000.0,147915.20656332732,342160671.71613383,25400296.694334686,20661157.02479338,4739139.669541307,100000000.0,22937436.00057994,54000000.0,6533987.081938438,133288951.93928078,0.0
계좌순,27,5000000.0,153173.0441370813,339735935.91750926,25602842.22711113,20661157.02479338,4941685.202317752,100000000.0,23917756.379217938,54000000.0,7016693.5956512615,129198643.71552894,0.0
계좌순,28,5000000.0,158399.9105259222,337286638.06873465,25807002.886409186,20661157.02479338,5145845.861615807,100000000.0,24905893.97022052,54000000.0,7503249.278890386,125070491.93321455,0.0
계좌순,29,5000000.0,163595.91516817085,334812613.1703193,26012791.551474534,20661157.02479338,5351634.526681155,100000000.0,25901911.109136805,54000000.0,7993684.825474121,120904225.68423387,0.0
계좌순,30,5000000.0,168761.16814898365,332313694.79695874,26220221.204253796,20661157.02479338,5559064.1794604175,100000000.0,26905870.628588423,54000000.0,8488031.173977658,116699571.79013886,0.0
계좌순,31,5000000.0,173895.78018276746,329789715.0855348,26429304.930213436,20661157.02479338,5768147.9054200575,100000000.0,27917835.862233087,54000000.0,8986319.509684674,112456254.78340359,0.0
계좌순,32,5000000.0,178999.86259574658,327240504.72303927,26640055.919165276,20661157.02479338,5978898.894371897,100000000.0,28937870.64875999,54000000.0,9488581.266554698,108173996.88855928,0.0
계좌순,33,5000000.0,184073.5273086823,324665892.9344174,26852487.46609855,20661157.02479338,6191330.441305172,100000000.0,29966039.33591704,54000000.0,9994848.129206076,103852518.00319578,0.0
계좌순,34,5000000.0,189116.886819744,322065707.47033215,27066612.972018596,20661157.02479338,6405455.947225217,100000000.0,31002406.784570068,54000000.0,10505152.034914732,99491535.67882879,0.0
계좌순,35,5000000.0,194130.05418753703,319439774.5948473,27282445.944792263,20661157.02479338,6621288.919998884,100000000.0,32047038.372794613,54000000.0,11019525.175628938,95090765.10163152,0.0
계좌순,36,5000000.0,199113.14301428298,316071111.7581783,25000000.0,18782870.02253943,6217129.977460571,100000000.0,33100000.000000104,72000000.0,11538000.000000045,71933111.75817813,2500000.000000011
계좌순,37,5000000.0,102033.1337145786,313469538.7040709,25199353.510722596,18782870.02253943,6416483.488183167,100000000.0,34161358.09108721,72000000.0,12204143.743149802,69904683.35911131,0.0
계좌순,38,5000000.0,208989.5420717855,310760199.28380907,25400296.694334686,18782870.02253943,6617426.671795256,100000000.0,35231179.60063797,72000000.0,12875599.410053283,65253123.578783125,0.0
계좌순,39,5000000.0,213883.08207588742,308024361.6705364,25602842.227111135,18782870.02253943,6819972.204571705,100000000.0,36309532.01713979,72000000.0,13552409.35873644,60559578.067549065,0.0
계좌순,40,5000000.0,218747.0030530926,305261844.18296766,25807002.886409182,18782870.02253943,7024132.863869753,100000000.0,37396483.367242604,72000000.0,14234616.28499405,55823741.64432178,0.0
계좌순,41,5000000.0,223581.42107690393,302472463.5749918,26012791.551474534,18782870.02253943,7229921.528935105,100000000.0,38492102.220050514,72000000.0,14922263.225083232,51045306.578383535,0.0
계좌순,42,5000000.0,228386.45266682352,299656035.0227485,26220221.204253793,18782870.02253943,7437351.181714363,100000000.0,39596457.69144732,72000000.0,15615393.558438182,46223962.568609186,0.0
계좌순,43,5000000.0,233162.21477263726,296812372.1116158,26429304.930213433,18782870.02253943,7646434.907674003,100000000.0,40709619.44845644,72000000.0,16314051.010406837,41359396.72253903,0.0
계좌순,44,5000000.0,237908.82475886052,293941286.82311094,26640055.919165276,18782870.02253943,7857185.896625847,100000000.0,41831657.71363604,72000000.0,17018279.655009195,36451293.53530044,0.0
계좌순,45,5000000.0,242626.40038934108,291042589.52170175,26852487.466098547,18782870.02253943,8069617.443559118,100000000.0,42962643.26950878,72000000.0,17728123.917717665,31499334.868376777,0.0
계좌순,46,5000000.0,247315.05981202505,288116088.9415276,27066612.972018596,18782870.02253943,8283742.949479166,100000000.0,44102647.46302712,72000000.0,18443628.578259617,26503199.92822225,0.0
계좌순,47,5000000.0,251974.92154388208,285161592.17302996,27282445.94479226,18782870.02253943,8499575.92225283,100000000.0,45251742.2100741,72000000.0,19164838.773442283,21462565.244721323,0.0
계좌순,48,5000000.0,132287.687765322,281379441.0901406,25000000.0,17075336.38412675,7924663.615873251,100000000.0,46410000.00000015,87577641.09014036,19891800.000000075,0.0,2500000.0000000075
계좌순,49,5000000.0,0.0,278603264.91612756,25199353.510722596,17075336.38412675,8124017.126595847,100000000.0,47577493.900195956,85077641.09014037,20748776.41506864,0.0,0.0
계좌순,50,5000000.0,0.0,275824886.47451985,25400296.694334686,17075336.38412675,8324960.310207937,100000000.0,48754297.56070182,80077641.09014037,21592651.129342988,0.0,0.0
계좌순,51,5000000.0,0.0,273024352.8530541,25602842.22711113,17075336.38412675,8527505.842984382,100000000.0,49940485.2188538,75077641.09014037,22403384.316948816,0.0,0.0
계좌순,52,5000000.0,0.0,270201487.38321495,25807002.886409182,17075336.38412675,8731666.502282433,100000000.0,51136131.703966886,70077641.09014037,23180711.702698484,0.0,0.0
계좌순,53,5000000.0,0.0,267356111.98770735,26012791.551474534,17075336.38412675,8937455.167347785,100000000.0,52341312.44205561,65077641.09014037,23924366.90403682,0.0,0.0
계좌순,54,5000000.0,0.0,264488047.16922304,26220221.204253793,17075336.38412675,9144884.820127044,100000000.0,53556103.46059206,60077641.09014037,24634081.414236814,0.0,0.0
계좌순,55,5000000.0,0.0,261597111.99911696,26429304.930213433,17075336.38412675,9353968.546086684,100000000.0,54780581.39330211,55077641.09014037,25309584.58546105,0.0,0.0
계좌순,56,5000000.0,0.0,258683124.10599357,26640055.919165272,17075336.38412675,9564719.535038523,100000000.0,56014823.48499966,50077641.09014037,25950603.61168827,0.0,0.0
계좌순,57,5000000.0,0.0,255745899.66420233,26852487.466098543,17075336.38412675,9777151.081971794,100000000.0,57258907.59645969,45077641.09014037,26556863.51150371,0.0,0.0
계좌순,58,5000000.0,0.0,252785253.382241,27066612.972018592,17075336.38412675,9991276.587891843,100000000.0,58512912.20932987,40077641.09014037,27128087.11075218,0.0,0.0
계좌순,59,5000000.0,0.0,249800998.49106705,27282445.94479226,17075336.38412675,10207109.56066551,100000000.0,59776916.43108156,35077641.09014037,27663995.025052845,0.0,0.0
계좌순,60,5000000.0,0.0,246792946.73231518,24999999.999999996,15523033.076478856,9476966.92352114,100000000.0,61051000.00000024,30077641.090140373,28164305.64217457,0.0,2500000.000000011
계좌순,61,5000000.0,0.0,243740972.99534935,25199353.51072259,15523033.076478856,9676320.434243733,100000000.0,62335243.29021561,27577641.090140384,28628735.104270775,0.0,0.0
계좌순,62,5000000.0,0.0,240684597.74229193,25400296.694334682,15523033.076478856,9877263.617855826,100000000.0,63629727.31677204,22577641.090140384,29076932.6410448,0.0,0.0
계좌순,63,5000000.0,0.0,237603850.52376312,25602842.227111127,15523033.076478856,10079809.150632272,100000000.0,64934533.7407392,17577641.090140384,29488833.46577243,0.0,0.0
계좌순,64,5000000.0,0.0,234498536.9942879,25807002.88640918,15523033.076478856,10283969.809930323,100000000.0,66249744.87436363,12577641.090140384,29864148.143374708,0.0,0.0
계좌순,65,5000000.0,0.0,231368461.25865284,26012791.55147453,15523033.076478856,10489758.474995675,100000000.0,67575443.68626124,7577641.090140384,30202584.93077669,0.0,0.0
계좌순,66,5000000.0,0.0,228213425.8595487,26220221.20425379,15523033.076478856,10697188.127774933,100000000.0,68911713.80665132,2577641.0901403837,30503849.758503206,0.0,0.0
계좌순,67,5000000.0,478669.7247027985,224554562.04041117,26429304.93021343,15523033.076478856,10906271.853734573,100000000.0,70258639.53263238,0.0,27866617.577565372,0.0,0.0
계좌순,68,5000000.0,988023.9520958085,220357167.6999766,26640055.91916527,15523033.076478856,11117022.842686413,100000000.0,71616305.8334997,0.0,22100805.947311625,0.0,0.0
계좌순,69,5000000.0,988023.9520958085,216126302.7476359,26852487.466098543,15523033.076478856,11329454.389619688,100000000.0,72984798.35610572,0.0,16289016.925431632,0.0,0.0
계좌순,70,5000000.0,988023.9520958085,211861700.2840295,27066612.972018592,15523033.076478856,11543579.895539736,100000000.0,74364203.43026292,0.0,10430883.881748004,0.0,0.0
계좌순,71,5000000.0,988023.9520958085,207563091.28150484,27282445.944792256,15523033.076478856,11759412.8683134,100000000.0,75754608.07418975,0.0,4526037.262522843,0.0,0.0
계좌순,72,5000000.0,752751.2056747075,203465477.31356624,25000000.0,14111848.251344413,10888151.748655587,98809377.31356594,77156100.0000003,0.0,0.0,0.0,2500000.0000000037
계좌순,73,5000000.0,0.0,200068004.25102627,25199353.510722592,14111848.251344413,11087505.25937818,96309377.31356594,78559273.42673776,0.0,0.0,0.0,0.0
계좌순,74,5000000.0,0.0,196663374.6122545,25400296.694334686,14111848.251344413,11288448.442990273,91309377.31356594,79953700.60435387,0.0,0.0,0.0,0.0
계좌순,75,5000000.0,0.0,193231595.9786347,25602842.22711113,14111848.251344413,11490993.975766718,86309377.31356594,81319376.43795761,0.0,0.0,0.0,0.0
계좌순,76,5000000.0,0.0,189772451.86026952,25807002.886409182,14111848.251344413,11695154.63506477,81309377.31356594,82656071.66029438,0.0,0.0,0.0,0.0
계좌순,77,5000000.0,0.0,186285724.04094067,26012791.551474534,14111848.251344413,11900943.300130121,76309377.31356594,83963555.17590019,0.0,0.0,0.0,0.0
계좌순,78,5000000.0,0.0,182771192.56434315,26220221.204253793,14111848.251344413,12108372.95290938,71309377.31356594,85241594.04652342,0.0,0.0,0.0,0.0
계좌순,79,5000000.0,0.0,179228635.72020942,26429304.930213433,14111848.251344413,12317456.67886902,66309377.31356594,86489953.47643006,0.0,0.0,0.0,0.0
계좌순,80,5000000.0,0.0,175657830.03032324,26640055.919165272,14111848.251344413,12528207.66782086,61309377.31356594,87708396.79759201,0.0,0.0,0.0,0.0
계좌순,81,5000000.0,0.0,172058550.23442152,26852487.466098547,14111848.251344413,12740639.214754134,56309377.31356594,88896685.45475703,0.0,0.0,0.0,0.0
계좌순,82,5000000.0,0.0,168430569.2759844,27066612.972018592,14111848.251344413,12954764.72067418,51309377.31356594,90054578.99039987,0.0,0.0,0.0,0.0
계좌순,83,5000000.0,0.0,164773658.28791133,27282445.94479226,14111848.251344413,13170597.693447847,46309377.31356594,91181835.02955312,0.0,0.0,0.0,0.0
계좌순,84,5000000.0,0.0,161087586.5780833,25000000.000000004,12828952.955767645,12171047.04423236,41309377.31356594,92278209.26451737,0.0,0.0,0.0,2500000.0000000075
계좌순,85,5000000.0,0.0,157352186.2637379,25199353.510722596,12828952.955767645,12370400.554954952,38809377.31356595,93343455.43944934,0.0,0.0,0.0,0.0
계좌순,86,5000000.0,0.0,153606934.69379994,25400296.694334686,12828952.955767645,12571343.738567041,33809377.31356595,94397260.68589932,0.0,0.0,0.0,0.0
계좌순,87,5000000.0,0.0,149831817.96190175,25602842.22711113,12828952.955767645,12773889.271343486,28809377.313565947,95419598.42122468,0.0,0.0,0.0,0.0
계좌순,88,5000000.0,0.0,146026597.9190479,25807002.886409182,12828952.955767645,12978049.930641538,23809377.313565947,96410217.71907276,0.0,0.0,0.0,0.0
계좌순,89,5000000.0,0.0,142191034.51720947,26012791.551474534,12828952.955767645,13183838.59570689,18809377.313565947,97368865.65216899,0.0,0.0,0.0,0.0
계좌순,90,5000000.0,0.0,138324885.79418078,26220221.204253796,12828952.955767645,13391268.248486152,13809377.313565947,98295287.27636105,0.0,0.0,0.0,0.0
계좌순,91,5000000.0,0.0,134427907.85831565,26429304.930213436,12828952.955767645,13600351.974445792,8809377.313565947,99189225.61453629,0.0,0.0,0.0,0.0
계좌순,92,5000000.0,0.0,130499854.87314159,26640055.919165276,12828952.955767645,13811102.963397631,3809377.313565947,100050421.64041036,0.0,0.0,0.0,0.0
계좌순,93,5000000.0,9788982.811956521,116751496.22989506,26852487.466098547,12828952.955767645,14023534.510330902,20000000.0,0.0,18000000.0,0.0,51899008.76379651,0.0
계좌순,94,5000000.0,6098.943905700396,112676390.11221117,27066612.972018596,12828952.955767645,14237660.016250951,20000000.0,159482.80857807398,18000000.0,143534.52772026882,47306759.80389423,0.0
계좌순,95,5000000.0,12164.359286382945,108562723.11070152,27282445.944792263,12828952.955767645,14453492.989024619,20000000.0,320237.3554677479,18000000.0,288213.61992097646,42671826.190520525,0.0
계좌순,96,5000000.0,18196.332126730285,104344714.38234746,25000000.0,11662684.50524331,13337315.49475669,20000000.0,482273.7816889025,36000000.0,434046.40352001786,19928394.197138544,2500000.0000000075
계좌순,97,5000000.0,12097.47478194423,100144740.96199195,25199353.510722596,11662684.50524331,13536669.005479285,20000000.0,645602.309127342,36000000.0,724576.6059348732,17575208.53620714,0.0
계좌순,98,4999999.999999999,30160.299866498,95913148.88977256,25400296.694334686,11662684.50524331,13737612.189091375,20000000.0,810233.2411796227,36000000.0,1017423.5369826406,12685195.417275628,0.0
계좌순,99,4999999.999999999,36092.47241382917,91641881.33558415,25602842.22711113,11662684.50524331,13940157.72186782,20000000.0,976176.9634030312,36000000.0,1312605.6705827415,7750256.474487241,0.0
계좌순,100,5000000.0,41991.557675023,87330655.00884801,25807002.886409182,11662684.50524331,14144318.381165871,20000000.0,1143443.9441707432,36000000.0,1610141.6279682815,2770066.5502997995,0.0
계좌순,101,5000000.0,26471.82225797151,83000570.09337875,26012791.551474538,11662684.50524331,14350107.046231227,20000000.0,1312044.735332217,33765683.627711326,1910050.1788606644,0.0,0.0
계좌순,102,5000000.0,0.0,78662428.2949824,26220221.204253793,11662684.50524331,14557536.699010482,20000000.0,1481989.9728788324,28765683.627711326,2194533.490138456,0.0,0.0
계좌순,103,5000000.0,0.0,74289693.54468518,26429304.930213436,11662684.50524331,14766620.424970126,20000000.0,1653290.3776148744,23765683.627711326,2441414.6091455445,0.0,0.0
계좌순,104,5000000.0,0.0,69882089.99343072,26640055.919165276,11662684.50524331,14977371.413921965,20000000.0,1825956.7558338046,18765683.627711326,2650393.690720316,0.0,0.0
계좌순,105,5000000.0,0.0,65439339.59250362,26852487.466098547,11662684.50524331,15189802.960855236,20000000.0,2000000.0000000037,13765683.627711326,2821168.498693751,0.0,0.0
계좌순,106,5000000.0,0.0,60961162.07598898,27066612.972018596,11662684.50524331,15403928.466775285,20000000.0,2175431.0894358866,8765683.627711326,2953434.3868231643,0.0,0.0
계좌순,107,5000000.0,0.0,56447274.94309207,27282445.94479226,11662684.50524331,15619761.439548949,20000000.0,2352261.091014527,3765683.627711326,3046884.2795739593,0.0,0.0
계좌순,108,5000000.0,243906.82805704343,51653486.61226019,25000000.0,10602440.459312096,14397559.540687904,20000000.0,2530501.1598577984,0.0,1622985.4524023775,0.0,2500000.000000011
계좌순,109,5000000.0,269928.01544179383,46775515.4016348,25199353.510722592,10602440.459312096,14596913.051410496,18865999.350872118,2710162.540040087,0.0,0.0,0.0,0.0
계좌순,110,5000000.0,0.0,42148509.930081785,25400296.694334682,10602440.459312096,14797856.235022586,13865999.350872118,2882213.8848749828,0.0,0.0,0.0,0.0
계좌순,111,5000000.0,0.0,37484608.0671333,25602842.227111127,10602440.459312096,15000401.767799031,8865999.350872118,3015766.4891500548,0.0,0.0,0.0,0.0
계좌순,112,5000000.0,0.0,32783515.595783044,25807002.886409182,10602440.459312096,15204562.427097086,3865999.350872118,3110513.3585017435,0.0,0.0,0.0,0.0
계좌순,113,5000000.0,487586.33778474975,27557349.615112226,26012791.551474534,10602440.459312096,15410351.092162438,1544558.063637691,0.0,0.0,0.0,0.0,0.0
계좌순,114,5000000.0,252983.08195548743,22524112.708836038,22524112.708836038,9107877.543593185,13416235.165242853,0.0,0.0,0.0,0.0,0.0,0.0
계좌순,115,5000000.0,758672.2201028711,16945050.92650988,16945050.92650988,6797715.414867001,10147335.511642879,0.0,0.0,0.0,0.0,0.0,0.0
계좌순,116,5000000.0,763306.7037868771,11316866.438385919,11316866.438385919,4503984.637384111,6812881.801001808,0.0,0.0,0.0,0.0,0.0,0.0
계좌순,117,5000000.0,767911.9009237568,5639196.819656999,5639196.819656999,2226581.3770228853,3412615.4426341136,0.0,0.0,0.0,0.0,0.0,0.0
계좌순,118,4923496.265207509,760668.3017956631,0.0,0.0,0.0,0.0,0.0,0.0,0.0,0.0,0.0,0.0
과세이연,0,0.0,0.0,400000000.0,25000000.0,25000000.0,0.0,100000000.0,0.0,18000000.0,0.0,200000000.0,57000000.0
과세이연,1,5000000.0,0.0,397735130.16711396,25199353.510722592,25000000.0,199353.51072259247,100000000.0,797414.0428903699,18000000.0,143534.52772026882,201594828.08578074,52000000.0
과세이연,2,5000000.0,0.0,395492070.6462719,25400296.694334686,25000000.0,400296.6943346858,100000000.0,1601186.7773387432,18000000.0,288213.61992097273,203202373.5546775,47000000.0
과세이연,3,5000000.0,0.0,393270995.35596466,25602842.227111127,25000000.0,602842.2271111272,100000000.0,2411368.908444509,18000000.0,434046.4035200104,204822737.81688902,42000000.0
과세이연,4,5000000.0,0.0,391072079.601534,25807002.886409182,25000000.0,807002.8864091821,100000000.0,3228011.5456367284,18000000.0,581042.0782146081,206456023.09127346,37000000.0
과세이연,5,5000000.0,0.0,388895500.08623064,26012791.551474534,25000000.0,1012791.551474534,100000000.0,4051166.205898136,18000000.0,729209.9170616642,208102332.41179627,32000000.0
과세이연,6,5000000.0,0.0,386741434.92236197,26220221.20425379,25000000.0,1220221.204253789,100000000.0,4880884.817015156,18000000.0,878559.2670627311,209761769.6340303,27000000.0
과세이연,7,5000000.0,0.0,384610063.6425283,26429304.930213433,25000000.0,1429304.9302134328,100000000.0,5717219.720853731,18000000.0,1029099.5497536696,211434439.44170746,22000000.0
과세이연,8,5000000.0,0.0,382501567.2109476,26640055.919165272,25000000.0,1640055.9191652723,100000000.0,6560223.676661089,18000000.0,1180840.2617989965,213120447.35332218,17000000.0
과세이연,9,5000000.0,0.0,380416128.03487206,26852487.466098547,25000000.0,1852487.466098547,100000000.0,7409949.864394188,18000000.0,1333790.9755909517,214819899.72878838,12000000.0
과세이연,10,5000000.0,0.0,378353929.97609514,27066612.972018596,25000000.0,2066612.9720185958,100000000.0,8266451.888074383,18000000.0,1487961.3398533873,216532903.77614877,7000000.0
과세이연,11,5000000.0,0.0,376315158.3625498,27282445.94479226,25000000.0,2282445.9447922595,100000000.0,9129783.779169038,18000000.0,1643361.0802504271,218259567.55833808,2000000.0
과세이연,12,5000000.0,70993.9148073024,374001825.5578094,24999999.999999996,22727272.72727272,2272727.272727277,100000000.0,10000000.00000003,36000000.0,1800000.0000000075,198701825.55780938,2500000.0000000075
과세이연,13,5000000.0,38348.21732432814,371925885.06707716,25199353.510722592,22727272.72727272,2472080.7834498733,100000000.0,10877155.447179437,36000000.0,2101422.5082125664,197747953.60096258,0.0
과세이연,14,5000000.0,82366.5292839168,369809307.77446246,25400296.694334682,22727272.72727272,2673023.967061963,100000000.0,11761305.455072641,36000000.0,2405248.601834044,194242457.02322108,0.0
과세이연,15,5000000.0,88004.29716741512,367670214.8294043,25602842.227111127,22727272.72727272,2875569.499838408,100000000.0,12652505.799289003,36000000.0,2711497.4473920316,190703369.35561216,0.0
과세이연,16,5000000.0,93609.83766170127,365508458.91631746,25807002.88640918,22727272.72727272,3079730.159136459,100000000.0,13550812.700200424,36000000.0,3020188.3642506823,187130454.9654572,0.0
과세이연,17,5000000.0,99183.25101797747,363323891.44465053,26012791.551474534,22727272.72727272,3285518.824201815,100000000.0,14456282.826487988,36000000.0,3331340.825829506,183523476.24085847,0.0
과세이연,18,5000000.0,104724.63835666243,361116362.5378492,26220221.20425379,22727272.72727272,3492948.47698107,100000000.0,15368973.298716709,36000000.0,3644974.460831739,179882193.57404697,0.0
과세이연,19,5000000.0,110234.10164809032,358885721.0222528,26429304.93021343,22727272.72727272,3702032.20294071,100000000.0,16288941.692939132,36000000.0,3961109.0544827133,176206365.34461758,0.0
과세이연,20,5000000.0,115711.7436933424,356631814.4159194,26640055.919165272,22727272.72727272,3912783.191892553,100000000.0,17216246.04432723,36000000.0,4279764.549777895,172495747.902649,0.0
과세이연,21,5000000.0,121157.66810521657,354354488.91738147,26852487.466098543,22727272.72727272,4125214.738825824,100000000.0,18150944.85083364,36000000.0,4600961.048741013,168750095.55170828,0.0
과세이연,22,5000000.0,126571.9792893347,352053589.39433175,27066612.972018592,22727272.72727272,4339340.244745873,100000000.0,19093097.076881856,36000000.0,4924718.813692123,164969160.53173918,0.0
과세이연,23,5000000.0,131954.78242538963,349728959.3722363,27282445.944792252,22727272.72727272,4555173.217519533,100000000.0,20042762.157085955,36000000.0,5251058.268525898,161152693.00183222,0.0
과세이연,24,5000000.0,137306.1834485339,346886138.76246166,25000000.0,20661157.02479338,4338842.975206621,100000000.0,21000000.00000006,54000000.0,5580000.000000015,138806138.7624616,2500000.0000000037
과세이연,25,5000000.0,71313.14451545505,344561009.05020607,25199353.5107226,20661157.02479338,4538196.485929221,100000000.0,21964870.991897434,54000000.0,6055099.286754109,137341685.26083195,0.0
과세이연,26,5000000.0,147915.20656332732,342160671.71613383,25400296.694334686,20661157.02479338,4739139.669541307,100000000.0,22937436.00057994,54000000.0,6533987.081938438,133288951.93928078,0.0
과세이연,27,5000000.0,153173.0441370813,339735935.91750926,25602842.22711113,20661157.02479338,4941685.202317752,100000000.0,23917756.379217938,54000000.0,7016693.5956512615,129198643.71552894,0.0
과세이연,28,5000000.0,158399.9105259222,337286638.06873465,25807002.886409186,20661157.02479338,5145845.861615807,100000000.0,24905893.97022052,54000000.0,7503249.278890386,125070491.93321455,0.0
과세이연,29,5000000.0,163595.91516817085,334812613.1703193,26012791.551474534,20661157.02479338,5351634.526681155,100000000.0,25901911.109136805,54000000.0,7993684.825474121,120904225.68423387,0.0
과세이연,30,5000000.0,168761.16814898365,332313694.79695874,26220221.204253796,20661157.02479338,5559064.1794604175,100000000.0,26905870.628588423,54000000.0,8488031.173977658,116699571.79013886,0.0
과세이연,31,5000000.0,173895.78018276746,329789715.0855348,26429304.930213436,20661157.02479338,5768147.9054200575,100000000.0,27917835.862233087,54000000.0,8986319.509684674,112456254.78340359,0.0
과세이연,32,5000000.0,178999.86259574658,327240504.72303927,26640055.919165276,20661157.02479338,5978898.894371897,100000000.0,28937870.64875999,54000000.0,9488581.266554698,108173996.88855928,0.0
과세이연,33,5000000.0,184073.5273086823,324665892.9344174,26852487.46609855,20661157.02479338,6191330.441305172,100000000.0,29966039.33591704,54000000.0,9994848.129206076,103852518.00319578,0.0
과세이연,34,5000000.0,189116.886819744,322065707.47033215,27066612.972018596,20661157.02479338,6405455.947225217,100000000.0,31002406.784570068,54000000.0,10505152.034914732,99491535.67882879,0.0
과세이연,35,5000000.0,194130.05418753703,319439774.5948473,27282445.944792263,20661157.02479338,6621288.919998884,100000000.0,32047038.372794613,54000000.0,11019525.175628938,95090765.10163152,0.0
과세이연,36,5000000.0,199113.14301428298,316071111.7581783,25000000.0,18782870.02253943,6217129.977460571,100000000.0,33100000.000000104,72000000.0,11538000.000000045,71933111.75817813,2500000.000000011
과세이연,37,5000000.0,102033.1337145786,313469538.7040709,25199353.510722596,18782870.02253943,6416483.488183167,100000000.0,34161358.09108721,72000000.0,12204143.743149802,69904683.35911131,0.0
과세이연,38,5000000.0,208989.5420717855,310760199.28380907,25400296.694334686,18782870.02253943,6617426.671795256,100000000.0,35231179.60063797,72000000.0,12875599.410053283,65253123.578783125,0.0
과세이연,39,5000000.0,213883.08207588742,308024361.6705364,25602842.227111135,18782870.02253943,6819972.204571705,100000000.0,36309532.01713979,72000000.0,13552409.35873644,60559578.067549065,0.0
과세이연,40,5000000.0,218747.0030530926,305261844.18296766,25807002.886409182,18782870.02253943,7024132.863869753,100000000.0,37396483.367242604,72000000.0,14234616.28499405,55823741.64432178,0.0
과세이연,41,5000000.0,223581.42107690393,302472463.5749918,26012791.551474534,18782870.02253943,7229921.528935105,100000000.0,38492102.220050514,72000000.0,14922263.225083232,51045306.578383535,0.0
과세이연,42,5000000.0,228386.45266682352,299656035.0227485,26220221.204253793,18782870.02253943,7437351.181714363,100000000.0,39596457.69144732,72000000.0,15615393.558438182,46223962.568609186,0.0
과세이연,43,5000000.0,233162.21477263726,296812372.1116158,26429304.930213433,18782870.02253943,7646434.907674003,100000000.0,40709619.44845644,72000000.0,16314051.010406837,41359396.72253903,0.0
과세이연,44,5000000.0,237908.82475886052,293941286.82311094,26640055.919165276,18782870.02253943,7857185.896625847,100000000.0,41831657.71363604,72000000.0,17018279.655009195,36451293.53530044,0.0
과세이연,45,5000000.0,242626.40038934108,291042589.52170175,26852487.466098547,18782870.02253943,8069617.443559118,100000000.0,42962643.26950878,72000000.0,17728123.917717665,31499334.868376777,0.0
과세이연,46,5000000.0,247315.05981202505,288116088.9415276,27066612.972018596,18782870.02253943,8283742.949479166,100000000.0,44102647.46302712,72000000.0,18443628.578259617,26503199.92822225,0.0
과세이연,47,5000000.0,251974.92154388208,285161592.17302996,27282445.94479226,18782870.02253943,8499575.92225283,100000000.0,45251742.2100741,72000000.0,19164838.773442283,21462565.244721323,0.0
과세이연,48,5000000.0,132287.687765322,281379441.0901406,25000000.0,17075336.38412675,7924663.615873251,100000000.0,46410000.00000015,87577641.09014036,19891800.000000075,0.0,2500000.0000000075
과세이연,49,5000000.0,0.0,278603264.91612756,25199353.510722596,17075336.38412675,8124017.126595847,100000000.0,47577493.900195956,85077641.09014037,20748776.41506864,0.0,0.0
과세이연,50,5000000.0,0.0,275824886.47451985,25400296.694334686,17075336.38412675,8324960.310207937,100000000.0,48754297.56070182,80077641.09014037,21592651.129342988,0.0,0.0
과세이연,51,5000000.0,0.0,273024352.8530541,25602842.22711113,17075336.38412675,8527505.842984382,100000000.0,49940485.2188538,75077641.09014037,22403384.316948816,0.0,0.0
과세이연,52,5000000.0,0.0,270201487.38321495,25807002.886409182,17075336.38412675,8731666.502282433,100000000.0,51136131.703966886,70077641.09014037,23180711.702698484,0.0,0.0
과세이연,53,5000000.0,0.0,267356111.98770735,26012791.551474534,17075336.38412675,8937455.167347785,100000000.0,52341312.44205561,65077641.09014037,23924366.90403682,0.0,0.0
과세이연,54,5000000.0,0.0,264488047.16922304,26220221.204253793,17075336.38412675,9144884.820127044,100000000.0,53556103.46059206,60077641.09014037,24634081.414236814,0.0,0.0
과세이연,55,5000000.0,0.0,261597111.99911696,26429304.930213433,17075336.38412675,9353968.546086684,100000000.0,54780581.39330211,55077641.09014037,25309584.58546105,0.0,0.0
과세이연,56,5000000.0,0.0,258683124.10599357,26640055.919165272,17075336.38412675,9564719.535038523,100000000.0,56014823.48499966,50077641.09014037,25950603.61168827,0.0,0.0
과세이연,57,5000000.0,0.0,255745899.66420233,26852487.466098543,17075336.38412675,9777151.081971794,100000000.0,57258907.59645969,45077641.09014037,26556863.51150371,0.0,0.0
과세이연,58,5000000.0,0.0,252785253.382241,27066612.972018592,17075336.38412675,9991276.587891843,100000000.0,58512912.20932987,40077641.09014037,27128087.11075218,0.0,0.0
과세이연,59,5000000.0,0.0,249800998.49106705,27282445.94479226,17075336.38412675,10207109.56066551,100000000.0,59776916.43108156,35077641.09014037,27663995.025052845,0.0,0.0
과세이연,60,5000000.0,0.0,246792946.73231518,24999999.999999996,15523033.076478856,9476966.92352114,100000000.0,61051000.00000024,30077641.090140373,28164305.64217457,0.0,2500000.000000011
과세이연,61,5000000.0,0.0,243740972.99534935,25199353.51072259,15523033.076478856,9676320.434243733,100000000.0,62335243.29021561,27577641.090140384,28628735.104270775,0.0,0.0
과세이연,62,5000000.0,0.0,240684597.74229193,25400296.694334682,15523033.076478856,9877263.617855826,100000000.0,63629727.31677204,22577641.090140384,29076932.6410448,0.0,0.0
과세이연,63,5000000.0,0.0,237603850.52376312,25602842.227111127,15523033.076478856,10079809.150632272,100000000.0,64934533.7407392,17577641.090140384,29488833.46577243,0.0,0.0
과세이연,64,5000000.0,0.0,234498536.9942879,25807002.88640918,15523033.076478856,10283969.809930323,100000000.0,66249744.87436363,12577641.090140384,29864148.143374708,0.0,0.0
과세이연,65,5000000.0,0.0,231368461.25865284,26012791.55147453,15523033.076478856,10489758.474995675,100000000.0,67575443.68626124,7577641.090140384,30202584.93077669,0.0,0.0
과세이연,66,5000000.0,0.0,228213425.8595487,26220221.20425379,15523033.076478856,10697188.127774933,100000000.0,68911713.80665132,2577641.0901403837,30503849.758503206,0.0,0.0
과세이연,67,5000000.0,0.0,225033231.76511395,26429304.93021343,15523033.076478856,10906271.853734573,97577641.09014039,70258639.53263237,0.0,30767646.212127786,0.0,0.0
과세이연,68,5000000.0,0.0,221827678.35637903,26640055.91916527,15523033.076478856,11117022.842686413,92577641.09014039,71596989.60338326,0.0,31012991.743690122,0.0,0.0
과세이연,69,5000000.0,0.0,218596563.4146105,26852487.466098543,15523033.076478856,11329454.389619688,87577641.09014039,72906141.16339682,0.0,31260293.69497474,0.0,0.0
과세이연,70,5000000.0,0.0,215339683.10855436,27066612.972018592,15523033.076478856,11543579.895539736,82577641.09014039,74185861.37964813,0.0,31509567.666747246,0.0,0.0
과세이연,71,5000000.0,0.0,212056831.9815776,27282445.944792256,15523033.076478856,11759412.8683134,77577641.09014039,75435915.56246902,0.0,31760829.384175934,0.0,0.0
과세이연,72,5000000.0,0.0,208747802.93870714,25000000.0,14111848.251344413,10888151.748655587,72577641.09014039,76656067.15074296,0.0,32014094.6978238,0.0,2500000.0000000037
과세이연,73,5000000.0,0.0,205392451.8824933,25199353.510722592,14111848.251344413,11087505.25937818,70077641.09014039,77846077.69698183,0.0,32269379.584648475,0.0,0.0
과세이연,74,5000000.0,0.0,202030280.13684115,25400296.694334686,14111848.251344413,11288448.442990273,65077641.09014039,79025642.20335601,0.0,32526700.149010062,0.0,0.0
과세이연,75,5000000.0,0.0,198641297.9615431,25602842.22711113,14111848.251344413,11490993.975766718,60077641.09014039,80174742.02060448,0.0,32786072.62368711,0.0,0.0
과세이연,76,5000000.0,0.0,195225291.56646812,25807002.886409182,14111848.251344413,11695154.63506477,55077641.09014039,81293134.21901794,0.0,33047513.37090063,0.0,0.0
과세이연,77,5000000.0,0.0,191782045.4566928,26012791.551474534,14111848.251344413,11900943.300130121,50077641.09014039,82380573.93173164,0.0,33311038.883346267,0.0,0.0
과세이연,78,5000000.0,0.0,188311342.4189069,26220221.204253793,14111848.251344413,12108372.95290938,45077641.09014039,83436814.33927798,0.0,33576665.78523474,0.0,0.0
과세이연,79,5000000.0,0.0,184812963.50771067,26429304.930213433,14111848.251344413,12317456.67886902,40077641.09014039,84461606.65401627,0.0,33844410.83334058,0.0,0.0
과세이연,80,5000000.0,0.0,181286688.031803,26640055.919165272,14111848.251344413,12528207.66782086,35077641.09014039,85454700.1044382,0.0,34114290.91805914,0.0,0.0
과세이연,81,5000000.0,0.0,177732293.54005948,26852487.466098547,14111848.251344413,12740639.214754134,30077641.090140387,86415841.91934833,0.0,34386323.06447222,0.0,0.0
과세이연,82,5000000.0,0.0,174149555.80749905,27066612.972018592,14111848.251344413,12954764.72067418,25077641.090140387,87344777.31191811,0.0,34660524.43342198,0.0,0.0
과세이연,83,5000000.0,0.0,170538248.82113928,27282445.94479226,14111848.251344413,13170597.693447847,20077641.090140387,88241249.4636131,0.0,34936912.32259353,0.0,0.0
과세이연,84,5000000.0,0.0,166898144.76573837,25000000.000000004,12828952.955767645,12171047.04423236,15077641.090140387,89104999.50799179,0.0,35215504.1676062,0.0,2500000.0000000075
과세이연,85,5000000.0,0.0,163209078.65835163,25199353.510722596,12828952.955767645,12370400.554954952,12577641.090140395,89935766.5143753,0.0,35496317.54311333,0.0,0.0
과세이연,86,5000000.0,0.0,159510530.77084532,25400296.694334686,12828952.955767645,12571343.738567041,7577641.090140395,90753222.82245916,0.0,35779370.163911074,0.0,0.0
과세이연,87,5000000.0,0.0,155782490.14310104,25602842.22711113,12828952.955767645,12773889.271343486,2577641.090140395,91537326.93979368,0.0,36064679.886055835,0.0,0.0
과세이연,88,5000000.0,0.0,152024721.59586644,23384643.976549577,11624770.95007882,11759873.026470756,0.0,92287812.91132616,0.0,36352264.7079907,0.0,0.0
과세이연,89,5000000.0,611441.6287014456,147625546.4458354,17959674.782797057,8857327.84324447,9102346.939552587,0.0,93023728.89135747,0.0,36642142.77168091,0.0,0.0
과세이연,90,5000000.0,632908.1842563176,143169825.09983188,12469979.567316208,6101275.041971416,6368704.525344792,0.0,93765513.16875742,0.0,36934332.36375823,0.0,0.0
과세이연,91,5000000.0,638317.2742829213,138673164.1160766,6931099.661248626,3364399.9235199564,3566699.73772867,0.0,94513212.53815334,0.0,37228851.916674644,0.0,0.0
과세이연,92,5000000.0,643693.847862472,134135269.55259612,1342675.3754116779,646587.2023050843,696088.1731065935,0.0,95266874.16731939,0.0,37525720.00986507,0.0,0.0
과세이연,93,5000000.0,906810.5732337626,129298072.45524363,0.0,0.0,0.0,0.0,96026545.6001523,0.0,33271526.855091337,0.0,0.0
과세이연,94,5000000.0,988023.9520958085,124341089.49009252,0.0,0.0,0.0,0.0,96792274.75967044,0.0,27548814.730422072,0.0,0.0
과세이연,95,5000000.0,988023.9520958085,119344578.8466736,0.0,0.0,0.0,0.0,97564109.9510371,0.0,21780468.895636503,0.0,0.0
과세이연,96,5000000.0,988023.9520958085,114308225.32572953,0.0,0.0,0.0,0.0,98342099.86460766,0.0,15966125.461121868,0.0,0.0
과세이연,97,5000000.0,988023.9520958085,109231711.21455987,0.0,0.0,0.0,0.0,99126293.57900132,0.0,10105417.63555854,0.0,0.0
과세이연,98,5000000.0,988023.9520958085,104114716.26697841,0.0,0.0,0.0,0.0,99916740.56419702,0.0,4197975.702781396,0.0,0.0
과세이연,99,5000000.0,10470824.984621935,89474116.65058483,25000000.0,25000000.0,0.0,20000000.0,0.0,18000000.0,0.0,26474116.650584828,0.0
과세이연,100,5000000.0,6098.943905700211,85181496.87760301,25199353.510722592,25000000.0,199353.51072259247,20000000.0,159482.80857807398,18000000.0,143534.52772026882,21679126.03058207,0.0
과세이연,101,5000000.0,12164.359286382694,80848581.73636286,25400296.694334686,25000000.0,400296.6943346858,20000000.0,320237.3554677516,18000000.0,288213.61992097273,16839834.066639453,0.0
과세이연,102,5000000.0,18196.332126730144,76475083.3484796,25602842.227111127,25000000.0,602842.2271111272,20000000.0,482273.78168890625,18000000.0,434046.40352001414,11955920.936159544,0.0
과세이연,103,5000000.0,24194.949563888513,72060711.4528486,25807002.886409182,25000000.0,807002.8864091821,20000000.0,645602.3091273494,18000000.0,581042.0782146119,7027064.179097462,0.0
과세이연,104,4999999.999999999,30160.299866498044,67605173.38551384,26012791.551474534,25000000.0,1012791.551474534,20000000.0,810233.2411796302,18000000.0,729209.9170616642,2052938.6757980075,0.0
과세이연,105,5000000.0,14830.24426408834,63129436.28754622,26220221.204253793,25000000.0,1220221.2042537928,20000000.0,976176.963403035,15054478.85282666,878559.2670627311,0.0,0.0
과세이연,106,5000000.0,0.0,58632839.27770063,26429304.93021343,25000000.0,1429304.930213429,20000000.0,1143443.944170747,10054478.85282666,1005611.5504898038,0.0,0.0
과세이연,107,5000000.0,0.0,54100385.77184637,26640055.919165272,25000000.0,1640055.9191652723,20000000.0,1312044.7353322208,5054478.8528266605,1093806.26452222,0.0,0.0
과세이연,108,5000000.0,0.0,49531789.845248945,24999999.999999996,23275311.115555562,1724688.8844444342,20000000.0,1481989.9728788398,54478.8528266605,1142833.5534448999,0.0,1852487.466098547
과세이연,109,5000000.0,0.0,44911991.29797245,25199353.510722585,23275311.115555562,1924042.395167023,16906966.31892521,1653290.3776148744,0.0,1152381.0907097778,0.0,0.0
과세이연,110,5000000.0,0.0,40270125.82352419,25400296.69433468,23275311.115555562,2124985.5787791163,11906966.31892521,1801292.470909588,0.0,1161570.339354711,0.0,0.0
과세이연,111,5000000.0,0.0,35591245.461930595,25602842.227111124,23275311.115555562,2327531.1115555614,6906966.318925209,1910604.0515354853,0.0,1170832.8643587749,0.0,0.0
과세이연,112,5000000.0,0.0,30875055.051283613,25807002.88640918,23275311.115555562,2531691.7708536163,1906966.3189252093,1980916.5959112807,0.0,1180169.2500379474,0.0,0.0
과세이연,113,5000000.0,0.0,26121257.076012686,22919757.87039974,20507775.725305337,2411982.145094402,0.0,2011919.1202453224,0.0,1189580.0853676242,0.0,0.0
과세이연,114,5000000.0,0.0,21329551.648116305,18102523.238254778,16069348.044958472,2033175.1932963058,0.0,2027962.445841755,0.0,1199065.9640197728,0.0,0.0
과세이연,115,5000000.0,0.0,16499636.488243943,13246875.300674116,11666033.016997272,1580842.283676844,0.0,2044133.7031694402,0.0,1208627.4844003853,0.0,0.0
과세이연,116,5000000.0,0.0,11631206.906627066,8352507.74456587,7297552.863242989,1054954.8813228803,0.0,2060433.9123739686,0.0,1218265.2496872267,0.0,0.0
과세이연,117,5000000.0,92731.41740646692,6631224.366451676,3326380.396848076,2883253.87817686,443126.518671216,0.0,2076864.101735714,0.0,1227979.867867886,0.0,0.0
과세이연,118,5000000.0,629943.2089111758,1054159.4718541547,1054159.4718541547,1054159.4718541547,0.0,0.0,0.0,0.0,0.0,0.0,0.0
과세이연,119,1060716.1640713136,1849.3234458652885,0.0,0.0,0.0,0.0,0.0,0.0,0.0,0.0,0.0,0.0
