자치구,동,법정동코드,단지기본일련번호,아파트,매물종별구분,매물종별구분명,면적일련번호,공급면적_㎡,전용면적_㎡,주택형,KB일반가_만원,시세기준월
강남구,개포동,1168010300,39203,개포래미안포레스트,01,아파트,38012,86.05,59.92,A,285000.0,202607
강남구,개포동,1168010300,39203,개포래미안포레스트,01,아파트,209385,86.11,59.96,B,285000.0,202607
강남구,개포동,1168010300,48042,개포자이프레지던스,01,아파트,183566,79.52,59.97,A,297500.0,202607
강남구,개포동,1168010300,48042,개포자이프레지던스,01,아파트,151758,79.4,59.83,B,297500.0,202607
강남구,개포동,1168010300,48042,개포자이프레지던스,01,아파트,170210,79.46,59.91,C,297500.0,202607
강남구,개포동,1168010300,1090438,대치푸르지오발라드(도시형),01,아파트,1711006,88.55,59.99,B1,,202607
강남구,개포동,1168010300,1090438,대치푸르지오발라드(도시형),01,아파트,1711007,88.55,59.99,B1L,,202607
강남구,개포동,1168010300,1090438,대치푸르지오발라드(도시형),01,아파트,1711005,88.52,59.41,F,,202607
강남구,개포동,1168010300,50176,디에이치퍼스티어아이파크,01,아파트,170912,85.59,59.97,A,295000.0,202607
강남구,개포동,1168010300,50176,디에이치퍼스티어아이파크,01,아파트,184056,86.99,59.98,B,295000.0,202607
강남구,개포동,1168010300,33681,디에이치아너힐즈,01,아파트,225115,82.78,59.74,A,307500.0,202607
강남구,개포동,1168010300,33681,디에이치아너힐즈,01,아파트,227181,83.61,59.87,B,307500.0,202607
강남구,개포동,1168010300,33681,디에이치아너힐즈,01,아파트,228282,83.53,59.8,B1,307500.0,202607
강남구,개포동,1168010300,148,대청,01,아파트,93450,81.67,60.0,,226667.0,202607
강남구,개포동,1168010300,19930,우찬현대(101),01,아파트,66744,67.4,59.7,B,,202607
강남구,개포동,1168010300,32909,래미안블레스티지,01,아파트,77898,80.92,59.96,A,285000.0,202607
강남구,개포동,1168010300,32909,래미안블레스티지,01,아파트,115622,80.79,59.88,B,285000.0,202607
강남구,개포동,1168010300,32909,래미안블레스티지,01,아파트,221843,80.86,59.89,B-1,285000.0,202607
강남구,개포동,1168010300,32909,래미안블레스티지,01,아파트,222875,80.77,59.83,C,285000.0,202607
강남구,개포동,1168010300,21247,포이동새롬,01,아파트,137731,69.54,59.67,B,98400.0,202607
강남구,개포동,1168010300,21247,포이동새롬,01,아파트,159950,69.87,59.96,C,90900.0,202607
강남구,논현동,1168010800,12,거평프리젠,01,아파트,184191,81.72,59.01,A,,202607
강남구,논현동,1168010800,12,거평프리젠,01,아파트,210163,81.79,59.07,B,,202607
강남구,논현동,1168010800,12,거평프리젠,01,아파트,193630,82.93,59.89,C,,202607
강남구,논현동,1168010800,3,경남논현,01,아파트,3,79.97,59.56,,130000.0,202607
강남구,논현동,1168010800,4,쌍용,01,아파트,4,83.17,59.91,,116500.0,202607
강남구,대치동,1168010600,47442,대치르엘,01,아파트,125572,80.25,59.99,,275000.0,202607
강남구,대치동,1168010600,47442,대치르엘,01,아파트,90558,80.23,59.95,T,,202607
강남구,대치동,1168010600,31445,대치SK뷰,01,아파트,114576,80.38,59.67,,222500.0,202607
강남구,대치동,1168010600,313482,대치푸르지오써밋,01,아파트,1083616,77.65,59.98,A,,202607
강남구,대치동,1168010600,313482,대치푸르지오써밋,01,아파트,1733075,78.35,59.95,,,202607
강남구,대치동,1168010600,313482,대치푸르지오써밋,01,아파트,1083617,78.02,59.98,B,,202607
강남구,대치동,1168010600,189,대치삼성(래미안),01,아파트,185,85.68,59.88,,250000.0,202607
강남구,대치동,1168010600,14992,대치아이파크,01,아파트,14752,78.71,59.96,,305000.0,202607
강남구,대치동,1168010600,191,대치효성,01,아파트,187,78.99,59.84,,200000.0,202607
강남구,대치동,1168010600,190,대치현대,01,아파트,186,88.68,59.82,,249000.0,202607
강남구,대치동,1168010600,1682099,디에이치대치에델루이,01,아파트,4868299,80.11,59.99,A,,202607
강남구,대치동,1168010600,1682099,디에이치대치에델루이,01,아파트,4868300,80.61,59.99,D,,202607
강남구,대치동,1168010600,1682099,디에이치대치에델루이,01,아파트,4868302,81.64,59.99,B,,202607
강남구,대치동,1168010600,1682099,디에이치대치에델루이,01,아파트,4868301,81.43,59.9,E,,202607
강남구,대치동,1168010600,48626,스톤빌리지대치2차(도),01,아파트,200472,69.77,58.52,B,,202607
강남구,대치동,1168010600,29017,래미안대치팰리스1단지,01,아파트,74436,88.15,59.99,A,330000.0,202607
강남구,대치동,1168010600,29017,래미안대치팰리스1단지,01,아파트,27912,88.0,59.99,B,330000.0,202607
강남구,대치동,1168010600,199,세영팔레스타운,01,아파트,195,73.77,59.91,,152500.0,202607
강남구,대치동,1168010600,21798,아크로빌,01,아파트,138063,68.71,59.56,,,202607
강남구,도곡동,1168011800,175,경남,01,아파트,171,76.47,59.76,,200000.0,202607
강남구,도곡동,1168011800,175,경남,01,아파트,49519,81.86,59.76,,200000.0,202607
강남구,도곡동,1168011800,161,개포한신,01,아파트,49508,84.54,59.48,,325000.0,202607
강남구,도곡동,1168011800,176,도곡동삼성래미안,01,아파트,172,81.35,59.96,,280000.0,202607
강남구,도곡동,1168011800,1079409,도곡월드메르디앙(973),01,아파트,1696075,74.18,58.49,C-1,,202607
강남구,도곡동,1168011800,1079409,도곡월드메르디앙(973),01,아파트,1696076,76.08,58.67,B-2,,202607
강남구,도곡동,1168011800,1041635,도곡코오롱,01,아파트,1576869,75.76,59.54,D,,202607
강남구,도곡동,1168011800,1041635,도곡코오롱,01,아파트,1576866,76.33,59.99,B,,202607
강남구,도곡동,1168011800,1041635,도곡코오롱,01,아파트,1576867,76.23,59.91,C,,202607
강남구,도곡동,1168011800,159,도곡한신(MBC),01,아파트,156,79.5,58.46,,187500.0,202607
강남구,도곡동,1168011800,22461,래미안도곡카운티,01,아파트,21668,81.57,59.98,,245000.0,202607
강남구,도곡동,1168011800,19495,원팰리스.,01,아파트,106263,66.38,58.68,B,77600.0,202607
강남구,도곡동,1168011800,19495,원팰리스.,01,아파트,136826,66.39,58.7,C,,202607
강남구,도곡동,1168011800,15571,조이너스도곡,01,아파트,15316,78.68,59.96,,102400.0,202607
강남구,도곡동,1168011800,164,매봉(삼성),01,아파트,160,70.84,59.82,,187500.0,202607
강남구,도곡동,1168011800,800355,클래스원,01,아파트,1477491,69.92,59.11,,,202607
강남구,도곡동,1168011800,24337,파크힐,01,아파트,70316,70.01,58.05,,89700.0,202607
강남구,삼성동,1168010500,46915,래미안라클래시,01,아파트,193005,84.46,59.99,,322500.0,202607
강남구,도곡동,1168011800,13886,도곡렉슬,01,아파트,13663,86.43,59.97,A,262500.0,202607
강남구,도곡동,1168011800,13886,도곡렉슬,01,아파트,102237,86.92,59.98,B,282500.0,202607
강남구,도곡동,1168011800,13886,도곡렉슬,01,아파트,173489,86.76,59.99,D,265000.0,202607
강남구,도곡동,1168011800,13886,도곡렉슬,01,아파트,156685,88.24,59.97,A1,262500.0,202607
강남구,도곡동,1168011800,13886,도곡렉슬,01,아파트,133567,88.72,59.98,B1,282500.0,202607
강남구,도곡동,1168011800,13886,도곡렉슬,01,아파트,61613,88.52,59.92,C,265000.0,202607
강남구,삼성동,1168010500,31920,삼성동센트럴아이파크,01,아파트,114919,85.54,59.96,,286000.0,202607
강남구,삼성동,1168010500,38,삼성동롯데,01,아파트,37,79.36,59.4,,235000.0,202607
강남구,삼성동,1168010500,36287,삼부,01,아파트,117969,81.38,59.61,A,175000.0,202607
강남구,삼성동,1168010500,36287,삼부,01,아파트,145901,81.84,59.94,B,175000.0,202607
강남구,삼성동,1168010500,36287,삼부,01,아파트,198978,81.68,59.85,C,185000.0,202607
강남구,삼성동,1168010500,13207,삼성동중앙하이츠빌리지,01,아파트,12995,83.93,59.92,A,260000.0,202607
강남구,삼성동,1168010500,13207,삼성동중앙하이츠빌리지,01,아파트,61014,84.22,59.98,B,260000.0,202607
강남구,삼성동,1168010500,20338,삼성월드타워,01,아파트,19658,66.98,58.77,,114000.0,202607
강남구,삼성동,1168010500,39,삼성동한솔,01,아파트,49401,79.05,58.57,A,200000.0,202607
강남구,삼성동,1168010500,39,삼성동한솔,01,아파트,93371,79.05,58.57,B,200000.0,202607
강남구,삼성동,1168010500,43,서광,01,아파트,42,77.04,59.67,,240000.0,202607
강남구,삼성동,1168010500,44,석탑,01,아파트,43,80.92,59.43,A,180000.0,202607
강남구,삼성동,1168010500,44,석탑,01,아파트,93375,81.43,59.82,B,180000.0,202607
강남구,삼성동,1168010500,47,푸른솔,01,아파트,46,82.24,59.4,,156500.0,202607
강남구,삼성동,1168010500,51,풍림(1차),01,아파트,49411,82.07,59.7,,215000.0,202607
강남구,삼성동,1168010500,53,풍림2차,01,아파트,93383,81.0,59.94,,210000.0,202607
강남구,삼성동,1168010500,40,현대,01,아파트,49402,83.99,59.83,,190000.0,202607
강남구,세곡동,1168011100,25358,강남엘에이치1단지(e편한세상),01,아파트,24296,81.87,59.89,A,162500.0,202607
강남구,세곡동,1168011100,25358,강남엘에이치1단지(e편한세상),01,아파트,71199,81.87,59.89,AN,162500.0,202607
강남구,세곡동,1168011100,25358,강남엘에이치1단지(e편한세상),01,아파트,139878,81.83,59.86,C,162500.0,202607
강남구,세곡동,1168011100,25358,강남엘에이치1단지(e편한세상),01,아파트,110176,82.0,59.99,B,162500.0,202607
강남구,세곡동,1168011100,24585,강남신동아파밀리에1단지,01,아파트,23532,86.88,59.97,A,145000.0,202607
강남구,세곡동,1168011100,24585,강남신동아파밀리에1단지,01,아파트,70537,86.89,59.88,B,145000.0,202607
강남구,수서동,1168011500,115,삼익,01,아파트,49468,86.06,60.0,,234500.0,202607
강남구,세곡동,1168011100,24932,세곡푸르지오,01,아파트,70830,80.26,59.89,A,155000.0,202607
강남구,세곡동,1168011100,24932,세곡푸르지오,01,아파트,109865,80.4,59.99,B,155000.0,202607
강남구,세곡동,1168011100,24932,세곡푸르지오,01,아파트,23874,80.22,59.86,C,155000.0,202607
강남구,수서동,1168011500,120,삼성,01,아파트,118,77.56,59.86,,231000.0,202607
강남구,신사동,1168010700,21248,대성아트빌,01,아파트,107461,70.38,59.22,,81100.0,202607
강남구,신사동,1168010700,104,대원칸타빌,01,아파트,102,85.08,59.73,,158000.0,202607
강남구,수서동,1168011500,28948,강남데시앙포레,01,아파트,27843,81.54,59.81,A,210000.0,202607
강남구,수서동,1168011500,28948,강남데시앙포레,01,아파트,74378,81.96,59.97,C,210000.0,202607
강남구,수서동,1168011500,28948,강남데시앙포레,01,아파트,112745,81.96,59.97,CN,210000.0,202607
강남구,수서동,1168011500,28948,강남데시앙포레,01,아파트,197842,81.96,59.97,T1,217500.0,202607
강남구,수서동,1168011500,28948,강남데시앙포레,01,아파트,189722,82.97,59.42,A1,210000.0,202607
강남구,수서동,1168011500,28948,강남데시앙포레,01,아파트,141903,82.1,59.74,B,210000.0,202607
강남구,수서동,1168011500,28948,강남데시앙포레,01,아파트,163190,82.12,59.62,B1,210000.0,202607
강남구,수서동,1168011500,28948,강남데시앙포레,01,아파트,178573,82.38,59.88,T3,215000.0,202607
강남구,신사동,1168010700,24430,우찬,01,아파트,177004,66.01,59.78,,81200.0,202607
강남구,신사동,1168010700,19702,청림쉐르빌,01,아파트,66562,68.68,58.77,,77700.0,202607
강남구,신사동,1168010700,113,신성,01,아파트,111,77.96,59.67,,170000.0,202607
강남구,역삼동,1168010100,46957,강남센트럴아이파크,01,아파트,215724,79.27,59.99,A,,202607
강남구,역삼동,1168010100,46957,강남센트럴아이파크,01,아파트,217813,79.93,59.94,B,,202607
강남구,역삼동,1168010100,46957,강남센트럴아이파크,01,아파트,205756,80.39,59.97,C,,202607
강남구,역삼동,1168010100,12233,갤러리빌,01,아파트,12038,66.15,59.35,,,202607
강남구,역삼동,1168010100,35,갤러리하우스,01,아파트,34,64.54,58.44,,75200.0,202607
강남구,역삼동,1168010100,14175,개나리푸르지오,01,아파트,61875,79.97,59.98,A,272500.0,202607
강남구,역삼동,1168010100,14175,개나리푸르지오,01,아파트,13949,79.81,59.68,B,272500.0,202607
강남구,역삼동,1168010100,14176,개나리래미안,01,아파트,102450,77.59,59.95,A,255000.0,202607
강남구,역삼동,1168010100,14176,개나리래미안,01,아파트,13950,77.36,59.7,B,255000.0,202607
강남구,역삼동,1168010100,14176,개나리래미안,01,아파트,61876,77.64,59.93,C,255000.0,202607
강남구,역삼동,1168010100,22099,뜨라네(828-21).,01,아파트,21359,68.99,58.52,A,,202607
강남구,역삼동,1168010100,22099,뜨라네(828-21).,01,아파트,68616,69.14,58.65,B,,202607
강남구,역삼동,1168010100,18,동부센트레빌,01,아파트,17,77.83,59.82,A,225000.0,202607
강남구,역삼동,1168010100,18,동부센트레빌,01,아파트,93353,78.03,59.97,B,225000.0,202607
강남구,역삼동,1168010100,21221,래미안그레이튼,01,아파트,20517,85.64,59.97,,272500.0,202607
강남구,역삼동,1168010100,22,대림역삼,01,아파트,21,78.01,59.66,A,192500.0,202607
강남구,역삼동,1168010100,22,대림역삼,01,아파트,93356,78.47,59.99,B,192500.0,202607
강남구,역삼동,1168010100,47837,비에네스타,01,아파트,125852,76.83,59.54,,140200.0,202607
강남구,역삼동,1168010100,12607,브라운스톤역삼,01,아파트,12406,76.67,59.96,,107800.0,202607
강남구,역삼동,1168010100,21222,래미안그레이튼(진달래2차),01,아파트,196343,86.0,59.78,A,267500.0,202607
강남구,역삼동,1168010100,21222,래미안그레이튼(진달래2차),01,아파트,67834,87.31,59.91,B,257500.0,202607
강남구,역삼동,1168010100,2144527,시티프라디움더강남,01,아파트,5498167,84.8,59.99,A,150000.0,202607
강남구,역삼동,1168010100,2144527,시티프라디움더강남,01,아파트,5498166,85.12,59.93,B,150000.0,202607
강남구,역삼동,1168010100,25867,에벤에셀빌라트,01,아파트,140195,67.16,58.36,,79600.0,202607
강남구,역삼동,1168010100,36285,"세방하이빌1,2",01,아파트,180729,75.71,59.77,,125000.0,202607
강남구,역삼동,1168010100,37,역삼동 칼라,01,아파트,184196,80.92,58.95,C,,202607
강남구,역삼동,1168010100,13850,역삼e-편한세상,01,아파트,13627,79.52,59.6,A,277500.0,202607
강남구,역삼동,1168010100,13850,역삼e-편한세상,01,아파트,61582,81.07,59.94,B,277500.0,202607
강남구,역삼동,1168010100,2093603,역삼센트럴,01,아파트,5300408,73.79,58.82,A,,202607
강남구,역삼동,1168010100,2093603,역삼센트럴,01,아파트,5300409,74.3,59.18,B,,202607
강남구,역삼동,1168010100,2093603,역삼센트럴,01,아파트,5300401,74.4,59.21,C,,202607
강남구,역삼동,1168010100,2093603,역삼센트럴,01,아파트,5300402,74.41,59.37,D,,202607
강남구,역삼동,1168010100,2093603,역삼센트럴,01,아파트,5300403,74.46,59.4,E,,202607
강남구,역삼동,1168010100,15141,역삼2차아이파크,01,아파트,14897,74.98,59.36,A,202500.0,202607
강남구,역삼동,1168010100,15141,역삼2차아이파크,01,아파트,62726,75.98,59.94,B,212500.0,202607
강남구,역삼동,1168010100,26,역삼한스빌,01,아파트,171093,86.0,59.42,,,202607
강남구,역삼동,1168010100,29462,역삼자이,01,아파트,113090,88.11,59.99,,255000.0,202607
강남구,역삼동,1168010100,13857,역삼푸르지오,01,아파트,13634,79.41,59.88,,267500.0,202607
강남구,역삼동,1168010100,13697,역삼래미안,01,아파트,13474,80.66,59.4,A,280000.0,202607
강남구,역삼동,1168010100,13697,역삼래미안,01,아파트,61444,80.89,59.53,C,280000.0,202607
강남구,역삼동,1168010100,13697,역삼래미안,01,아파트,102113,81.4,59.65,B,280000.0,202607
강남구,역삼동,1168010100,13697,역삼래미안,01,아파트,133477,81.24,59.73,D,280000.0,202607
강남구,역삼동,1168010100,14407,조이너스,01,아파트,62073,74.34,58.85,,99400.0,202607
강남구,역삼동,1168010100,34,지석천평대,01,아파트,33,69.43,59.35,A,,202607
강남구,역삼동,1168010100,34,지석천평대,01,아파트,49396,69.92,59.77,B,71100.0,202607
강남구,역삼동,1168010100,23288,테라힐스,01,아파트,138839,71.9,58.02,,89800.0,202607
강남구,역삼동,1168010100,20746,한양럭스,01,아파트,107114,91.04,59.78,,,202607
강남구,역삼동,1168010100,25648,테헤란아이파크,01,아파트,24577,82.91,59.77,A,245000.0,202607
강남구,역삼동,1168010100,25648,테헤란아이파크,01,아파트,71454,82.91,59.77,B,245000.0,202607
강남구,일원동,1168011400,45353,디에이치포레센트,01,아파트,44095,80.62,59.92,,,202607
강남구,율현동,1168011300,29886,강남한신휴플러스6단지,01,아파트,28778,85.94,59.68,B1,145000.0,202607
강남구,율현동,1168011300,29886,강남한신휴플러스6단지,01,아파트,75213,86.26,59.98,A1,145000.0,202607
강남구,일원동,1168011400,33251,래미안개포루체하임,01,아파트,32112,86.17,59.99,A,275000.0,202607
강남구,일원동,1168011400,33251,래미안개포루체하임,01,아파트,78191,86.65,59.98,C,275000.0,202607
강남구,일원동,1168011400,33251,래미안개포루체하임,01,아파트,115854,87.06,59.97,B,275000.0,202607
강남구,일원동,1168011400,127,청솔빌리지,01,아파트,124,79.81,59.75,,252500.0,202607
강남구,일원동,1168011400,130,푸른마을,01,아파트,127,82.14,59.76,,220000.0,202607
강남구,일원동,1168011400,126,수서,01,아파트,210175,85.04,59.94,,185000.0,202607
강남구,일원동,1168011400,126,수서,01,아파트,184219,88.11,59.96,,185000.0,202607
강남구,자곡동,1168011200,31944,강남자곡아이파크,01,아파트,1068067,81.53,59.96,A,182500.0,202607
강남구,자곡동,1168011200,429058,강남자곡힐스테이트,01,아파트,1264110,85.25,59.93,A,145000.0,202607
강남구,자곡동,1168011200,353888,강남리브엘(도시형),01,아파트,1235133,81.59,59.6,A,,202607
강남구,자곡동,1168011200,353888,강남리브엘(도시형),01,아파트,1235134,81.62,59.62,B,,202607
강남구,자곡동,1168011200,353888,강남리브엘(도시형),01,아파트,1235135,81.41,59.47,C,,202607
강남구,자곡동,1168011200,353888,강남리브엘(도시형),01,아파트,1235136,81.56,59.58,D,,202607
강남구,자곡동,1168011200,28601,래미안포레,01,아파트,27497,85.07,59.97,A2,170000.0,202607
강남구,청담동,1168010400,70,구산,01,아파트,68,75.06,58.68,A,,202607
강남구,청담동,1168010400,70,구산,01,아파트,49428,75.99,59.4,B,,202607
강남구,자곡동,1168011200,28602,강남한양수자인,01,아파트,27498,81.78,59.97,A2,185000.0,202607
강남구,자곡동,1168011200,28602,강남한양수자인,01,아파트,214869,81.72,59.93,B1,185000.0,202607
강남구,자곡동,1168011200,28602,강남한양수자인,01,아파트,217113,81.64,59.88,E,185000.0,202607
강남구,자곡동,1168011200,28602,강남한양수자인,01,아파트,220486,81.89,59.99,T3,187000.0,202607
강남구,자곡동,1168011200,28602,강남한양수자인,01,아파트,218963,82.2,59.96,T2,187000.0,202607
강남구,청담동,1168010400,84,삼성청담공원,01,아파트,82,81.95,59.93,,202500.0,202607
강남구,청담동,1168010400,91,삼성청담(래미안),01,아파트,89,86.34,59.99,,205000.0,202607
강남구,청담동,1168010400,2092593,청담르엘,01,아파트,5296643,82.01,59.77,A,,202607
강남구,청담동,1168010400,2092593,청담르엘,01,아파트,5296644,83.24,59.9,B,,202607
강남구,청담동,1168010400,72,청담동삼성1차,01,아파트,70,79.1,59.4,,182500.0,202607
강남구,청담동,1168010400,64,청담현대3차,01,아파트,62,91.43,59.95,,227500.0,202607
강남구,청담동,1168010400,80,청담우방,01,아파트,78,83.51,59.97,,213000.0,202607
서초구,내곡동,1165010900,29663,서초포레스타2단지,01,아파트,28557,87.56,59.09,B1,160000.0,202607
서초구,내곡동,1165010900,29663,서초포레스타2단지,01,아파트,75007,87.56,59.09,B3,160000.0,202607
서초구,내곡동,1165010900,29663,서초포레스타2단지,01,아파트,113250,88.27,59.21,B4,160000.0,202607
서초구,반포동,1165010700,44454,디에이치반포라클라스,01,아파트,215621,81.12,59.98,A,357500.0,202607
서초구,반포동,1165010700,44454,디에이치반포라클라스,01,아파트,87946,81.05,59.99,B,357500.0,202607
서초구,반포동,1165010700,44454,디에이치반포라클라스,01,아파트,123486,81.8,59.99,C,357500.0,202607
서초구,내곡동,1165010900,28957,서초더샵포레,01,아파트,27852,80.7,59.94,A,155000.0,202607
서초구,내곡동,1165010900,28957,서초더샵포레,01,아파트,74387,80.7,59.94,A1,155000.0,202607
서초구,내곡동,1165010900,28957,서초더샵포레,01,아파트,112753,80.87,59.69,B1,155000.0,202607
서초구,반포동,1165010700,381587,래미안원베일리,01,아파트,1245826,80.63,59.96,A,445000.0,202607
서초구,반포동,1165010700,381587,래미안원베일리,01,아파트,1245825,80.38,59.96,B,445000.0,202607
서초구,반포동,1165010700,1095811,래미안원펜타스,01,아파트,1723245,79.76,59.78,A,,202607
서초구,반포동,1165010700,1095811,래미안원펜타스,01,아파트,1723246,79.78,59.8,B,,202607
서초구,반포동,1165010700,1095811,래미안원펜타스,01,아파트,1723247,79.82,59.79,C,,202607
서초구,반포동,1165010700,1587,라인,01,아파트,1496,83.04,59.97,,175000.0,202607
서초구,반포동,1165010700,21363,래미안퍼스티지,01,아파트,221485,86.57,59.96,T2,400000.0,202607
서초구,반포동,1165010700,21363,래미안퍼스티지,01,아파트,222571,87.33,59.98,P,400000.0,202607
서초구,반포동,1165010700,21363,래미안퍼스티지,01,아파트,20652,87.46,59.89,T1,400000.0,202607
서초구,반포동,1165010700,31983,반포래미안아이파크,01,아파트,77084,92.98,59.97,B,310000.0,202607
서초구,반포동,1165010700,31983,반포래미안아이파크,01,아파트,114965,93.07,59.95,A,310000.0,202607
서초구,반포동,1165010700,2140518,반포래미안트리니원,01,아파트,5491817,78.26,59.94,A,,202607
서초구,반포동,1165010700,2140518,반포래미안트리니원,01,아파트,5491818,78.31,59.85,C,,202607
서초구,반포동,1165010700,2140518,반포래미안트리니원,01,아파트,5491819,78.48,59.91,D,,202607
서초구,반포동,1165010700,2140518,반포래미안트리니원,01,아파트,5491820,79.47,59.98,B,,202607
서초구,반포동,1165010700,1597,반포두산힐스빌,01,아파트,171453,90.52,58.7,,145000.0,202607
서초구,반포동,1165010700,47483,반포센트레빌아스테리움,01,아파트,1239937,76.55,59.99,,,202607
서초구,반포동,1165010700,1596,반포미도2차,01,아파트,1505,76.99,59.07,,270000.0,202607
서초구,반포동,1165010700,31997,반포써밋,01,아파트,30863,77.86,59.92,A,307500.0,202607
서초구,반포동,1165010700,31997,반포써밋,01,아파트,77096,78.25,59.92,B,307500.0,202607
서초구,반포동,1165010700,31997,반포써밋,01,아파트,114977,78.86,59.32,C,307500.0,202607
서초구,반포동,1165010700,23387,반포리체,01,아파트,22545,84.73,59.99,A,347500.0,202607
서초구,반포동,1165010700,23387,반포리체,01,아파트,69663,84.84,59.99,B,347500.0,202607
서초구,반포동,1165010700,15891,반포자이,01,아파트,15625,84.74,59.98,A,366667.0,202607
서초구,반포동,1165010700,15891,반포자이,01,아파트,63395,84.23,59.97,B,366667.0,202607
서초구,반포동,1165010700,22428,반포힐스테이트,01,아파트,176491,86.6,59.7,A,340000.0,202607
서초구,반포동,1165010700,22428,반포힐스테이트,01,아파트,160526,86.61,59.7,C,340000.0,202607
서초구,반포동,1165010700,22428,반포힐스테이트,01,아파트,188149,87.75,59.96,B,340000.0,202607
서초구,반포동,1165010700,1584,반포푸르지오,01,아파트,128568,75.53,58.88,A,227500.0,202607
서초구,반포동,1165010700,1584,반포푸르지오,01,아파트,153616,76.85,59.91,B,245000.0,202607
서초구,반포동,1165010700,1584,반포푸르지오,01,아파트,193805,76.72,59.81,C,245000.0,202607
서초구,반포동,1165010700,25793,써니힐.,01,아파트,71589,70.79,59.12,B,79100.0,202607
서초구,반포동,1165010700,1589,엠브이,01,아파트,1498,74.52,59.82,,185000.0,202607
서초구,반포동,1165010700,28770,아크로리버파크,01,아파트,228262,78.68,59.98,D,410000.0,202607
서초구,반포동,1165010700,28770,아크로리버파크,01,아파트,228422,79.24,59.98,E,410000.0,202607
서초구,반포동,1165010700,28770,아크로리버파크,01,아파트,27665,80.21,59.97,A,410000.0,202607
서초구,반포동,1165010700,28770,아크로리버파크,01,아파트,112607,80.54,59.98,B,410000.0,202607
서초구,반포동,1165010700,28770,아크로리버파크,01,아파트,74212,80.25,59.95,C,425000.0,202607
서초구,방배동,1165010100,1620,두원,01,아파트,1529,79.82,59.27,A,190800.0,202607
서초구,방배동,1165010100,1620,두원,01,아파트,128590,80.17,59.53,B,179900.0,202607
서초구,방배동,1165010100,1682100,래미안원페를라,01,아파트,4868240,81.0,59.98,A,,202607
서초구,방배동,1165010100,1682100,래미안원페를라,01,아파트,4868241,81.22,59.78,C,,202607
서초구,방배동,1165010100,1682100,래미안원페를라,01,아파트,4868242,82.05,59.95,B,,202607
서초구,방배동,1165010100,1639,방배1차현대,01,아파트,1547,85.04,59.94,,220000.0,202607
서초구,방배동,1165010100,1615,방배2차현대홈타운,01,아파트,1524,81.58,59.86,,202500.0,202607
서초구,방배동,1165010100,1615,방배2차현대홈타운,01,아파트,50832,81.58,59.86,C,202500.0,202607
서초구,방배동,1165010100,45354,방배그랑자이,01,아파트,44096,78.43,59.96,A,260000.0,202607
서초구,방배동,1165010100,45354,방배그랑자이,01,아파트,88731,79.29,59.74,B,260000.0,202607
서초구,방배동,1165010100,26102,방배롯데캐슬아르떼,01,아파트,25022,84.93,59.99,A,262500.0,202607
서초구,방배동,1165010100,26102,방배롯데캐슬아르떼,01,아파트,71861,84.27,59.97,B,262500.0,202607
서초구,방배동,1165010100,12327,방배래미안(1차),01,아파트,12130,78.51,59.9,A,172500.0,202607
서초구,방배동,1165010100,12327,방배래미안(1차),01,아파트,60262,78.51,59.9,B,172500.0,202607
서초구,방배동,1165010100,41236,방배서리풀그랑블,01,아파트,121313,77.54,59.93,,,202607
서초구,방배동,1165010100,35419,방배아트자이,01,아파트,34258,80.56,59.99,A,250000.0,202607
서초구,방배동,1165010100,35419,방배아트자이,01,아파트,117385,80.75,59.97,B,250000.0,202607
서초구,방배동,1165010100,35419,방배아트자이,01,아파트,80075,80.58,59.9,C,250000.0,202607
서초구,방배동,1165010100,15968,방배서리풀e편한세상,01,아파트,15700,83.92,59.94,A,230000.0,202607
서초구,방배동,1165010100,15968,방배서리풀e편한세상,01,아파트,63466,85.42,59.97,B,220000.0,202607
서초구,방배동,1165010100,425029,방배중앙센트레빌,01,아파트,1256408,85.78,59.77,A,,202607
서초구,방배동,1165010100,425029,방배중앙센트레빌,01,아파트,1256409,85.92,59.87,B,,202607
서초구,방배동,1165010100,425029,방배중앙센트레빌,01,아파트,1256410,85.99,59.92,C,,202607
서초구,방배동,1165010100,425029,방배중앙센트레빌,01,아파트,1256407,86.01,59.93,D,,202607
서초구,방배동,1165010100,425029,방배중앙센트레빌,01,아파트,1256411,86.01,59.93,E,,202607
서초구,방배동,1165010100,429920,방배하이빌9차(도),01,아파트,1265164,70.78,59.19,B,,202607
서초구,방배동,1165010100,48966,서리풀프라젠,01,아파트,152221,72.42,59.97,C,118900.0,202607
서초구,방배동,1165010100,44275,서초라임스(도),01,아파트,168821,66.55,59.85,,,202607
서초구,방배동,1165010100,1610,삼호한숲,01,아파트,1519,80.16,59.98,,137500.0,202607
서초구,방배동,1165010100,39724,서초훼미리하우스,01,아파트,83826,73.4,59.49,A,118900.0,202607
서초구,방배동,1165010100,39724,서초훼미리하우스,01,아파트,120247,73.5,59.57,B,124600.0,202607
서초구,방배동,1165010100,1648,서초ESA3차,01,아파트,1556,78.99,59.4,,132500.0,202607
서초구,방배동,1165010100,1661,아이리스,01,아파트,1569,67.55,59.84,,78800.0,202607
서초구,방배동,1165010100,20608,현대아르,01,아파트,107016,67.36,60.0,,104500.0,202607
서초구,서초동,1165010800,2151056,PH1603(도시형),01,아파트,5521302,84.74,59.69,A,,202607
서초구,서초동,1165010800,2151056,PH1603(도시형),01,아파트,5521303,84.38,59.79,B,,202607
서초구,서초동,1165010800,2151056,PH1603(도시형),01,아파트,5521300,84.71,59.57,GA,,202607
서초구,서초동,1165010800,2151056,PH1603(도시형),01,아파트,5521301,84.73,59.62,PA,,202607
서초구,서초동,1165010800,2151056,PH1603(도시형),01,아파트,5521306,84.73,59.62,PB,,202607
서초구,서초동,1165010800,2151056,PH1603(도시형),01,아파트,5521304,87.2,59.96,C,,202607
서초구,서초동,1165010800,44285,래미안리더스원,01,아파트,43036,84.03,59.97,A,307500.0,202607
서초구,서초동,1165010800,44285,래미안리더스원,01,아파트,220892,85.49,59.96,B,307500.0,202607
서초구,서초동,1165010800,1678,두진한아름,01,아파트,1586,80.54,59.97,,114200.0,202607
서초구,서초동,1165010800,1678,두진한아름,01,아파트,94570,80.07,59.61,A,,202607
서초구,서초동,1165010800,1678,두진한아름,01,아파트,128628,80.3,59.79,B,110800.0,202607
서초구,서초동,1165010800,29879,래미안서초에스티지,01,아파트,142429,85.16,59.99,A,285000.0,202607
서초구,서초동,1165010800,29879,래미안서초에스티지,01,아파트,163593,85.76,59.99,B,285000.0,202607
서초구,서초동,1165010800,15998,래미안서초스위트,01,아파트,15730,80.1,59.99,,257500.0,202607
서초구,서초동,1165010800,49918,비버리캐슬,01,아파트,127224,81.03,59.49,A,,202607
서초구,서초동,1165010800,49918,비버리캐슬,01,아파트,152692,81.03,59.49,T,,202607
서초구,서초동,1165010800,29961,마제스타시티힐스테이트서리풀,01,아파트,75282,88.47,59.97,A,197500.0,202607
서초구,서초동,1165010800,29961,마제스타시티힐스테이트서리풀,01,아파트,28852,88.02,59.95,B,197500.0,202607
서초구,서초동,1165010800,21075,서초,01,아파트,107331,68.97,58.22,,,202607
서초구,서초동,1165010800,33265,서리풀월드메르디앙레브,01,아파트,32126,65.99,59.04,A,,202607
서초구,서초동,1165010800,33265,서리풀월드메르디앙레브,01,아파트,78204,65.58,59.01,B,,202607
서초구,서초동,1165010800,33265,서리풀월드메르디앙레브,01,아파트,115863,65.92,59.36,C,,202607
서초구,서초동,1165010800,33265,서리풀월드메르디앙레브,01,아파트,179892,65.96,59.01,F,,202607
서초구,서초동,1165010800,33265,서리풀월드메르디앙레브,01,아파트,190657,65.97,59.4,G,,202607
서초구,서초동,1165010800,33265,서리풀월드메르디앙레브,01,아파트,198546,65.99,59.42,H,,202607
서초구,서초동,1165010800,33265,서리풀월드메르디앙레브,01,아파트,144294,66.05,59.47,D,,202607
서초구,서초동,1165010800,33265,서리풀월드메르디앙레브,01,아파트,164953,66.01,59.06,E,,202607
서초구,서초동,1165010800,46168,서초그랑자이,01,아파트,217783,83.85,59.98,A,320000.0,202607
서초구,서초동,1165010800,46168,서초그랑자이,01,아파트,89442,84.77,59.98,B,320000.0,202607
서초구,서초동,1165010800,46168,서초그랑자이,01,아파트,44903,84.5,59.99,C,320000.0,202607
서초구,서초동,1165010800,46168,서초그랑자이,01,아파트,224630,85.04,59.99,D,320000.0,202607
서초구,서초동,1165010800,14301,서초극동스타클래스II,01,아파트,14074,74.92,59.97,,112500.0,202607
서초구,서초동,1165010800,1698,서초녹원,01,아파트,128641,78.41,59.78,A,118700.0,202607
서초구,서초동,1165010800,1698,서초녹원,01,아파트,1606,78.61,59.94,B,122100.0,202607
서초구,서초동,1165010800,22976,서초교대e편한세상,01,아파트,22156,81.47,59.9,A,255000.0,202607
서초구,서초동,1165010800,22976,서초교대e편한세상,01,아파트,69327,82.34,59.93,B,255000.0,202607
서초구,서초동,1165010800,35987,서초드림하이츠.,01,아파트,80553,69.23,59.85,,80200.0,202607
서초구,서초동,1165010800,1710,서초로얄,01,아파트,1618,75.35,59.34,A,92000.0,202607
서초구,서초동,1165010800,1710,서초로얄,01,아파트,50918,75.77,59.66,B,84600.0,202607
서초구,서초동,1165010800,48740,서초블리스,01,아파트,215794,75.22,58.15,,86900.0,202607
서초구,서초동,1165010800,12021,서초예성그린,01,아파트,60004,67.16,58.42,,94300.0,202607
서초구,서초동,1165010800,312975,서초자이르네,01,아파트,1082743,77.55,59.67,A,,202607
서초구,서초동,1165010800,312975,서초자이르네,01,아파트,1082742,77.5,59.69,B,,202607
서초구,서초동,1165010800,312975,서초자이르네,01,아파트,1082744,77.69,59.97,C,,202607
서초구,서초동,1165010800,346219,서초프라임헤센,01,아파트,1218278,73.95,59.06,B,,202607
서초구,서초동,1165010800,29882,서초푸르지오써밋,01,아파트,28774,80.96,59.92,A,312500.0,202607
서초구,서초동,1165010800,29882,서초푸르지오써밋,01,아파트,113424,81.56,59.95,B,312500.0,202607
서초구,서초동,1165010800,29882,서초푸르지오써밋,01,아파트,75209,81.52,59.62,C,312500.0,202607
서초구,서초동,1165010800,1689,서초한일,01,아파트,1597,76.82,59.96,,137000.0,202607
서초구,서초동,1165010800,1669,서초한빛삼성,01,아파트,1577,84.96,59.52,,149000.0,202607
서초구,서초동,1165010800,426723,스타시드(도),01,아파트,1260025,69.57,59.72,,,202607
서초구,서초동,1165010800,1696,서초현대,01,아파트,94583,77.01,59.4,B,175000.0,202607
서초구,서초동,1165010800,1673,우성(5차),01,아파트,50883,79.88,59.93,,222500.0,202607
서초구,서초동,1165010800,1695,초원현대,01,아파트,1603,87.93,59.76,,140600.0,202607
서초구,신원동,1165011100,28960,서초포레스타5단지,01,아파트,27855,80.4,59.93,C,157500.0,202607
서초구,신원동,1165011100,28959,서초포레스타3단지,01,아파트,74388,82.11,59.96,A,157500.0,202607
서초구,신원동,1165011100,28959,서초포레스타3단지,01,아파트,197848,82.11,59.96,A1,157500.0,202607
서초구,신원동,1165011100,28959,서초포레스타3단지,01,아파트,27854,82.02,59.93,C,157500.0,202607
서초구,신원동,1165011100,27988,서초포레스타7단지,01,아파트,26891,87.67,59.94,A,160000.0,202607
서초구,신원동,1165011100,27988,서초포레스타7단지,01,아파트,73528,87.67,59.94,A1,160000.0,202607
서초구,신원동,1165011100,27988,서초포레스타7단지,01,아파트,112032,87.72,59.81,B,160000.0,202607
서초구,신원동,1165011100,27988,서초포레스타7단지,01,아파트,162743,87.89,59.92,B1,160000.0,202607
서초구,신원동,1165011100,29664,서초포레스타6단지,01,아파트,28558,86.35,59.98,A,170000.0,202607
서초구,신원동,1165011100,29664,서초포레스타6단지,01,아파트,75008,86.35,59.98,A1,170000.0,202607
서초구,신원동,1165011100,29664,서초포레스타6단지,01,아파트,1085245,86.35,59.98,AS,170000.0,202607
서초구,신원동,1165011100,29664,서초포레스타6단지,01,아파트,113251,86.52,59.93,C,170000.0,202607
서초구,양재동,1165010200,42606,노블하우스.,01,아파트,41374,63.36,58.38,,,202607
서초구,양재동,1165010200,48716,리시본하우스,01,아파트,213254,66.46,58.7,A,85600.0,202607
서초구,양재동,1165010200,48716,리시본하우스,01,아파트,215792,66.33,58.58,B,90500.0,202607
서초구,양재동,1165010200,48716,리시본하우스,01,아파트,217869,66.48,58.71,C,84900.0,202607
서초구,양재동,1165010200,48716,리시본하우스,01,아파트,220979,67.67,59.76,,,202607
서초구,양재동,1165010200,48716,리시본하우스,01,아파트,219581,67.32,59.45,D,84100.0,202607
서초구,양재동,1165010200,18421,미영,01,아파트,220111,65.79,58.55,,,202607
서초구,양재동,1165010200,38076,비버리하임(도시형),01,아파트,199153,68.24,58.01,,,202607
서초구,양재동,1165010200,39327,선경에버빌,01,아파트,83471,64.43,58.28,,,202607
서초구,양재동,1165010200,1726,성영,01,아파트,153684,66.88,59.72,,,202607
서초구,양재동,1165010200,18423,양재테크노5차,01,아파트,65494,65.74,59.99,A,77300.0,202607
서초구,양재동,1165010200,1723,신영체르니,01,아파트,153681,78.38,58.21,,115000.0,202607
서초구,양재동,1165010200,18720,우면파크.,01,아파트,175282,67.59,59.48,,,202607
서초구,양재동,1165010200,30174,월드빌,01,아파트,75478,69.22,58.53,,,202607
서초구,양재동,1165010200,18013,휴먼시티,01,아파트,17428,67.77,58.26,A,,202607
서초구,양재동,1165010200,18013,휴먼시티,01,아파트,65152,69.53,59.75,B,,202607
서초구,우면동,1165010300,25639,서초네이처힐2단지,01,아파트,24568,78.72,59.99,A,,202607
서초구,우면동,1165010300,26689,서초네이처힐6단지,01,아파트,25605,81.93,59.99,A,152500.0,202607
서초구,우면동,1165010300,25075,서초네이처힐7단지,01,아파트,24015,85.73,59.99,A,150000.0,202607
서초구,우면동,1165010300,1740,우면한라,01,아파트,1647,78.93,59.98,,155000.0,202607
서초구,우면동,1165010300,25666,호반써밋서초파크,01,아파트,71472,82.17,59.93,A,162500.0,202607
서초구,우면동,1165010300,24933,서초힐스,01,아파트,70831,81.98,59.91,B,165000.0,202607
서초구,우면동,1165010300,24933,서초힐스,01,아파트,23875,81.96,59.89,C,165000.0,202607
서초구,우면동,1165010300,24933,서초힐스,01,아파트,109866,82.07,59.97,A,165000.0,202607
서초구,우면동,1165010300,24933,서초힐스,01,아파트,139615,82.07,59.97,AN,165000.0,202607
서초구,우면동,1165010300,25652,호반써밋서초파크뷰,01,아파트,24581,81.97,59.93,A,129500.0,202607
서초구,우면동,1165010300,25652,호반써밋서초파크뷰,01,아파트,71458,82.05,59.99,B,129500.0,202607
서초구,우면동,1165010300,25652,호반써밋서초파크뷰,01,아파트,110390,82.05,59.99,BN,129500.0,202607
서초구,잠원동,1165010600,34969,래미안신반포리오센트,01,아파트,33811,85.91,59.92,B,320000.0,202607
서초구,잠원동,1165010600,34969,래미안신반포리오센트,01,아파트,79686,86.21,59.95,A,320000.0,202607
서초구,잠원동,1165010600,1092721,메이플자이,01,아파트,1717089,83.78,59.16,A,,202607
서초구,잠원동,1165010600,1092721,메이플자이,01,아파트,1717090,85.01,59.53,B,,202607
서초구,잠원동,1165010600,47515,반포르엘,01,아파트,46227,79.34,59.94,,,202607
서초구,잠원동,1165010600,1525,동아,01,아파트,1434,81.33,59.8,,305000.0,202607
서초구,잠원동,1165010600,1525,동아,01,아파트,50759,86.94,59.92,,310000.0,202607
서초구,잠원동,1165010600,48900,반포르엘2차,01,아파트,91799,79.88,59.88,,,202607
서초구,잠원동,1165010600,39123,반포센트럴자이,01,아파트,37933,82.17,59.98,A,380000.0,202607
서초구,잠원동,1165010600,39123,반포센트럴자이,01,아파트,83290,82.79,59.97,C,380000.0,202607
서초구,잠원동,1165010600,39123,반포센트럴자이,01,아파트,119812,83.02,59.97,B,380000.0,202607
서초구,잠원동,1165010600,1562,미주파스텔,01,아파트,153605,70.91,59.76,,220000.0,202607
서초구,잠원동,1165010600,1562,미주파스텔,01,아파트,50788,77.2,59.57,,220000.0,202607
서초구,잠원동,1165010600,35347,세인트빌,01,아파트,34186,72.79,59.21,,,202607
서초구,잠원동,1165010600,1544,반포한신타워,01,아파트,206151,83.77,59.4,,250000.0,202607
서초구,잠원동,1165010600,1544,반포한신타워,01,아파트,1453,84.91,59.81,,250000.0,202607
서초구,잠원동,1165010600,1565,블루힐하우스(청구2차),01,아파트,1474,80.07,59.85,,210000.0,202607
서초구,잠원동,1165010600,49604,신반포르엘,01,아파트,92408,80.65,59.99,,352500.0,202607
서초구,잠원동,1165010600,2150671,오티에르반포,01,아파트,5519689,81.87,59.58,A,,202607
서초구,잠원동,1165010600,2150671,오티에르반포,01,아파트,5519690,81.88,59.34,B,,202607
서초구,잠원동,1165010600,32368,신반포자이,01,아파트,31233,85.34,59.35,B,380000.0,202607
서초구,잠원동,1165010600,32368,신반포자이,01,아파트,77429,86.02,59.93,A,380000.0,202607
서초구,잠원동,1165010600,32368,신반포자이,01,아파트,115255,86.25,59.86,C,380000.0,202607
서초구,잠원동,1165010600,387334,잠원2차중앙하이츠,01,아파트,1378994,83.33,59.93,,237500.0,202607
서초구,잠원동,1165010600,1556,신반포청구(1차),01,아파트,1465,80.09,59.55,A,280000.0,202607
서초구,잠원동,1165010600,1556,신반포청구(1차),01,아파트,94480,80.55,59.91,B,280000.0,202607
서초구,잠원동,1165010600,1555,현대훼밀리,01,아파트,1464,73.43,59.56,,240000.0,202607
송파구,잠실동,1171010100,15524,리센츠,01,아파트,134447,82.1,59.99,A,297500.0,202607
송파구,잠실동,1171010100,15524,리센츠,01,아파트,157294,82.32,59.99,B,297500.0,202607
송파구,잠실동,1171010100,15524,리센츠,01,아파트,173907,82.1,59.99,C,297500.0,202607
송파구,잠실동,1171010100,15524,리센츠,01,아파트,186105,82.13,59.99,D,297500.0,202607
송파구,잠실동,1171010100,15524,리센츠,01,아파트,194991,82.47,59.99,E,297500.0,202607
송파구,잠실동,1171010100,15524,리센츠,01,아파트,201699,82.16,59.99,F,297500.0,202607
