자치구,동,법정동코드,단지기본일련번호,아파트,매물종별구분,매물종별구분명,면적일련번호,공급면적_㎡,전용면적_㎡,주택형,KB일반가_만원,시세기준월,세대수
강남구,개포동,1168010300,39203,개포래미안포레스트,1,아파트,215405,115.41,84.86,A,338333.0,202607,2296.0
강남구,개포동,1168010300,39203,개포래미안포레스트,1,아파트,217538,115.37,84.83,B,338333.0,202607,2296.0
강남구,개포동,1168010300,39203,개포래미안포레스트,1,아파트,219312,115.68,84.9,C,338333.0,202607,2296.0
강남구,개포동,1168010300,39203,개포래미안포레스트,1,아파트,220764,115.18,84.59,D,338333.0,202607,2296.0
강남구,개포동,1168010300,144,개포주공6단지.,1,아파트,127829,107.31,83.21,,380000.0,202607,1060.0
강남구,개포동,1168010300,136,개포주공5단지.,1,아파트,127825,116.04,83.17,,400000.0,202607,940.0
강남구,개포동,1168010300,48042,개포자이프레지던스,1,아파트,205845,110.79,84.59,A,375000.0,202607,3375.0
강남구,개포동,1168010300,48042,개포자이프레지던스,1,아파트,222128,110.79,84.75,B,375000.0,202607,3375.0
강남구,개포동,1168010300,48042,개포자이프레지던스,1,아파트,223108,112.52,84.82,P,,202607,3375.0
강남구,개포동,1168010300,36392,경남,1,아파트,1249105,97.92,84.72,A,298333.0,202607,678.0
강남구,개포동,1168010300,36392,경남,1,아파트,1165914,107.64,84.6,,341667.0,202607,678.0
강남구,개포동,1168010300,145,개포주공7단지.,1,아파트,127830,114.72,83.7,,375000.0,202607,900.0
강남구,개포동,1168010300,38578,뉴현대파크빌,1,아파트,191566,96.07,83.46,A,96400.0,202607,10.0
강남구,개포동,1168010300,38578,뉴현대파크빌,1,아파트,199200,96.08,83.46,B,95700.0,202607,10.0
강남구,개포동,1168010300,50176,디에이치퍼스티어아이파크,1,아파트,1108641,110.41,84.82,A,350000.0,202607,6702.0
강남구,개포동,1168010300,50176,디에이치퍼스티어아이파크,1,아파트,1108630,111.53,84.85,B,350000.0,202607,6702.0
강남구,개포동,1168010300,50176,디에이치퍼스티어아이파크,1,아파트,1108631,111.91,84.9,C,350000.0,202607,6702.0
강남구,개포동,1168010300,50176,디에이치퍼스티어아이파크,1,아파트,1108632,111.88,84.88,D,350000.0,202607,6702.0
강남구,개포동,1168010300,33681,디에이치아너힐즈,1,아파트,32537,114.2,84.35,A,357500.0,202607,1320.0
강남구,개포동,1168010300,33681,디에이치아너힐즈,1,아파트,223746,114.2,84.35,B,357500.0,202607,1320.0
강남구,개포동,1168010300,33681,디에이치아너힐즈,1,아파트,78552,115.24,84.35,C,357500.0,202607,1320.0
강남구,개포동,1168010300,33681,디에이치아너힐즈,1,아파트,116127,115.79,84.63,D,357500.0,202607,1320.0
강남구,개포동,1168010300,24683,리더스.,1,아파트,70620,92.57,84.16,,96800.0,202607,10.0
강남구,개포동,1168010300,24683,리더스.,1,아파트,23627,94.36,83.62,,103800.0,202607,10.0
강남구,개포동,1168010300,32909,래미안블레스티지,1,아파트,223737,113.3,84.94,A,337500.0,202607,1957.0
강남구,개포동,1168010300,32909,래미안블레스티지,1,아파트,144121,113.3,84.94,B,337500.0,202607,1957.0
강남구,개포동,1168010300,32909,래미안블레스티지,1,아파트,224484,113.3,84.94,B-1,337500.0,202607,1957.0
강남구,개포동,1168010300,32909,래미안블레스티지,1,아파트,225112,113.3,84.94,B-2,337500.0,202607,1957.0
강남구,개포동,1168010300,32909,래미안블레스티지,1,아파트,164817,113.84,84.94,C,337500.0,202607,1957.0
강남구,개포동,1168010300,32909,래미안블레스티지,1,아파트,179797,115.07,84.95,D,335000.0,202607,1957.0
강남구,개포동,1168010300,32909,래미안블레스티지,1,아파트,226874,116.86,84.79,P,352500.0,202607,1957.0
강남구,개포동,1168010300,30782,포이벨리,1,아파트,29659,98.3,84.69,,110500.0,202607,10.0
강남구,개포동,1168010300,138,현대(3차),1,아파트,135,105.86,84.87,,275000.0,202607,198.0
강남구,개포동,1168010300,147,현대(2차),1,아파트,127832,105.78,83.16,B,317500.0,202607,558.0
강남구,개포동,1168010300,147,현대(2차),1,아파트,144,106.67,84.81,A,317500.0,202607,558.0
강남구,논현동,1168010800,3,경남논현,1,아파트,153069,112.41,83.72,A,160000.0,202607,60.0
강남구,논현동,1168010800,3,경남논현,1,아파트,49366,113.51,84.55,B,160000.0,202607,60.0
강남구,논현동,1168010800,3,경남논현,1,아파트,127747,113.97,84.89,C,160000.0,202607,60.0
강남구,논현동,1168010800,2,논현(신동아),1,아파트,49365,103.86,84.52,,227500.0,202607,644.0
강남구,논현동,1168010800,2,논현(신동아),1,아파트,93340,125.48,84.69,,227500.0,202607,644.0
강남구,논현동,1168010800,13563,논현e-편한세상,1,아파트,13344,109.11,84.98,A,145000.0,202607,63.0
강남구,논현동,1168010800,13563,논현e-편한세상,1,아파트,61323,109.26,84.49,B,145000.0,202607,63.0
강남구,논현동,1168010800,20642,논현동2차한화꿈에그린아파트,1,아파트,19950,104.67,83.7,,137600.0,202607,46.0
강남구,논현동,1168010800,12572,논현동한진로즈힐,1,아파트,60481,111.21,84.94,,195000.0,202607,81.0
강남구,논현동,1168010800,12337,논현동동부센트레빌,1,아파트,12139,106.82,84.98,,225000.0,202607,160.0
강남구,논현동,1168010800,14802,논현동월드메르디앙,1,아파트,62419,105.02,84.99,A,155000.0,202607,82.0
강남구,논현동,1168010800,14802,논현동월드메르디앙,1,아파트,157003,105.11,84.99,B,155000.0,202607,82.0
강남구,논현동,1168010800,14802,논현동월드메르디앙,1,아파트,173694,105.65,84.99,C,155000.0,202607,82.0
강남구,논현동,1168010800,14802,논현동월드메르디앙,1,아파트,185949,105.85,84.99,D,155000.0,202607,82.0
강남구,논현동,1168010800,14802,논현동월드메르디앙,1,아파트,194879,107.56,84.93,A,155000.0,202607,82.0
강남구,논현동,1168010800,14802,논현동월드메르디앙,1,아파트,201621,107.95,84.98,B,155000.0,202607,82.0
강남구,논현동,1168010800,14802,논현동월드메르디앙,1,아파트,206748,108.17,84.71,C,155000.0,202607,82.0
강남구,논현동,1168010800,416789,논현두산위브(2단지),1,아파트,1644554,105.93,83.46,C,200000.0,202607,136.0
강남구,논현동,1168010800,416789,논현두산위브(2단지),1,아파트,1644556,107.76,84.72,A,200000.0,202607,136.0
강남구,논현동,1168010800,416789,논현두산위브(2단지),1,아파트,1512571,107.33,84.25,B,200000.0,202607,136.0
강남구,논현동,1168010800,36289,논현두산위브(1단지),1,아파트,80824,107.83,84.99,A,210000.0,202607,130.0
강남구,논현동,1168010800,36289,논현두산위브(1단지),1,아파트,166124,107.81,84.87,D,210000.0,202607,130.0
강남구,논현동,1168010800,36289,논현두산위브(1단지),1,아파트,117971,108.01,84.91,B,210000.0,202607,130.0
강남구,논현동,1168010800,12227,논현아트빌,1,아파트,101141,93.46,83.0,,98300.0,202607,11.0
강남구,논현동,1168010800,12227,논현아트빌,1,아파트,132781,95.53,84.84,,96700.0,202607,11.0
강남구,논현동,1168010800,11,논현한가람,1,아파트,93347,102.93,84.83,A,,202607,
강남구,논현동,1168010800,11,논현한가람,1,아파트,11,102.67,84.95,B,,202607,
강남구,논현동,1168010800,34756,더클래식논현(도),1,아파트,180303,97.75,84.96,A,,202607,
강남구,논현동,1168010800,34756,더클래식논현(도),1,아파트,190937,100.23,84.96,B,,202607,
강남구,논현동,1168010800,1,동현,1,아파트,1,102.47,84.92,,275000.0,202607,548.0
강남구,논현동,1168010800,38962,라디안,1,아파트,83150,96.82,84.28,,107200.0,202607,10.0
강남구,논현동,1168010800,20606,두영,1,아파트,137398,97.63,84.84,A,114200.0,202607,17.0
강남구,논현동,1168010800,20606,두영,1,아파트,67314,97.81,85.0,B,108900.0,202607,17.0
강남구,논현동,1168010800,23933,로체샤르캐슬,1,아파트,22895,99.4,84.29,,120900.0,202607,17.0
강남구,논현동,1168010800,29002,라이헤스빌,1,아파트,112781,94.43,84.29,A,107200.0,202607,13.0
강남구,논현동,1168010800,29002,라이헤스빌,1,아파트,141934,94.96,84.76,B,105100.0,202607,13.0
강남구,논현동,1168010800,649931,브라이튼N40,1,아파트,1420538,102.1,84.0,,,202607,
강남구,논현동,1168010800,29686,아크로힐스논현,1,아파트,75029,109.73,84.07,,295000.0,202607,368.0
강남구,논현동,1168010800,29686,아크로힐스논현,1,아파트,28580,109.73,84.07,A,295000.0,202607,368.0
강남구,논현동,1168010800,29686,아크로힐스논현,1,아파트,113268,111.02,84.2,B,295000.0,202607,368.0
강남구,논현동,1168010800,29686,아크로힐스논현,1,아파트,197976,111.6,84.13,D,295000.0,202607,368.0
강남구,논현동,1168010800,29686,아크로힐스논현,1,아파트,189893,112.21,84.01,C,295000.0,202607,368.0
강남구,논현동,1168010800,4,쌍용,1,아파트,153070,117.82,84.87,,137500.0,202607,111.0
강남구,논현동,1168010800,18812,월드쉐르빌,1,아파트,214206,99.48,84.06,B,103900.0,202607,15.0
강남구,대치동,1168010600,200,개포우성2차,1,아파트,1707023,101.09,84.69,,,202607,
강남구,대치동,1168010600,187,개포우성1차,1,아파트,1708325,84.8,84.8,,405000.0,202607,690.0
강남구,대치동,1168010600,187,개포우성1차,1,아파트,183,101.19,84.81,,405000.0,202607,690.0
강남구,대치동,1168010600,31445,대치SK뷰,1,아파트,30316,110.84,84.33,A,385000.0,202607,239.0
강남구,대치동,1168010600,31445,대치SK뷰,1,아파트,76597,110.89,84.38,B,385000.0,202607,239.0
강남구,대치동,1168010600,204,대치동삼성3차,1,아파트,200,99.97,84.78,,203900.0,202607,35.0
강남구,대치동,1168010600,659022,대치더클래스,1,아파트,1432098,108.29,83.92,E,201300.0,202607,42.0
강남구,대치동,1168010600,659022,대치더클래스,1,아파트,1432100,108.54,84.12,F,,202607,42.0
강남구,대치동,1168010600,659022,대치더클래스,1,아파트,1432099,108.67,84.22,G,212100.0,202607,42.0
강남구,대치동,1168010600,659022,대치더클래스,1,아파트,1432105,109.14,84.58,A,201900.0,202607,42.0
강남구,대치동,1168010600,659022,대치더클래스,1,아파트,1432106,109.64,84.97,B,202900.0,202607,42.0
강남구,대치동,1168010600,47442,대치르엘,1,아파트,1166030,112.42,84.76,A,365000.0,202607,273.0
강남구,대치동,1168010600,47442,대치르엘,1,아파트,1166031,112.28,84.77,B,365000.0,202607,273.0
강남구,대치동,1168010600,47442,대치르엘,1,아파트,1166032,112.08,84.77,C,365000.0,202607,273.0
강남구,대치동,1168010600,47442,대치르엘,1,아파트,1166033,112.84,84.8,D,365000.0,202607,273.0
강남구,대치동,1168010600,23668,대치주성,1,아파트,69814,92.01,83.51,A,,202607,
강남구,대치동,1168010600,23668,대치주성,1,아파트,109038,92.4,83.87,B,,202607,
강남구,대치동,1168010600,189,대치삼성(래미안),1,아파트,49533,108.21,84.58,,340000.0,202607,960.0
강남구,대치동,1168010600,313482,대치푸르지오써밋,1,아파트,1083839,108.13,84.97,A,,202607,
강남구,대치동,1168010600,313482,대치푸르지오써밋,1,아파트,1083620,109.0,84.96,B,,202607,
강남구,대치동,1168010600,313482,대치푸르지오써밋,1,아파트,1083621,110.08,84.93,C,,202607,
강남구,대치동,1168010600,13451,대치한신휴플러스,1,아파트,133360,105.97,84.99,,190000.0,202607,66.0
강남구,대치동,1168010600,14992,대치아이파크,1,아파트,134155,107.35,84.93,C,390000.0,202607,768.0
강남구,대치동,1168010600,14992,대치아이파크,1,아파트,62592,108.03,84.95,A,390000.0,202607,768.0
강남구,대치동,1168010600,14992,대치아이파크,1,아파트,103010,108.17,84.95,B,390000.0,202607,768.0
강남구,대치동,1168010600,14992,대치아이파크,1,아파트,157080,111.3,84.98,,390000.0,202607,768.0
강남구,대치동,1168010600,191,대치효성,1,아파트,49535,112.09,84.91,A,222500.0,202607,83.0
강남구,대치동,1168010600,191,대치효성,1,아파트,93475,112.12,84.94,B,222500.0,202607,83.0
강남구,대치동,1168010600,190,대치현대,1,아파트,49534,111.62,85.0,,315000.0,202607,630.0
강남구,대치동,1168010600,1682099,디에이치대치에델루이,1,아파트,4868304,110.93,84.99,B,,202607,
강남구,대치동,1168010600,1682099,디에이치대치에델루이,1,아파트,5305581,111.34,84.99,A,,202607,
강남구,대치동,1168010600,1682099,디에이치대치에델루이,1,아파트,5305573,115.86,84.99,P,,202607,
강남구,대치동,1168010600,36794,래미안대치팰리스2단지,1,아파트,146037,118.76,84.99,D,405000.0,202607,330.0
강남구,대치동,1168010600,36794,래미안대치팰리스2단지,1,아파트,166204,118.94,84.99,E,405000.0,202607,330.0
강남구,대치동,1168010600,29017,래미안대치팰리스1단지,1,아파트,112788,111.83,84.99,C,435000.0,202607,1278.0
강남구,대치동,1168010600,29017,래미안대치팰리스1단지,1,아파트,141940,112.24,84.98,B,435000.0,202607,1278.0
강남구,대치동,1168010600,29017,래미안대치팰리스1단지,1,아파트,163224,113.15,84.97,A,435000.0,202607,1278.0
강남구,대치동,1168010600,203,롯데캐슬,1,아파트,199,110.72,84.75,,252500.0,202607,142.0
강남구,대치동,1168010600,24759,메트로,1,아파트,139514,96.49,84.67,,,202607,
강남구,대치동,1168010600,36403,"선경(1,2차)",1,아파트,1249081,102.27,84.55,B,410000.0,202607,1034.0
강남구,대치동,1168010600,207,세연파크뷰,1,아파트,127855,94.53,83.58,,148400.0,202607,19.0
강남구,대치동,1168010600,18166,스카이써밋,1,아파트,136166,91.79,83.72,,134600.0,202607,10.0
강남구,대치동,1168010600,199,세영팔레스타운,1,아파트,93478,103.37,84.85,,210000.0,202607,67.0
강남구,대치동,1168010600,15274,우정에쉐르,1,아파트,15026,103.62,84.93,,151700.0,202607,19.0
강남구,대치동,1168010600,186,은마,1,아파트,49530,115.54,84.43,,382667.0,202607,4424.0
강남구,대치동,1168010600,14878,청원,1,아파트,194892,91.92,84.73,A,,202607,
강남구,대치동,1168010600,14878,청원,1,아파트,62487,92.11,84.9,B,,202607,
강남구,대치동,1168010600,345179,한보미도맨션,1,아파트,1215165,113.31,84.48,,398333.0,202607,2436.0
강남구,대치동,1168010600,345179,한보미도맨션,1,아파트,1215169,114.77,84.96,,395000.0,202607,2436.0
강남구,대치동,1168010600,37047,풍림아이원,1,아파트,35878,93.22,83.65,B,150000.0,202607,90.0
강남구,대치동,1168010600,37047,풍림아이원,1,아파트,81478,94.38,84.69,A,161000.0,202607,90.0
강남구,대치동,1168010600,37047,풍림아이원,1,아파트,1707263,94.54,84.54,C,161000.0,202607,90.0
강남구,대치동,1168010600,37047,풍림아이원,1,아파트,1707264,94.58,84.87,D,161000.0,202607,90.0
강남구,대치동,1168010600,24354,하이캐슬,1,아파트,23303,104.13,84.06,A,,202607,
강남구,대치동,1168010600,24354,하이캐슬,1,아파트,70332,104.16,84.27,B,,202607,
강남구,대치동,1168010600,24354,하이캐슬,1,아파트,109460,104.52,84.33,C,,202607,
강남구,대치동,1168010600,24354,하이캐슬,1,아파트,139290,105.95,84.54,D,,202607,
강남구,대치동,1168010600,194,현대(1차),1,아파트,190,101.03,84.27,A,250000.0,202607,120.0
강남구,대치동,1168010600,194,현대(1차),1,아파트,49538,101.7,84.89,B,250000.0,202607,120.0
강남구,도곡동,1168011800,157,개포4차우성(양재우성),1,아파트,154,113.23,84.6,,372500.0,202607,459.0
강남구,대치동,1168010600,18942,화인하이빌,1,아파트,187279,93.84,84.34,,113100.0,202607,18.0
강남구,대치동,1168010600,18942,화인하이빌,1,아파트,195938,94.56,84.99,,113500.0,202607,18.0
강남구,도곡동,1168011800,161,개포한신,1,아파트,93456,103.93,83.86,,350000.0,202607,620.0
강남구,도곡동,1168011800,175,경남,1,아파트,93462,106.33,84.94,,222500.0,202607,348.0
강남구,도곡동,1168011800,175,경남,1,아파트,127839,116.34,84.94,,222500.0,202607,348.0
강남구,도곡동,1168011800,162,대림,1,아파트,159,102.39,84.93,A,255000.0,202607,197.0
강남구,도곡동,1168011800,162,대림,1,아파트,49509,104.47,84.95,B,255000.0,202607,197.0
강남구,도곡동,1168011800,20491,대명비발디,1,아파트,196204,101.33,83.72,A,,202607,
강남구,도곡동,1168011800,20491,대명비발디,1,아파트,67219,102.21,84.44,B,,202607,
강남구,도곡동,1168011800,14799,도곡1차아이파크,1,아파트,14562,109.19,84.12,,262500.0,202607,321.0
강남구,도곡동,1168011800,13886,도곡렉슬,1,아파트,194760,109.51,84.99,A1,365000.0,202607,3002.0
강남구,도곡동,1168011800,13886,도곡렉슬,1,아파트,201536,109.37,84.92,B1,365000.0,202607,3002.0
강남구,도곡동,1168011800,13886,도곡렉슬,1,아파트,206681,110.94,84.92,B,365000.0,202607,3002.0
강남구,도곡동,1168011800,13886,도곡렉슬,1,아파트,185789,111.08,84.99,A,365000.0,202607,3002.0
강남구,도곡동,1168011800,176,도곡동삼성래미안,1,아파트,49520,112.77,84.76,,320000.0,202607,732.0
강남구,도곡동,1168011800,176,도곡동삼성래미안,1,아파트,93463,115.17,84.89,,327500.0,202607,732.0
강남구,도곡동,1168011800,30232,도곡한라비발디,1,아파트,29119,111.45,84.88,A,222500.0,202607,110.0
강남구,도곡동,1168011800,30232,도곡한라비발디,1,아파트,75535,111.45,84.88,AA,222500.0,202607,110.0
강남구,도곡동,1168011800,30232,도곡한라비발디,1,아파트,113699,111.45,84.88,AB,222500.0,202607,110.0
강남구,도곡동,1168011800,30232,도곡한라비발디,1,아파트,142657,111.65,84.95,B,222500.0,202607,110.0
강남구,도곡동,1168011800,22461,래미안도곡카운티,1,아파트,108352,110.59,84.67,,370000.0,202607,397.0
강남구,도곡동,1168011800,12298,롯데캐슬모닝,1,아파트,12101,105.37,84.51,A,212500.0,202607,60.0
강남구,도곡동,1168011800,12298,롯데캐슬모닝,1,아파트,60235,105.39,84.91,B,212500.0,202607,60.0
강남구,도곡동,1168011800,164,매봉(삼성),1,아파트,49510,98.88,83.49,A,217500.0,202607,132.0
강남구,도곡동,1168011800,164,매봉(삼성),1,아파트,93457,100.61,84.95,B,217500.0,202607,132.0
강남구,도곡동,1168011800,159,도곡한신(MBC),1,아파트,49506,101.46,84.74,,255000.0,202607,421.0
강남구,도곡동,1168011800,180,삼성,1,아파트,127843,104.15,84.91,,277500.0,202607,231.0
강남구,도곡동,1168011800,180,삼성,1,아파트,1166165,104.02,84.81,,277500.0,202607,231.0
강남구,도곡동,1168011800,158,역삼럭키,1,아파트,155,112.0,84.97,,258333.0,202607,1094.0
강남구,도곡동,1168011800,167,우성,1,아파트,49512,101.17,84.83,,260000.0,202607,390.0
강남구,도곡동,1168011800,18886,울트라멤버스,1,아파트,18262,95.76,84.96,,175900.0,202607,19.0
강남구,도곡동,1168011800,19495,원팰리스.,1,아파트,175484,94.17,83.25,,106400.0,202607,19.0
강남구,도곡동,1168011800,15571,조이너스도곡,1,아파트,157321,109.25,84.98,,,202607,
강남구,도곡동,1168011800,800355,클래스원,1,아파트,1477495,101.08,83.81,A,,202607,
강남구,도곡동,1168011800,800355,클래스원,1,아파트,1477496,101.37,84.05,B,,202607,
강남구,도곡동,1168011800,168,현대(도곡),1,아파트,164,102.54,84.96,,227500.0,202607,211.0
강남구,도곡동,1168011800,169,현대그린,1,아파트,49513,96.61,84.66,A,230000.0,202607,171.0
강남구,도곡동,1168011800,169,현대그린,1,아파트,93458,96.67,84.72,B,230000.0,202607,171.0
강남구,도곡동,1168011800,169,현대그린,1,아파트,165,96.91,84.93,C,230000.0,202607,171.0
강남구,삼성동,1168010500,30893,SM드림빌.,1,아파트,143030,94.35,84.13,,,202607,
강남구,삼성동,1168010500,20710,골든카운티,1,아파트,107090,99.21,84.95,,,202607,
강남구,삼성동,1168010500,23372,동구싼타빌,1,아파트,176727,93.49,84.07,,123200.0,202607,19.0
강남구,삼성동,1168010500,13864,래미안삼성1차(105번지),1,아파트,13641,109.65,84.95,,272500.0,202607,112.0
강남구,삼성동,1168010500,46915,래미안라클래시,1,아파트,151175,113.4,84.99,A1,405000.0,202607,679.0
강남구,삼성동,1168010500,46915,래미안라클래시,1,아파트,1575657,113.3,84.98,A2,,202607,679.0
강남구,삼성동,1168010500,46915,래미안라클래시,1,아파트,169786,113.92,84.98,C,405000.0,202607,679.0
강남구,삼성동,1168010500,46915,래미안라클래시,1,아파트,183254,114.44,84.98,B,405000.0,202607,679.0
강남구,삼성동,1168010500,13865,래미안삼성1차(104번지),1,아파트,102224,105.99,84.99,B,262500.0,202607,77.0
강남구,삼성동,1168010500,13865,래미안삼성1차(104번지),1,아파트,61596,106.38,84.98,A,262500.0,202607,77.0
강남구,삼성동,1168010500,14766,래미안삼성2차,1,아파트,14529,115.07,84.92,,295000.0,202607,275.0
강남구,삼성동,1168010500,14767,롯데캐슬프레미어,1,아파트,62389,106.93,84.48,B,320000.0,202607,713.0
강남구,삼성동,1168010500,14767,롯데캐슬프레미어,1,아파트,14530,107.36,84.46,A,320000.0,202607,713.0
강남구,삼성동,1168010500,37051,"래미안삼성1차(102,103번지)",1,아파트,166301,102.54,84.66,D,262500.0,202607,169.0
강남구,삼성동,1168010500,37051,"래미안삼성1차(102,103번지)",1,아파트,180856,102.95,84.81,E,,202607,169.0
강남구,삼성동,1168010500,37051,"래미안삼성1차(102,103번지)",1,아파트,35882,103.13,84.71,A,,202607,169.0
강남구,삼성동,1168010500,37051,"래미안삼성1차(102,103번지)",1,아파트,81482,103.09,84.8,A1,262500.0,202607,169.0
강남구,삼성동,1168010500,37051,"래미안삼성1차(102,103번지)",1,아파트,118409,103.02,84.95,B,,202607,169.0
강남구,삼성동,1168010500,37051,"래미안삼성1차(102,103번지)",1,아파트,146165,103.05,84.96,C,262500.0,202607,169.0
강남구,삼성동,1168010500,37051,"래미안삼성1차(102,103번지)",1,아파트,217490,106.2,84.9,,262500.0,202607,169.0
강남구,삼성동,1168010500,36287,삼부,1,아파트,212643,113.81,83.39,B,195000.0,202607,83.0
강남구,삼성동,1168010500,13642,삼성SK뷰,1,아파트,13421,99.19,84.52,A,,202607,
강남구,삼성동,1168010500,13642,삼성SK뷰,1,아파트,61393,99.18,84.88,B,,202607,
강남구,삼성동,1168010500,13642,삼성SK뷰,1,아파트,102075,99.01,84.99,C,,202607,
강남구,삼성동,1168010500,11957,삼부아그레빌,1,아파트,132646,108.41,83.75,A,183500.0,202607,67.0
강남구,삼성동,1168010500,11957,삼부아그레빌,1,아파트,156063,109.63,84.61,B,197500.0,202607,67.0
강남구,삼성동,1168010500,11957,삼부아그레빌,1,아파트,173050,109.56,84.75,C,197500.0,202607,67.0
강남구,삼성동,1168010500,14704,삼성동 아셈,1,아파트,102802,95.74,83.65,,192200.0,202607,18.0
강남구,삼성동,1168010500,38,삼성동롯데,1,아파트,93370,113.38,84.87,,272500.0,202607,339.0
강남구,삼성동,1168010500,12297,삼성동금호어울림,1,아파트,156177,102.14,83.31,B,,202607,68.0
강남구,삼성동,1168010500,12297,삼성동금호어울림,1,아파트,173134,103.54,84.32,A,220000.0,202607,68.0
강남구,삼성동,1168010500,12297,삼성동금호어울림,1,아파트,185547,103.89,84.81,B,220000.0,202607,68.0
강남구,삼성동,1168010500,31920,삼성동센트럴아이파크,1,아파트,143594,112.41,84.99,A,395000.0,202607,416.0
강남구,삼성동,1168010500,31920,삼성동센트럴아이파크,1,아파트,164440,112.42,84.95,B,402500.0,202607,416.0
강남구,삼성동,1168010500,31920,삼성동센트럴아이파크,1,아파트,179526,113.1,84.98,C,402500.0,202607,416.0
강남구,삼성동,1168010500,31920,삼성동센트럴아이파크,1,아파트,190396,113.38,84.95,D,402500.0,202607,416.0
강남구,삼성동,1168010500,12603,삼성동대성유니드,1,아파트,101398,103.57,83.93,,167500.0,202607,59.0
강남구,삼성동,1168010500,12603,삼성동대성유니드,1,아파트,132960,105.01,84.91,,167500.0,202607,59.0
강남구,삼성동,1168010500,13207,삼성동중앙하이츠빌리지,1,아파트,101782,108.74,84.87,A,320000.0,202607,298.0
강남구,삼성동,1168010500,13207,삼성동중앙하이츠빌리지,1,아파트,133245,108.69,84.55,B,320000.0,202607,298.0
강남구,삼성동,1168010500,25956,삼성루첸시아,1,아파트,110621,112.49,83.52,,134700.0,202607,10.0
강남구,삼성동,1168010500,25956,삼성루첸시아,1,아파트,140253,114.87,84.99,,138200.0,202607,10.0
강남구,삼성동,1168010500,39,삼성동한솔,1,아파트,171098,114.73,85.0,,245000.0,202607,263.0
강남구,삼성동,1168010500,15759,삼성동힐스테이트2단지,1,아파트,186169,109.5,84.23,A,345000.0,202607,926.0
강남구,삼성동,1168010500,15759,삼성동힐스테이트2단지,1,아파트,195040,109.54,84.34,B,345000.0,202607,926.0
강남구,삼성동,1168010500,15759,삼성동힐스테이트2단지,1,아파트,201737,111.11,84.43,C,335000.0,202607,926.0
강남구,삼성동,1168010500,15759,삼성동힐스테이트2단지,1,아파트,206829,111.25,84.67,D,335000.0,202607,926.0
강남구,삼성동,1168010500,15758,삼성동힐스테이트1단지,1,아파트,134592,109.4,84.23,A,350000.0,202607,1144.0
강남구,삼성동,1168010500,15758,삼성동힐스테이트1단지,1,아파트,157405,109.54,84.34,B,350000.0,202607,1144.0
강남구,삼성동,1168010500,15758,삼성동힐스테이트1단지,1,아파트,186168,109.62,84.5,C,350000.0,202607,1144.0
강남구,삼성동,1168010500,15758,삼성동힐스테이트1단지,1,아파트,173984,109.58,84.41,D,340000.0,202607,1144.0
강남구,삼성동,1168010500,20338,삼성월드타워,1,아파트,67085,95.56,83.84,A,,202607,46.0
강남구,삼성동,1168010500,20338,삼성월드타워,1,아파트,106827,95.96,84.2,B,193800.0,202607,46.0
강남구,삼성동,1168010500,20338,삼성월드타워,1,아파트,137246,96.55,84.72,C,,202607,46.0
강남구,삼성동,1168010500,14386,삼성팰리스(71-16),1,아파트,14156,101.28,84.68,,150100.0,202607,19.0
강남구,삼성동,1168010500,14387,삼성펠리스(129-5),1,아파트,14157,90.02,83.55,,120300.0,202607,18.0
강남구,삼성동,1168010500,44,석탑,1,아파트,49405,106.24,84.6,,242500.0,202607,139.0
강남구,삼성동,1168010500,43,서광,1,아파트,93374,104.43,84.93,A,260000.0,202607,304.0
강남구,삼성동,1168010500,43,서광,1,아파트,127775,104.38,84.9,B,260000.0,202607,304.0
강남구,삼성동,1168010500,14785,영무예다음,1,아파트,14548,105.72,84.84,,168900.0,202607,45.0
강남구,삼성동,1168010500,18725,이안애2차,1,아파트,65750,94.47,84.25,,,202607,
강남구,삼성동,1168010500,42,청구.,1,아파트,41,104.76,84.99,,267500.0,202607,167.0
강남구,삼성동,1168010500,51,풍림(1차),1,아파트,93381,109.71,84.78,,277500.0,202607,252.0
강남구,삼성동,1168010500,47,푸른솔,1,아파트,49407,106.08,84.9,,192500.0,202607,61.0
강남구,삼성동,1168010500,40,현대,1,아파트,127773,108.31,84.87,,250000.0,202607,198.0
강남구,세곡동,1168011100,24991,강남데시앙파크,1,아파트,70879,108.54,84.95,C,150000.0,202607,546.0
강남구,세곡동,1168011100,24991,강남데시앙파크,1,아파트,161457,109.96,84.97,B,150000.0,202607,546.0
강남구,세곡동,1168011100,24586,강남신동아파밀리에2단지,1,아파트,70538,115.82,84.98,E,150000.0,202607,410.0
강남구,세곡동,1168011100,24586,강남신동아파밀리에2단지,1,아파트,23533,116.72,84.97,D,150000.0,202607,410.0
강남구,세곡동,1168011100,24587,세곡리엔파크3단지,1,아파트,23534,118.44,84.96,A,150000.0,202607,363.0
강남구,세곡동,1168011100,25358,강남엘에이치1단지(e편한세상),1,아파트,177334,115.95,84.82,A,182500.0,202607,809.0
강남구,세곡동,1168011100,25358,강남엘에이치1단지(e편한세상),1,아파트,188782,115.96,84.83,B,182500.0,202607,809.0
강남구,세곡동,1168011100,25358,강남엘에이치1단지(e편한세상),1,아파트,197120,115.97,84.84,C,182500.0,202607,809.0
강남구,세곡동,1168011100,25358,강남엘에이치1단지(e편한세상),1,아파트,203378,115.97,84.84,CN,182500.0,202607,809.0
강남구,수서동,1168011500,119,동익,1,아파트,49472,101.82,84.46,,240000.0,202607,330.0
강남구,세곡동,1168011100,24932,세곡푸르지오,1,아파트,177181,113.69,84.83,B,195000.0,202607,912.0
강남구,세곡동,1168011100,24932,세곡푸르지오,1,아파트,188667,113.69,84.83,BN,195000.0,202607,912.0
강남구,세곡동,1168011100,24932,세곡푸르지오,1,아파트,197026,113.7,84.84,C,195000.0,202607,912.0
강남구,세곡동,1168011100,24932,세곡푸르지오,1,아파트,203307,113.7,84.84,CN,195000.0,202607,912.0
강남구,세곡동,1168011100,24932,세곡푸르지오,1,아파트,211741,113.85,84.95,D,195000.0,202607,912.0
강남구,세곡동,1168011100,24932,세곡푸르지오,1,아파트,208078,113.83,84.94,E,195000.0,202607,912.0
강남구,수서동,1168011500,120,삼성,1,아파트,49473,104.74,84.97,,255000.0,202607,680.0
강남구,수서동,1168011500,115,삼익,1,아파트,93427,115.17,84.48,,266000.0,202607,645.0
강남구,수서동,1168011500,28948,강남데시앙포레,1,아파트,203939,114.58,84.81,A,235000.0,202607,787.0
강남구,수서동,1168011500,28948,강남데시앙포레,1,아파트,208560,114.91,84.86,C,235000.0,202607,787.0
강남구,수서동,1168011500,28948,강남데시앙포레,1,아파트,212117,116.07,84.92,B,235000.0,202607,787.0
강남구,수서동,1168011500,28948,강남데시앙포레,1,아파트,214898,116.07,84.92,BN,235000.0,202607,787.0
강남구,수서동,1168011500,28948,강남데시앙포레,1,아파트,217135,116.87,84.6,DU2,225000.0,202607,787.0
강남구,수서동,1168011500,28948,강남데시앙포레,1,아파트,220501,117.77,84.96,DU1,225000.0,202607,787.0
강남구,수서동,1168011500,28948,강남데시앙포레,1,아파트,218980,117.68,84.94,T1,240000.0,202607,787.0
강남구,수서동,1168011500,28948,강남데시앙포레,1,아파트,221740,118.26,84.47,DU3,225000.0,202607,787.0
강남구,신사동,1168010700,21248,대성아트빌,1,아파트,196350,100.6,84.65,,105600.0,202607,19.0
강남구,신사동,1168010700,112,래미안신사,1,아파트,110,113.06,84.89,,,202607,
강남구,신사동,1168010700,104,대원칸타빌,1,아파트,127815,107.92,84.84,A,,202607,130.0
강남구,신사동,1168010700,104,대원칸타빌,1,아파트,153120,107.94,84.85,B,176500.0,202607,130.0
강남구,신사동,1168010700,110,로데오현대,1,아파트,49464,114.07,84.96,,168500.0,202607,139.0
강남구,신사동,1168010700,20380,신사아이빌,1,아파트,67123,94.27,84.93,,,202607,
강남구,신사동,1168010700,25624,루덴하우스,1,아파트,71430,101.87,84.05,A,121500.0,202607,19.0
강남구,신사동,1168010700,25624,루덴하우스,1,아파트,110363,102.27,84.39,B,123100.0,202607,19.0
강남구,신사동,1168010700,25624,루덴하우스,1,아파트,140035,102.28,84.4,C,123700.0,202607,19.0
강남구,신사동,1168010700,25624,루덴하우스,1,아파트,161742,102.33,84.44,D,127200.0,202607,19.0
강남구,신사동,1168010700,25624,루덴하우스,1,아파트,177429,102.44,84.53,E,128800.0,202607,19.0
강남구,신사동,1168010700,25624,루덴하우스,1,아파트,188856,102.99,84.98,F,115000.0,202607,19.0
강남구,신사동,1168010700,24970,압구정아인빌,1,아파트,23911,104.58,84.36,,130900.0,202607,14.0
강남구,신사동,1168010700,14305,장자울,1,아파트,14077,106.23,84.31,,128200.0,202607,18.0
강남구,신사동,1168010700,18757,유로미,1,아파트,195900,98.0,84.83,,115100.0,202607,38.0
강남구,신사동,1168010700,113,신성,1,아파트,49466,106.65,84.9,,216000.0,202607,55.0
강남구,신사동,1168010700,19702,청림쉐르빌,1,아파트,196064,99.26,84.93,A,102800.0,202607,11.0
강남구,신사동,1168010700,19702,청림쉐르빌,1,아파트,202558,99.28,84.95,B,105000.0,202607,11.0
강남구,신사동,1168010700,28982,한양,1,아파트,112770,92.58,83.24,,94400.0,202607,12.0
강남구,신사동,1168010700,28404,화이트빌,1,아파트,162940,97.32,84.87,,118900.0,202607,12.0
강남구,압구정동,1168011000,22306,현대(13차),1,아파트,21542,119.5,84.5,A,600000.0,202607,234.0
강남구,압구정동,1168011000,96,한양(1차),1,아파트,184212,115.49,83.04,,550000.0,202607,936.0
강남구,압구정동,1168011000,385556,현대(14차),1,아파트,1223348,96.49,84.94,,580000.0,202607,388.0
강남구,압구정동,1168011000,385556,현대(14차),1,아파트,1223347,99.48,84.98,,580000.0,202607,388.0
강남구,압구정동,1168011000,385556,현대(14차),1,아파트,1401363,99.14,84.56,,580000.0,202607,388.0
강남구,압구정동,1168011000,92,현대(신현대),1,아파트,5517299,116.54,83.3,,,202607,1924.0
강남구,압구정동,1168011000,92,현대(신현대),1,아파트,210169,118.1,84.88,A,640000.0,202607,1924.0
강남구,역삼동,1168010100,46957,강남센트럴아이파크,1,아파트,45688,110.9,84.99,A,,202607,
강남구,역삼동,1168010100,46957,강남센트럴아이파크,1,아파트,90140,110.94,84.91,B,,202607,
강남구,역삼동,1168010100,25248,개나리SK뷰,1,아파트,24186,112.96,84.99,A,340000.0,202607,240.0
강남구,역삼동,1168010100,25248,개나리SK뷰,1,아파트,71101,113.05,84.98,B,340000.0,202607,240.0
강남구,역삼동,1168010100,14176,개나리래미안,1,아파트,133735,109.27,84.93,A,325000.0,202607,438.0
강남구,역삼동,1168010100,14176,개나리래미안,1,아파트,156791,109.23,84.94,B,325000.0,202607,438.0
강남구,역삼동,1168010100,14175,개나리푸르지오,1,아파트,102449,109.39,84.68,A,327500.0,202607,332.0
강남구,역삼동,1168010100,14175,개나리푸르지오,1,아파트,133734,110.65,84.98,B,327500.0,202607,332.0
강남구,역삼동,1168010100,35,갤러리하우스,1,아파트,171096,93.82,84.95,A,96500.0,202607,17.0
강남구,역삼동,1168010100,35,갤러리하우스,1,아파트,93367,93.86,84.99,B,,202607,17.0
강남구,역삼동,1168010100,28,경남,1,아파트,93362,112.71,84.68,C,175000.0,202607,164.0
강남구,역삼동,1168010100,28,경남,1,아파트,49391,117.5,84.93,B,175000.0,202607,164.0
강남구,역삼동,1168010100,36,경일역삼.,1,아파트,127769,94.35,84.57,A,103900.0,202607,17.0
강남구,역삼동,1168010100,36,경일역삼.,1,아파트,35,94.8,84.96,B,111100.0,202607,17.0
강남구,역삼동,1168010100,12338,금호어울림,1,아파트,12140,103.7,84.95,,222500.0,202607,183.0
강남구,역삼동,1168010100,20958,노블스위트,1,아파트,207634,101.95,84.85,,,202607,
강남구,역삼동,1168010100,38657,동원스위트뷰역삼,1,아파트,146969,93.16,84.83,,126600.0,202607,28.0
강남구,역삼동,1168010100,18,동부센트레빌,1,아파트,49381,110.66,84.97,,242500.0,202607,206.0
강남구,역삼동,1168010100,22099,뜨라네(828-21).,1,아파트,188056,99.77,84.63,A,,202607,
강남구,역삼동,1168010100,22099,뜨라네(828-21).,1,아파트,196545,100.19,84.98,B,,202607,
강남구,역삼동,1168010100,19896,뜨라네(828-76).,1,아파트,202575,97.25,84.42,,,202607,
강남구,역삼동,1168010100,22,대림역삼,1,아파트,49385,111.09,84.96,,235000.0,202607,129.0
강남구,역삼동,1168010100,21222,래미안그레이튼(진달래2차),1,아파트,202783,109.57,84.81,A,307500.0,202607,464.0
강남구,역삼동,1168010100,21222,래미안그레이튼(진달래2차),1,아파트,137717,109.21,84.87,B,320000.0,202607,464.0
강남구,역삼동,1168010100,21221,래미안그레이튼,1,아파트,107442,113.47,84.97,,297500.0,202607,476.0
강남구,역삼동,1168010100,15501,로얄빌리지,1,아파트,186102,121.96,83.12,,,202607,19.0
강남구,역삼동,1168010100,15501,로얄빌리지,1,아파트,194989,124.64,84.94,,126600.0,202607,19.0
강남구,역삼동,1168010100,19154,명인갤러리1차.,1,아파트,66105,95.31,84.78,,114900.0,202607,14.0
강남구,역삼동,1168010100,47837,비에네스타,1,아파트,213216,106.53,83.69,A,,202607,
강남구,역삼동,1168010100,47837,비에네스타,1,아파트,215761,108.72,84.92,B,,202607,
강남구,역삼동,1168010100,20433,세연예지향,1,아파트,67169,124.49,84.6,A,125400.0,202607,19.0
강남구,역삼동,1168010100,20433,세연예지향,1,아파트,106902,124.74,84.78,B,129200.0,202607,19.0
강남구,역삼동,1168010100,20433,세연예지향,1,아파트,137302,124.98,84.93,C,124900.0,202607,19.0
강남구,역삼동,1168010100,36285,"세방하이빌1,2",1,아파트,117967,99.46,84.84,,140000.0,202607,67.0
강남구,역삼동,1168010100,15141,역삼2차아이파크,1,아파트,103117,106.26,84.58,A,290000.0,202607,150.0
강남구,역삼동,1168010100,15141,역삼2차아이파크,1,아파트,134231,106.95,84.89,B,290000.0,202607,150.0
강남구,역삼동,1168010100,13850,역삼e-편한세상,1,아파트,133550,106.62,84.99,B,325000.0,202607,840.0
강남구,역삼동,1168010100,13850,역삼e-편한세상,1,아파트,102214,108.2,84.67,A,325000.0,202607,840.0
강남구,역삼동,1168010100,13715,역삼동월드메르디앙,1,아파트,61460,104.5,83.27,B,152500.0,202607,93.0
강남구,역삼동,1168010100,13715,역삼동월드메르디앙,1,아파트,102130,105.48,84.53,C,152500.0,202607,93.0
강남구,역삼동,1168010100,21583,역삼엔스위트,1,아파트,20864,94.32,84.68,,122900.0,202607,24.0
강남구,역삼동,1168010100,22550,역삼이안애,1,아파트,21745,97.8,84.28,,117500.0,202607,30.0
강남구,역삼동,1168010100,29462,역삼자이,1,아파트,142173,113.08,84.99,A,300000.0,202607,408.0
강남구,역삼동,1168010100,29462,역삼자이,1,아파트,163402,113.21,84.99,B,300000.0,202607,408.0
강남구,역삼동,1168010100,29462,역삼자이,1,아파트,178736,115.06,84.99,C,300000.0,202607,408.0
강남구,역삼동,1168010100,29462,역삼자이,1,아파트,189840,115.56,84.48,D,300000.0,202607,408.0
강남구,역삼동,1168010100,22356,예지인,1,아파트,160492,97.22,84.23,A,102600.0,202607,14.0
강남구,역삼동,1168010100,22356,예지인,1,아파트,176467,97.27,84.28,B,102600.0,202607,14.0
강남구,역삼동,1168010100,22356,예지인,1,아파트,21576,97.33,84.33,C,102900.0,202607,14.0
강남구,역삼동,1168010100,13857,역삼푸르지오,1,아파트,102218,104.4,84.9,,315000.0,202607,738.0
강남구,역삼동,1168010100,14407,조이너스,1,아파트,14177,105.38,84.28,A,122900.0,202607,28.0
강남구,역삼동,1168010100,14407,조이너스,1,아파트,133847,106.43,84.95,B,,202607,28.0
강남구,역삼동,1168010100,14407,조이너스,1,아파트,156865,106.51,84.97,C,122100.0,202607,28.0
강남구,역삼동,1168010100,20981,탑팰리스,1,아파트,67624,93.62,84.97,C,121600.0,202607,19.0
강남구,역삼동,1168010100,25648,테헤란아이파크,1,아파트,140056,108.73,84.64,,325000.0,202607,411.0
강남구,역삼동,1168010100,15502,프리우스역삼,1,아파트,103380,96.51,84.18,,137000.0,202607,27.0
강남구,일원동,1168011400,132,가람,1,아파트,49483,100.94,84.95,,320000.0,202607,496.0
강남구,일원동,1168011400,123,개포한신,1,아파트,127823,91.41,84.5,,300000.0,202607,364.0
강남구,일원동,1168011400,123,개포한신,1,아파트,93433,114.51,84.5,B,300000.0,202607,364.0
강남구,율현동,1168011300,29886,강남한신휴플러스6단지,1,아파트,163600,119.95,84.83,A1,162500.0,202607,378.0
강남구,율현동,1168011300,29886,강남한신휴플러스6단지,1,아파트,142436,119.85,84.83,A2,162500.0,202607,378.0
강남구,율현동,1168011300,29886,강남한신휴플러스6단지,1,아파트,113428,119.62,84.83,A3,162500.0,202607,378.0
강남구,율현동,1168011300,29886,강남한신휴플러스6단지,1,아파트,178895,120.72,84.96,B,162500.0,202607,378.0
강남구,일원동,1168011400,45353,디에이치포레센트,1,아파트,88730,110.36,84.94,A,320000.0,202607,184.0
강남구,일원동,1168011400,45353,디에이치포레센트,1,아파트,124132,110.36,84.94,B,320000.0,202607,184.0
강남구,일원동,1168011400,33251,래미안개포루체하임,1,아파트,190656,112.95,84.99,B,315000.0,202607,850.0
강남구,일원동,1168011400,33251,래미안개포루체하임,1,아파트,198545,114.73,84.97,A,315000.0,202607,850.0
강남구,일원동,1168011400,33251,래미안개포루체하임,1,아파트,204475,116.68,84.99,C,315000.0,202607,850.0
강남구,일원동,1168011400,134,상록수,1,아파트,49485,101.4,84.95,,310000.0,202607,740.0
강남구,일원동,1168011400,129,삼성사원.,1,아파트,49480,103.57,84.67,,210000.0,202607,80.0
강남구,일원동,1168011400,40929,디에이치자이개포,1,아파트,209521,107.49,84.92,D,380000.0,202607,1996.0
강남구,일원동,1168011400,40929,디에이치자이개포,1,아파트,212858,107.65,84.66,E,380000.0,202607,1996.0
강남구,일원동,1168011400,40929,디에이치자이개포,1,아파트,205200,107.33,84.64,I,380000.0,202607,1996.0
강남구,일원동,1168011400,40929,디에이치자이개포,1,아파트,215486,108.01,84.94,A,380000.0,202607,1996.0
강남구,일원동,1168011400,40929,디에이치자이개포,1,아파트,220815,108.3,84.73,B,380000.0,202607,1996.0
강남구,일원동,1168011400,40929,디에이치자이개포,1,아파트,219377,108.2,84.71,C,380000.0,202607,1996.0
강남구,일원동,1168011400,40929,디에이치자이개포,1,아파트,223006,108.96,84.81,F,380000.0,202607,1996.0
강남구,일원동,1168011400,40929,디에이치자이개포,1,아파트,222000,108.55,84.72,G,380000.0,202607,1996.0
강남구,일원동,1168011400,40929,디에이치자이개포,1,아파트,217609,108.18,84.75,H,380000.0,202607,1996.0
강남구,일원동,1168011400,121,우성7차(개포),1,아파트,127822,92.16,84.06,,327500.0,202607,802.0
강남구,일원동,1168011400,121,우성7차(개포),1,아파트,49474,100.17,83.69,A,327500.0,202607,802.0
강남구,일원동,1168011400,121,우성7차(개포),1,아파트,93431,105.58,83.69,B,327500.0,202607,802.0
강남구,일원동,1168011400,135,한솔마을,1,아파트,49486,110.26,84.73,,285000.0,202607,570.0
강남구,일원동,1168011400,130,푸른마을,1,아파트,49481,103.49,84.93,,245000.0,202607,930.0
강남구,자곡동,1168011200,27268,LH강남브리즈힐,1,아파트,140979,116.58,84.29,A,132500.0,202607,402.0
강남구,자곡동,1168011200,27268,LH강남브리즈힐,1,아파트,162497,117.53,84.98,B,132500.0,202607,402.0
강남구,자곡동,1168011200,27268,LH강남브리즈힐,1,아파트,178030,117.53,84.98,BN,132500.0,202607,402.0
강남구,일원동,1168011400,124,현대4차.,1,아파트,93434,106.62,84.96,A,260000.0,202607,142.0
강남구,일원동,1168011400,124,현대4차.,1,아파트,49477,106.65,84.98,B,260000.0,202607,142.0
강남구,자곡동,1168011200,429058,강남자곡힐스테이트,1,아파트,1264114,119.56,84.05,B,,202607,1339.0
강남구,자곡동,1168011200,429058,강남자곡힐스테이트,1,아파트,1264115,119.56,84.05,C,,202607,1339.0
강남구,자곡동,1168011200,429058,강남자곡힐스테이트,1,아파트,1264112,120.05,84.39,A,165000.0,202607,1339.0
강남구,자곡동,1168011200,429058,강남자곡힐스테이트,1,아파트,1264113,120.05,84.39,A-1,,202607,1339.0
강남구,자곡동,1168011200,31944,강남자곡아이파크,1,아파트,179535,115.47,84.92,A,227500.0,202607,716.0
강남구,자곡동,1168011200,31944,강남자곡아이파크,1,아파트,1068070,115.47,84.92,A-1,227500.0,202607,716.0
강남구,자곡동,1168011200,31944,강남자곡아이파크,1,아파트,1133017,115.35,84.83,B,227500.0,202607,716.0
강남구,자곡동,1168011200,31944,강남자곡아이파크,1,아파트,1107550,115.52,84.96,C,227500.0,202607,716.0
강남구,자곡동,1168011200,28602,강남한양수자인,1,아파트,112487,113.76,84.83,A1,215000.0,202607,1304.0
강남구,자곡동,1168011200,28602,강남한양수자인,1,아파트,223650,113.92,84.89,C,215000.0,202607,1304.0
강남구,자곡동,1168011200,28602,강남한양수자인,1,아파트,221728,114.76,84.99,B,215000.0,202607,1304.0
강남구,자곡동,1168011200,28602,강남한양수자인,1,아파트,222774,114.88,84.99,B1,215000.0,202607,1304.0
강남구,자곡동,1168011200,28601,래미안포레,1,아파트,112486,118.53,84.89,C,207500.0,202607,1070.0
강남구,자곡동,1168011200,28601,래미안포레,1,아파트,74066,119.49,84.99,B,207500.0,202607,1070.0
강남구,청담동,1168010400,65,건영,1,아파트,49423,104.51,84.6,A,370000.0,202607,240.0
강남구,청담동,1168010400,65,건영,1,아파트,63,105.06,84.59,B,370000.0,202607,240.0
강남구,청담동,1168010400,91,삼성청담(래미안),1,아파트,49447,107.6,84.98,A,250000.0,202607,217.0
강남구,청담동,1168010400,91,삼성청담(래미안),1,아파트,171114,107.45,84.86,B,250000.0,202607,217.0
강남구,청담동,1168010400,84,삼성청담공원,1,아파트,49441,106.46,84.96,,230000.0,202607,391.0
강남구,청담동,1168010400,83,삼환,1,아파트,213350,109.84,84.76,A,208000.0,202607,184.0
강남구,청담동,1168010400,83,삼환,1,아파트,215867,110.0,84.88,B,208000.0,202607,184.0
강남구,청담동,1168010400,83,삼환,1,아파트,217925,110.03,84.91,C,208000.0,202607,184.0
강남구,청담동,1168010400,83,삼환,1,아파트,219631,110.11,84.97,D,208000.0,202607,184.0
강남구,청담동,1168010400,83,삼환,1,아파트,193641,110.13,84.98,E,208000.0,202607,184.0
강남구,청담동,1168010400,85,씨티2차.,1,아파트,153109,97.87,84.33,,236400.0,202607,37.0
강남구,청담동,1168010400,85,씨티2차.,1,아파트,171110,108.53,84.37,,234700.0,202607,37.0
강남구,청담동,1168010400,74,신동아,1,아파트,72,103.81,84.94,,300000.0,202607,106.0
강남구,청담동,1168010400,23181,우성,1,아파트,176685,102.47,83.68,C,,202607,
강남구,청담동,1168010400,23181,우성,1,아파트,188293,103.7,84.7,,,202607,
강남구,청담동,1168010400,21435,청담2차 e-편한세상(205동),1,아파트,68024,103.17,84.77,A,238900.0,202607,41.0
강남구,청담동,1168010400,21435,청담2차 e-편한세상(205동),1,아파트,107597,103.59,84.79,B,236400.0,202607,41.0
강남구,청담동,1168010400,21434,청담3차 e-편한세상,1,아파트,68023,105.17,84.09,A,244900.0,202607,49.0
강남구,청담동,1168010400,21434,청담3차 e-편한세상,1,아파트,107596,106.34,84.97,B,247600.0,202607,49.0
강남구,청담동,1168010400,60,진흥,1,아파트,58,107.19,83.58,,340000.0,202607,375.0
강남구,청담동,1168010400,21791,청담4차e-편한세상,1,아파트,21063,106.23,84.57,A,247500.0,202607,94.0
강남구,청담동,1168010400,21791,청담4차e-편한세상,1,아파트,68337,107.21,84.51,B,247500.0,202607,94.0
강남구,청담동,1168010400,14186,청담2차e-편한세상,1,아파트,13960,103.39,84.97,A,217500.0,202607,142.0
강남구,청담동,1168010400,14186,청담2차e-편한세상,1,아파트,61883,103.57,84.41,B,217500.0,202607,142.0
강남구,청담동,1168010400,12508,청담대우유로카운티,1,아파트,12309,99.92,84.57,,,202607,
강남구,청담동,1168010400,39571,청담디에브스,1,아파트,220772,138.21,83.19,,,202607,
강남구,청담동,1168010400,72,청담동삼성1차,1,아파트,93396,108.15,84.57,,225000.0,202607,158.0
강남구,청담동,1168010400,72,청담동삼성1차,1,아파트,49430,112.37,84.3,,225000.0,202607,158.0
강남구,청담동,1168010400,2092593,청담르엘,1,아파트,5296647,112.72,84.5,C,,202607,
강남구,청담동,1168010400,2092593,청담르엘,1,아파트,5296645,113.68,84.74,A,,202607,
강남구,청담동,1168010400,2092593,청담르엘,1,아파트,5296646,115.25,84.91,B,,202607,
강남구,청담동,1168010400,21847,청담범신칼릭스빌,1,아파트,21118,104.55,84.78,,183900.0,202607,18.0
강남구,청담동,1168010400,31711,청담린든그로브,1,아파트,76835,114.69,84.99,A,310000.0,202607,114.0
강남구,청담동,1168010400,31711,청담린든그로브,1,아파트,30580,114.36,84.98,C,310000.0,202607,114.0
강남구,청담동,1168010400,31711,청담린든그로브,1,아파트,164358,115.42,84.94,B,310000.0,202607,114.0
강남구,청담동,1168010400,31711,청담린든그로브,1,아파트,114763,115.18,84.99,D,310000.0,202607,114.0
강남구,청담동,1168010400,31711,청담린든그로브,1,아파트,143474,115.18,84.99,E,310000.0,202607,114.0
강남구,청담동,1168010400,20418,청담영풍마드레빌,1,아파트,106893,103.39,84.82,A,,202607,
강남구,청담동,1168010400,20418,청담영풍마드레빌,1,아파트,19736,103.93,84.99,B,,202607,
강남구,청담동,1168010400,80,청담우방,1,아파트,49437,106.62,84.91,,245000.0,202607,100.0
강남구,청담동,1168010400,87,한신오페라하우스(1차),1,아파트,85,101.53,84.76,A,,202607,
강남구,청담동,1168010400,87,한신오페라하우스(1차),1,아파트,49444,101.8,84.89,B,,202607,
강남구,청담동,1168010400,64,청담현대3차,1,아파트,49422,108.28,85.0,,267500.0,202607,317.0
강남구,청담동,1168010400,69,현대(2차),1,아파트,93394,97.75,84.76,A,240000.0,202607,214.0
강남구,청담동,1168010400,69,현대(2차),1,아파트,67,97.8,84.78,B,240000.0,202607,214.0
강남구,청담동,1168010400,69,현대(2차),1,아파트,49427,97.9,84.92,C,240000.0,202607,214.0
서초구,내곡동,1165010900,29663,서초포레스타2단지,1,아파트,163492,123.95,84.41,B,172500.0,202607,1077.0
서초구,내곡동,1165010900,29663,서초포레스타2단지,1,아파트,178802,123.95,84.41,B2,172500.0,202607,1077.0
서초구,내곡동,1165010900,29663,서초포레스타2단지,1,아파트,212186,124.35,84.48,B1,172500.0,202607,1077.0
서초구,내곡동,1165010900,29663,서초포레스타2단지,1,아파트,214953,124.35,84.48,B4,172500.0,202607,1077.0
서초구,내곡동,1165010900,29663,서초포레스타2단지,1,아파트,189887,124.05,84.87,C,172500.0,202607,1077.0
서초구,내곡동,1165010900,29663,서초포레스타2단지,1,아파트,197973,124.05,84.87,C1,172500.0,202607,1077.0
서초구,내곡동,1165010900,28957,서초더샵포레,1,아파트,163197,112.17,84.6,A,181500.0,202607,1264.0
서초구,내곡동,1165010900,28957,서초더샵포레,1,아파트,197847,112.56,84.41,B,181500.0,202607,1264.0
서초구,내곡동,1165010900,28957,서초더샵포레,1,아파트,178580,112.5,84.81,C,181500.0,202607,1264.0
서초구,내곡동,1165010900,28957,서초더샵포레,1,아파트,203944,113.35,84.3,B1,181500.0,202607,1264.0
서초구,내곡동,1165010900,28957,서초더샵포레,1,아파트,212120,113.56,84.93,F,181500.0,202607,1264.0
서초구,내곡동,1165010900,28957,서초더샵포레,1,아파트,208563,113.55,84.93,F1,181500.0,202607,1264.0
서초구,내곡동,1165010900,28957,서초더샵포레,1,아파트,214900,113.81,84.61,H,181500.0,202607,1264.0
서초구,내곡동,1165010900,28957,서초더샵포레,1,아파트,217136,114.82,84.81,E,181500.0,202607,1264.0
서초구,반포동,1165010700,1587,라인,1,아파트,50808,106.04,84.89,,202500.0,202607,85.0
서초구,반포동,1165010700,44454,디에이치반포라클라스,1,아파트,149891,111.35,84.96,A,420000.0,202607,848.0
서초구,반포동,1165010700,44454,디에이치반포라클라스,1,아파트,168889,112.19,84.98,B,420000.0,202607,848.0
서초구,반포동,1165010700,44454,디에이치반포라클라스,1,아파트,182628,112.57,84.98,C,420000.0,202607,848.0
서초구,반포동,1165010700,44454,디에이치반포라클라스,1,아파트,192565,112.73,84.97,D,420000.0,202607,848.0
서초구,반포동,1165010700,1095811,래미안원펜타스,1,아파트,1723248,110.65,84.72,A,,202607,
서초구,반포동,1165010700,1095811,래미안원펜타스,1,아파트,1723249,110.99,84.74,D,,202607,
서초구,반포동,1165010700,1095811,래미안원펜타스,1,아파트,1723250,111.16,84.72,C,,202607,
서초구,반포동,1165010700,1095811,래미안원펜타스,1,아파트,1723257,112.22,84.8,B,,202607,
서초구,반포동,1165010700,21363,래미안퍼스티지,1,아파트,67961,113.15,84.93,L1,515000.0,202607,2444.0
서초구,반포동,1165010700,21363,래미안퍼스티지,1,아파트,137790,113.73,84.85,T1,515000.0,202607,2444.0
서초구,반포동,1165010700,21363,래미안퍼스티지,1,아파트,160003,113.07,84.76,T2,515000.0,202607,2444.0
서초구,반포동,1165010700,21363,래미안퍼스티지,1,아파트,107542,114.01,84.93,L2,515000.0,202607,2444.0
서초구,반포동,1165010700,21363,래미안퍼스티지,1,아파트,223475,114.06,84.93,P,515000.0,202607,2444.0
서초구,반포동,1165010700,31983,반포래미안아이파크,1,아파트,143634,113.07,84.93,A,422500.0,202607,829.0
서초구,반포동,1165010700,31983,반포래미안아이파크,1,아파트,164465,113.19,84.88,B,422500.0,202607,829.0
서초구,반포동,1165010700,2140518,반포래미안트리니원,1,아파트,5491822,110.84,84.91,A,,202607,
서초구,반포동,1165010700,2140518,반포래미안트리니원,1,아파트,5498117,110.85,84.91,AT,,202607,
서초구,반포동,1165010700,2140518,반포래미안트리니원,1,아파트,5491821,110.56,84.96,B,,202607,
서초구,반포동,1165010700,2140518,반포래미안트리니원,1,아파트,5498227,110.58,84.96,BT,,202607,
서초구,반포동,1165010700,2140518,반포래미안트리니원,1,아파트,5491823,111.16,84.96,C,,202607,
서초구,반포동,1165010700,2140518,반포래미안트리니원,1,아파트,5498228,111.2,84.97,CT,,202607,
서초구,반포동,1165010700,381587,래미안원베일리,1,아파트,1252086,111.79,84.95,D,595000.0,202607,2990.0
서초구,반포동,1165010700,381587,래미안원베일리,1,아파트,1252039,111.72,84.97,O,595000.0,202607,2990.0
서초구,반포동,1165010700,381587,래미안원베일리,1,아파트,1252049,112.73,84.98,A,595000.0,202607,2990.0
서초구,반포동,1165010700,381587,래미안원베일리,1,아파트,1252050,112.65,84.98,B,595000.0,202607,2990.0
서초구,반포동,1165010700,381587,래미안원베일리,1,아파트,1252051,112.27,84.94,C,595000.0,202607,2990.0
서초구,반포동,1165010700,381587,래미안원베일리,1,아파트,1722809,112.73,84.98,D1,595000.0,202607,2990.0
서초구,반포동,1165010700,381587,래미안원베일리,1,아파트,1252087,112.38,84.96,E,595000.0,202607,2990.0
서초구,반포동,1165010700,381587,래미안원베일리,1,아파트,1722810,112.96,84.98,E1,595000.0,202607,2990.0
서초구,반포동,1165010700,381587,래미안원베일리,1,아파트,1722811,112.38,84.96,F,595000.0,202607,2990.0
서초구,반포동,1165010700,381587,래미안원베일리,1,아파트,1252088,112.96,84.98,F1,595000.0,202607,2990.0
서초구,반포동,1165010700,381587,래미안원베일리,1,아파트,1252043,112.46,84.98,G,595000.0,202607,2990.0
서초구,반포동,1165010700,381587,래미안원베일리,1,아파트,1252046,112.79,84.97,J,595000.0,202607,2990.0
서초구,반포동,1165010700,381587,래미안원베일리,1,아파트,1252047,112.85,84.95,K,595000.0,202607,2990.0
서초구,반포동,1165010700,381587,래미안원베일리,1,아파트,1252040,112.6,84.98,P,595000.0,202607,2990.0
서초구,반포동,1165010700,381587,래미안원베일리,1,아파트,1252041,112.51,84.98,Q,595000.0,202607,2990.0
서초구,반포동,1165010700,381587,래미안원베일리,1,아파트,1252042,112.18,84.96,R,595000.0,202607,2990.0
서초구,반포동,1165010700,381587,래미안원베일리,1,아파트,1252031,112.21,84.96,S,595000.0,202607,2990.0
서초구,반포동,1165010700,381587,래미안원베일리,1,아파트,1252044,113.43,84.97,H,595000.0,202607,2990.0
서초구,반포동,1165010700,381587,래미안원베일리,1,아파트,1252045,113.73,84.92,I,595000.0,202607,2990.0
서초구,반포동,1165010700,381587,래미안원베일리,1,아파트,1252048,113.31,84.99,L,595000.0,202607,2990.0
서초구,반포동,1165010700,381587,래미안원베일리,1,아파트,1252037,113.76,84.93,M,595000.0,202607,2990.0
서초구,반포동,1165010700,381587,래미안원베일리,1,아파트,1252038,113.4,84.98,N,595000.0,202607,2990.0
서초구,반포동,1165010700,1576,반포미도(1차),1,아파트,1485,110.46,84.96,,400000.0,202607,1260.0
서초구,반포동,1165010700,23387,반포리체,1,아파트,108916,113.42,84.97,A,427500.0,202607,1119.0
서초구,반포동,1165010700,23387,반포리체,1,아파트,138883,113.23,84.96,B,427500.0,202607,1119.0
서초구,반포동,1165010700,23387,반포리체,1,아파트,196760,113.41,84.96,C,427500.0,202607,1119.0
서초구,반포동,1165010700,18539,반포쎄레노,1,아파트,136383,93.89,84.4,,111200.0,202607,19.0
서초구,반포동,1165010700,18539,반포쎄레노,1,아파트,158912,94.43,84.89,,115400.0,202607,19.0
서초구,반포동,1165010700,31997,반포써밋,1,아파트,143641,108.87,84.97,A,375000.0,202607,764.0
서초구,반포동,1165010700,31997,반포써밋,1,아파트,164467,109.71,84.97,B,375000.0,202607,764.0
서초구,반포동,1165010700,31997,반포써밋,1,아파트,179544,110.47,84.68,C,375000.0,202607,764.0
서초구,반포동,1165010700,31997,반포써밋,1,아파트,190406,110.52,84.41,D,375000.0,202607,764.0
서초구,반포동,1165010700,15891,반포자이,1,아파트,103670,116.87,84.94,A,483333.0,202607,3410.0
서초구,반포동,1165010700,15891,반포자이,1,아파트,134664,116.71,84.99,B,483333.0,202607,3410.0
서초구,반포동,1165010700,15891,반포자이,1,아파트,157454,116.11,84.98,C,483333.0,202607,3410.0
서초구,반포동,1165010700,15891,반포자이,1,아파트,174024,116.7,84.98,D,483333.0,202607,3410.0
서초구,반포동,1165010700,23679,"반포훼밀리(101동,102동)",1,아파트,22721,104.08,84.12,,150000.0,202607,76.0
서초구,반포동,1165010700,23679,"반포훼밀리(101동,102동)",1,아파트,138975,106.92,84.63,A,150000.0,202607,76.0
서초구,반포동,1165010700,23679,"반포훼밀리(101동,102동)",1,아파트,160920,106.83,84.74,B,150000.0,202607,76.0
서초구,반포동,1165010700,1584,반포푸르지오,1,아파트,184434,108.81,84.82,,295000.0,202607,237.0
서초구,반포동,1165010700,22428,반포힐스테이트,1,아파트,21641,115.54,84.77,A,460000.0,202607,397.0
서초구,반포동,1165010700,22428,반포힐스테이트,1,아파트,68891,115.73,84.8,B,460000.0,202607,397.0
서초구,반포동,1165010700,1606,삼성에이스빌,1,아파트,50824,98.01,84.67,A,,202607,19.0
서초구,반포동,1165010700,1606,삼성에이스빌,1,아파트,94513,98.18,84.81,B,,202607,19.0
서초구,반포동,1165010700,1606,삼성에이스빌,1,아파트,128580,98.36,84.97,C,117700.0,202607,19.0
서초구,반포동,1165010700,26571,새티스,1,아파트,162180,96.83,83.89,B,95200.0,202607,10.0
서초구,반포동,1165010700,1601,삼창골든,1,아파트,153623,107.38,83.25,,,202607,
서초구,반포동,1165010700,1601,삼창골든,1,아파트,1510,109.87,84.52,,,202607,
서초구,반포동,1165010700,1601,삼창골든,1,아파트,193809,112.67,83.25,A,,202607,
서초구,반포동,1165010700,1601,삼창골든,1,아파트,171455,112.81,84.38,C,,202607,
서초구,반포동,1165010700,1601,삼창골든,1,아파트,200838,113.4,84.38,B,,202607,
서초구,반포동,1165010700,1601,삼창골든,1,아파트,206157,117.2,84.52,,,202607,
서초구,반포동,1165010700,1601,삼창골든,1,아파트,210241,138.79,84.38,A,,202607,
서초구,반포동,1165010700,1601,삼창골든,1,아파트,213403,138.49,84.52,B,,202607,
서초구,반포동,1165010700,1601,삼창골든,1,아파트,215910,141.51,83.25,,,202607,
서초구,반포동,1165010700,323748,서초블랑빌.,1,아파트,1126269,93.47,84.42,,,202607,
서초구,반포동,1165010700,25793,써니힐.,1,아파트,161843,101.64,84.89,,124500.0,202607,10.0
서초구,반포동,1165010700,25486,예당하우스.,1,아파트,110277,94.93,84.49,,103200.0,202607,10.0
서초구,반포동,1165010700,28770,아크로리버파크,1,아파트,224414,110.68,84.98,E,520000.0,202607,1612.0
서초구,반포동,1165010700,28770,아크로리버파크,1,아파트,228560,110.66,84.97,G,555000.0,202607,1612.0
서초구,반포동,1165010700,28770,아크로리버파크,1,아파트,141797,112.74,84.97,A,555000.0,202607,1612.0
서초구,반포동,1165010700,28770,아크로리버파크,1,아파트,163102,112.83,84.95,B,555000.0,202607,1612.0
서초구,반포동,1165010700,28770,아크로리버파크,1,아파트,178504,113.69,84.95,D,555000.0,202607,1612.0
서초구,반포동,1165010700,28770,아크로리버파크,1,아파트,189670,114.05,84.99,C,555000.0,202607,1612.0
서초구,반포동,1165010700,28770,아크로리버파크,1,아파트,197804,114.2,84.94,F,526000.0,202607,1612.0
서초구,반포동,1165010700,23082,정광,1,아파트,108733,96.02,83.95,,114600.0,202607,13.0
서초구,반포동,1165010700,1589,엠브이,1,아파트,94501,104.15,83.4,B,210000.0,202607,154.0
서초구,반포동,1165010700,1605,태평아트,1,아파트,1514,93.78,83.61,B,106800.0,202607,18.0
서초구,방배동,1165010100,12195,네스코뮤즈빌,1,아파트,12000,91.65,84.96,,,202607,
서초구,방배동,1165010100,29023,뉴캐슬,1,아파트,141944,93.84,84.97,,,202607,
서초구,방배동,1165010100,500534,더로드,1,아파트,1387795,107.62,84.2,,,202607,
서초구,방배동,1165010100,28139,덕산럭스,1,아파트,73659,95.93,84.71,,147700.0,202607,19.0
서초구,방배동,1165010100,1664,덕산홈타운,1,아파트,171477,94.09,84.45,,138100.0,202607,13.0
서초구,방배동,1165010100,1611,대우효령,1,아파트,1520,97.44,84.91,,197500.0,202607,364.0
서초구,방배동,1165010100,1620,두원,1,아파트,50837,114.3,84.87,,,202607,
서초구,방배동,1165010100,1089194,라파르오뜨서래,1,아파트,1709423,100.64,84.17,A,,202607,
서초구,방배동,1165010100,1089194,라파르오뜨서래,1,아파트,1709421,100.62,84.18,B,,202607,
서초구,방배동,1165010100,1682100,래미안원페를라,1,아파트,4868244,113.81,84.73,A,,202607,
서초구,방배동,1165010100,1682100,래미안원페를라,1,아파트,4868243,113.32,84.68,B,,202607,
서초구,방배동,1165010100,1682100,래미안원페를라,1,아파트,4868245,113.97,84.97,D,,202607,
서초구,방배동,1165010100,1682100,래미안원페를라,1,아파트,4868246,114.3,84.92,C,,202607,
서초구,방배동,1165010100,1682100,래미안원페를라,1,아파트,4868247,115.21,84.92,E,,202607,
서초구,방배동,1165010100,41873,멤버스빌,1,아파트,121764,96.14,84.86,A,106900.0,202607,12.0
서초구,방배동,1165010100,41873,멤버스빌,1,아파트,148638,96.19,84.9,B,115700.0,202607,12.0
서초구,방배동,1165010100,1089978,바흐하우스반포캐슬(민간임대),1,아파트,1710439,112.8,84.51,,,202607,
서초구,방배동,1165010100,1639,방배1차현대,1,아파트,50853,109.44,84.96,,260000.0,202607,644.0
서초구,방배동,1165010100,12622,방배3차현대홈타운,1,아파트,12421,106.36,84.98,,220000.0,202607,123.0
서초구,방배동,1165010100,20516,방배N스위트,1,아파트,137353,101.73,84.31,A,140300.0,202607,32.0
서초구,방배동,1165010100,20516,방배N스위트,1,아파트,19829,102.58,84.71,B,128500.0,202607,32.0
서초구,방배동,1165010100,1615,방배2차현대홈타운,1,아파트,94520,108.29,84.94,,260000.0,202607,384.0
서초구,방배동,1165010100,45354,방배그랑자이,1,아파트,169227,110.8,84.97,A,330000.0,202607,758.0
서초구,방배동,1165010100,45354,방배그랑자이,1,아파트,182843,110.91,84.97,B,330000.0,202607,758.0
서초구,방배동,1165010100,45354,방배그랑자이,1,아파트,192713,111.35,84.93,C,330000.0,202607,758.0
서초구,방배동,1165010100,12460,방배대성유니드,1,아파트,12261,102.85,84.93,,151300.0,202607,41.0
서초구,방배동,1165010100,14559,방배IPARK,1,아파트,14326,114.5,84.32,A,187500.0,202607,138.0
서초구,방배동,1165010100,14559,방배IPARK,1,아파트,62206,114.6,84.66,B,187500.0,202607,138.0
서초구,방배동,1165010100,1618,방배대우(대우사원),1,아파트,1527,111.83,84.55,A,170000.0,202607,95.0
서초구,방배동,1165010100,1618,방배대우(대우사원),1,아파트,50835,111.97,84.67,B,170000.0,202607,95.0
서초구,방배동,1165010100,1618,방배대우(대우사원),1,아파트,94522,111.98,84.68,C,170000.0,202607,95.0
서초구,방배동,1165010100,1618,방배대우(대우사원),1,아파트,128588,112.1,84.76,D,170000.0,202607,95.0
서초구,방배동,1165010100,1618,방배대우(대우사원),1,아파트,153633,112.28,84.91,E,170000.0,202607,95.0
서초구,방배동,1165010100,24745,방배동 아파트,1,아파트,70672,97.53,83.95,A,,202607,
서초구,방배동,1165010100,24745,방배동 아파트,1,아파트,109738,98.49,84.77,B,,202607,
서초구,방배동,1165010100,12327,방배래미안(1차),1,아파트,101213,106.49,84.91,,210000.0,202607,303.0
서초구,방배동,1165010100,26102,방배롯데캐슬아르떼,1,아파트,161962,109.67,84.91,C,300000.0,202607,744.0
서초구,방배동,1165010100,26102,방배롯데캐슬아르떼,1,아파트,110704,110.78,84.93,A,300000.0,202607,744.0
서초구,방배동,1165010100,26102,방배롯데캐슬아르떼,1,아파트,140307,110.09,84.97,B,300000.0,202607,744.0
서초구,방배동,1165010100,12016,방배브라운가,1,아파트,59999,105.93,84.94,B,180000.0,202607,161.0
서초구,방배동,1165010100,12016,방배브라운가,1,아파트,11825,106.41,84.85,A,180000.0,202607,161.0
서초구,방배동,1165010100,18320,방배삼성홈타운,1,아파트,216552,95.74,83.11,C,,202607,38.0
서초구,방배동,1165010100,18320,방배삼성홈타운,1,아파트,218493,97.56,84.69,A,,202607,38.0
서초구,방배동,1165010100,18320,방배삼성홈타운,1,아파트,211193,97.75,84.86,B,,202607,38.0
서초구,방배동,1165010100,18320,방배삼성홈타운,1,아파트,222503,97.06,83.62,D,76700.0,202607,38.0
서초구,방배동,1165010100,15209,방배서리풀힐스,1,아파트,62785,102.99,84.99,,150000.0,202607,66.0
서초구,방배동,1165010100,15968,방배서리풀e편한세상,1,아파트,103735,110.78,84.97,,290000.0,202607,496.0
서초구,방배동,1165010100,15968,방배서리풀e편한세상,1,아파트,206852,114.67,84.97,A,290000.0,202607,496.0
서초구,방배동,1165010100,15968,방배서리풀e편한세상,1,아파트,134721,114.72,84.97,B,290000.0,202607,496.0
서초구,방배동,1165010100,434179,방배센트레빌인더포레(도시형),1,아파트,1278434,102.83,84.63,,,202607,
서초구,방배동,1165010100,41236,방배서리풀그랑블,1,아파트,148306,106.99,84.99,C,225500.0,202607,99.0
서초구,방배동,1165010100,41236,방배서리풀그랑블,1,아파트,167786,107.67,84.99,A,225500.0,202607,99.0
서초구,방배동,1165010100,41236,방배서리풀그랑블,1,아파트,181883,107.76,84.97,B,225500.0,202607,99.0
서초구,방배동,1165010100,14009,방배아트e-편한세상,1,아파트,221185,98.58,84.68,,,202607,
서초구,방배동,1165010100,35419,방배아트자이,1,아파트,165809,108.8,84.93,A,285000.0,202607,353.0
서초구,방배동,1165010100,35419,방배아트자이,1,아파트,145461,108.77,84.93,C,285000.0,202607,353.0
서초구,방배동,1165010100,35419,방배아트자이,1,아파트,180505,109.43,84.91,B,285000.0,202607,353.0
서초구,방배동,1165010100,14116,방배이연아마빌레,1,아파트,61820,109.28,84.28,,167900.0,202607,46.0
서초구,방배동,1165010100,1627,방배우성,1,아파트,1219405,106.5,84.95,A,215000.0,202607,468.0
서초구,방배동,1165010100,1627,방배우성,1,아파트,50844,106.55,84.99,B,215000.0,202607,468.0
서초구,방배동,1165010100,1629,방배임광(3차),1,아파트,184443,107.1,84.0,B,210000.0,202607,316.0
서초구,방배동,1165010100,12017,방배트리플,1,아파트,185501,99.83,83.59,B,118500.0,202607,19.0
서초구,방배동,1165010100,12017,방배트리플,1,아파트,156091,101.41,84.91,,122000.0,202607,19.0
서초구,방배동,1165010100,1653,방배홈타운,1,아파트,50863,102.74,84.89,A,118600.0,202607,30.0
서초구,방배동,1165010100,13231,방배한진로즈힐,1,아파트,13019,106.36,84.95,,177500.0,202607,84.0
서초구,방배동,1165010100,13231,방배한진로즈힐,1,아파트,101800,110.49,84.37,A,190000.0,202607,84.0
서초구,방배동,1165010100,29318,보아스방배,1,아파트,74690,96.88,83.42,,101200.0,202607,15.0
서초구,방배동,1165010100,29318,보아스방배,1,아파트,112986,97.88,84.29,,106900.0,202607,15.0
서초구,방배동,1165010100,1641,방배한화,1,아파트,1222466,111.45,84.7,A,192500.0,202607,89.0
서초구,방배동,1165010100,1641,방배한화,1,아파트,1549,111.5,84.74,B,192500.0,202607,89.0
서초구,방배동,1165010100,1641,방배한화,1,아파트,1222467,111.55,84.78,C,192500.0,202607,89.0
서초구,방배동,1165010100,22599,비전힐,1,아파트,21793,99.07,84.97,A,132800.0,202607,18.0
서초구,방배동,1165010100,22599,비전힐,1,아파트,69025,99.09,84.98,B,125000.0,202607,18.0
서초구,방배동,1165010100,13621,브라운스톤방배,1,아파트,61375,106.08,84.96,A,207500.0,202607,145.0
서초구,방배동,1165010100,13621,브라운스톤방배,1,아파트,102064,106.71,84.9,B,207500.0,202607,145.0
서초구,방배동,1165010100,13621,브라운스톤방배,1,아파트,156604,106.64,84.98,D,205000.0,202607,145.0
서초구,방배동,1165010100,13621,브라운스톤방배,1,아파트,133442,107.03,84.95,C,207500.0,202607,145.0
서초구,방배동,1165010100,1647,삼환나띠르빌,1,아파트,1555,105.42,84.98,,155000.0,202607,126.0
서초구,방배동,1165010100,1610,삼호한숲,1,아파트,94516,106.34,84.87,A,175000.0,202607,116.0
서초구,방배동,1165010100,1610,삼호한숲,1,아파트,50828,107.19,84.88,B,175000.0,202607,116.0
서초구,방배동,1165010100,1610,삼호한숲,1,아파트,171458,113.42,84.87,,175000.0,202607,116.0
서초구,방배동,1165010100,49453,서리풀래디앙,1,아파트,200553,97.98,83.24,B,,202607,
서초구,방배동,1165010100,19430,설록,1,아파트,196019,95.16,84.74,,114000.0,202607,18.0
서초구,방배동,1165010100,28729,쉬크빌,1,아파트,27624,94.46,84.54,,,202607,
서초구,방배동,1165010100,20581,신호나이스.,1,아파트,19891,89.78,83.16,,108500.0,202607,12.0
서초구,방배동,1165010100,1661,아이리스,1,아파트,184451,93.81,83.11,B,,202607,16.0
서초구,방배동,1165010100,1661,아이리스,1,아파트,94554,95.71,84.79,,96800.0,202607,16.0
서초구,방배동,1165010100,25773,오필리아,1,아파트,161828,117.51,84.99,,122000.0,202607,12.0
서초구,방배동,1165010100,1609,임광(1차/2차),1,아파트,1518,116.28,84.78,,232500.0,202607,418.0
서초구,방배동,1165010100,48199,자현유하우스,1,아파트,220972,109.11,84.85,,,202607,
서초구,방배동,1165010100,647440,클래스원(도).,1,아파트,1419553,96.27,84.96,,,202607,
서초구,방배동,1165010100,24684,파라다이스,1,아파트,177098,102.66,83.86,A,112900.0,202607,34.0
서초구,방배동,1165010100,24684,파라다이스,1,아파트,188606,103.3,84.67,B,121100.0,202607,34.0
서초구,방배동,1165010100,24684,파라다이스,1,아파트,196979,103.28,84.82,C,118700.0,202607,34.0
서초구,방배동,1165010100,24684,파라다이스,1,아파트,203265,103.3,84.87,D,129500.0,202607,34.0
서초구,방배동,1165010100,24684,파라다이스,1,아파트,208049,103.18,84.91,E,122100.0,202607,34.0
서초구,방배동,1165010100,24684,파라다이스,1,아파트,211715,105.29,84.08,,117900.0,202607,34.0
서초구,방배동,1165010100,25618,퍼시픽56차,1,아파트,140032,95.25,83.88,A,,202607,
서초구,방배동,1165010100,25618,퍼시픽56차,1,아파트,161740,96.07,84.6,B,,202607,
서초구,방배동,1165010100,21020,푸른마을,1,아파트,211390,92.95,84.8,A,112100.0,202607,18.0
서초구,방배동,1165010100,20608,현대아르,1,아파트,19918,95.35,84.97,,197700.0,202607,10.0
서초구,서초동,1165010800,20850,JC라디앙,1,아파트,1222640,98.96,84.97,A,,202607,14.0
서초구,서초동,1165010800,20850,JC라디앙,1,아파트,20153,98.97,84.98,B,120100.0,202607,14.0
서초구,서초동,1165010800,14404,경남아너스빌(1608-28),1,아파트,14174,103.18,84.92,,186800.0,202607,32.0
서초구,서초동,1165010800,13765,경남아너스빌,1,아파트,194750,105.79,84.95,,210000.0,202607,141.0
서초구,서초동,1165010800,29209,다솔,1,아파트,112917,93.73,83.4,,100800.0,202607,12.0
서초구,서초동,1165010800,21056,다우월드,1,아파트,20355,93.21,83.42,B,101200.0,202607,17.0
서초구,서초동,1165010800,21056,다우월드,1,아파트,159856,93.04,83.27,C,107100.0,202607,17.0
서초구,서초동,1165010800,30829,대경벨로체,1,아파트,142999,97.57,83.11,A,106100.0,202607,11.0
서초구,서초동,1165010800,30829,대경벨로체,1,아파트,164018,97.58,83.12,B,113200.0,202607,11.0
서초구,서초동,1165010800,12446,대성유니드,1,아파트,12247,105.85,84.99,,197500.0,202607,83.0
서초구,서초동,1165010800,1706,동원베네스트,1,아파트,1614,105.53,84.9,A,182500.0,202607,126.0
서초구,서초동,1165010800,1706,동원베네스트,1,아파트,50914,105.68,84.9,B,182500.0,202607,126.0
서초구,서초동,1165010800,15999,두산위브트레지움,1,아파트,63496,105.77,84.96,B,240000.0,202607,98.0
서초구,서초동,1165010800,15999,두산위브트레지움,1,아파트,15731,106.22,84.62,A,240000.0,202607,98.0
서초구,서초동,1165010800,1678,두진한아름,1,아파트,50888,114.12,84.96,,139200.0,202607,42.0
서초구,서초동,1165010800,36741,래미안서초4차,1,아파트,35574,112.43,84.94,,175000.0,202607,56.0
서초구,서초동,1165010800,44285,래미안리더스원,1,아파트,149807,108.94,83.12,A,380000.0,202607,1317.0
서초구,서초동,1165010800,44285,래미안리더스원,1,아파트,168827,111.11,84.94,A,380000.0,202607,1317.0
서초구,서초동,1165010800,44285,래미안리더스원,1,아파트,182581,111.66,84.93,B,380000.0,202607,1317.0
서초구,서초동,1165010800,44285,래미안리더스원,1,아파트,192538,112.68,84.97,C,380000.0,202607,1317.0
서초구,서초동,1165010800,15998,래미안서초스위트,1,아파트,63495,112.74,84.95,A,302500.0,202607,392.0
서초구,서초동,1165010800,15998,래미안서초스위트,1,아파트,103763,114.81,84.97,B,300000.0,202607,392.0
서초구,서초동,1165010800,28803,로얄파크,1,아파트,27698,93.53,83.44,,111700.0,202607,13.0
서초구,서초동,1165010800,29879,래미안서초에스티지,1,아파트,189948,109.34,83.99,B,325000.0,202607,421.0
서초구,서초동,1165010800,29879,래미안서초에스티지,1,아파트,28771,110.37,83.6,C,325000.0,202607,421.0
서초구,서초동,1165010800,29879,래미안서초에스티지,1,아파트,178888,111.18,83.6,A,325000.0,202607,421.0
서초구,서초동,1165010800,32109,래미안서초에스티지S,1,아파트,164515,111.13,84.8,A,345000.0,202607,593.0
서초구,서초동,1165010800,32109,래미안서초에스티지S,1,아파트,30974,111.42,84.96,C,345000.0,202607,593.0
서초구,서초동,1165010800,32109,래미안서초에스티지S,1,아파트,77196,112.07,84.17,B,345000.0,202607,593.0
서초구,서초동,1165010800,14066,롯데캐슬클래식,1,아파트,61777,106.52,84.98,,302500.0,202607,990.0
서초구,서초동,1165010800,45666,루컴즈힐서리풀,1,아파트,192770,110.5,83.8,A,,202607,
서초구,서초동,1165010800,45666,루컴즈힐서리풀,1,아파트,200097,110.66,83.92,B,,202607,
서초구,서초동,1165010800,45666,루컴즈힐서리풀,1,아파트,182925,110.21,83.58,D,,202607,
서초구,서초동,1165010800,45666,루컴즈힐서리풀,1,아파트,205632,111.24,84.36,F,,202607,
서초구,서초동,1165010800,45666,루컴즈힐서리풀,1,아파트,213095,112.03,84.96,E,,202607,
서초구,서초동,1165010800,45666,루컴즈힐서리풀,1,아파트,209838,112.03,84.96,G,,202607,
서초구,서초동,1165010800,27449,보미리즌빌,1,아파트,26357,121.21,83.3,,129800.0,202607,10.0
서초구,서초동,1165010800,21421,새티스(1472-21).,1,아파트,107586,98.73,84.48,,102700.0,202607,19.0
서초구,서초동,1165010800,18715,서린,1,아파트,195889,101.62,84.84,A,,202607,
서초구,서초동,1165010800,21075,서초,1,아파트,196304,100.26,84.64,,114800.0,202607,18.0
서초구,서초동,1165010800,1686,서초3차현대,1,아파트,1108897,101.21,83.25,A,175000.0,202607,96.0
서초구,서초동,1165010800,1686,서초3차현대,1,아파트,1108898,102.16,84.04,B,175000.0,202607,96.0
서초구,서초동,1165010800,1686,서초3차현대,1,아파트,1594,102.63,84.49,C,175000.0,202607,96.0
서초구,서초동,1165010800,19833,서초SK뷰,1,아파트,19171,102.15,84.25,,188800.0,202607,47.0
서초구,서초동,1165010800,19833,서초SK뷰,1,아파트,66659,102.52,84.97,,184400.0,202607,47.0
서초구,서초동,1165010800,1670,서초4차현대,1,아파트,171481,103.75,84.33,,240000.0,202607,160.0
서초구,서초동,1165010800,1670,서초4차현대,1,아파트,184455,104.3,84.78,B,240000.0,202607,160.0
서초구,서초동,1165010800,1670,서초4차현대,1,아파트,210245,104.52,84.96,C,240000.0,202607,160.0
서초구,서초동,1165010800,1670,서초4차현대,1,아파트,200845,107.25,84.99,A,240000.0,202607,160.0
서초구,서초동,1165010800,1670,서초4차현대,1,아파트,213407,108.8,84.98,A,240000.0,202607,160.0
서초구,서초동,1165010800,1670,서초4차현대,1,아파트,206162,108.77,84.95,B,240000.0,202607,160.0
서초구,서초동,1165010800,47707,서초가람,1,아파트,151595,96.57,83.21,,108300.0,202607,10.0
서초구,서초동,1165010800,13243,서초2차e-편한세상,1,아파트,13031,107.2,84.67,,217500.0,202607,159.0
서초구,서초동,1165010800,12274,서초극동스타클래스1,1,아파트,60217,102.8,84.3,,165000.0,202607,90.0
서초구,서초동,1165010800,46168,서초그랑자이,1,아파트,205679,112.79,84.51,A,400000.0,202607,1446.0
서초구,서초동,1165010800,46168,서초그랑자이,1,아파트,169510,113.93,84.84,B,400000.0,202607,1446.0
서초구,서초동,1165010800,46168,서초그랑자이,1,아파트,209871,115.05,84.87,C,400000.0,202607,1446.0
서초구,서초동,1165010800,46168,서초그랑자이,1,아파트,222094,115.05,84.87,D,400000.0,202607,1446.0
서초구,서초동,1165010800,46168,서초그랑자이,1,아파트,215687,115.05,84.87,E,400000.0,202607,1446.0
서초구,서초동,1165010800,22976,서초교대e편한세상,1,아파트,108652,113.88,84.97,A,302500.0,202607,435.0
서초구,서초동,1165010800,22976,서초교대e편한세상,1,아파트,138671,113.35,84.68,B,302500.0,202607,435.0
서초구,서초동,1165010800,22976,서초교대e편한세상,1,아파트,160684,113.74,84.93,C,302500.0,202607,435.0
서초구,서초동,1165010800,22976,서초교대e편한세상,1,아파트,176608,114.1,84.94,D,302500.0,202607,435.0
서초구,서초동,1165010800,47386,서초노블레스(1560-7),1,아파트,183397,102.03,83.12,,,202607,
서초구,서초동,1165010800,19729,서초노빌리에,1,아파트,66577,105.47,83.58,B,119600.0,202607,19.0
서초구,서초동,1165010800,1698,서초녹원,1,아파트,50907,104.6,84.99,,146000.0,202607,35.0
서초구,서초동,1165010800,14301,서초극동스타클래스II,1,아파트,156831,105.31,84.99,,152500.0,202607,60.0
서초구,서초동,1165010800,15815,서초동동일하이빌,1,아파트,15552,119.85,84.98,,150000.0,202607,54.0
서초구,서초동,1165010800,13452,서초동롯데캐슬리버티,1,아파트,101944,106.8,84.99,,180000.0,202607,132.0
서초구,서초동,1165010800,1710,서초로얄,1,아파트,153675,107.74,84.83,,135700.0,202607,40.0
서초구,서초동,1165010800,12018,서초래미안,1,아파트,60001,112.73,84.95,B,270000.0,202607,1129.0
서초구,서초동,1165010800,12018,서초래미안,1,아파트,11827,113.66,84.97,A,265000.0,202607,1129.0
서초구,서초동,1165010800,37906,서초블레스.,1,아파트,204926,98.6,84.98,A,111700.0,202607,16.0
서초구,서초동,1165010800,37906,서초블레스.,1,아파트,209313,98.61,84.99,B,111700.0,202607,16.0
서초구,서초동,1165010800,15354,서초벽산블루밍,1,아파트,15103,105.25,84.39,,182500.0,202607,60.0
서초구,서초동,1165010800,1688,서초삼성래미안,1,아파트,1596,108.16,84.97,A,240000.0,202607,299.0
서초구,서초동,1165010800,1688,서초삼성래미안,1,아파트,50897,108.06,84.89,B,240000.0,202607,299.0
서초구,서초동,1165010800,26329,서초롯데캐슬프레지던트,1,아파트,25248,111.05,84.97,A,290000.0,202607,280.0
서초구,서초동,1165010800,26329,서초롯데캐슬프레지던트,1,아파트,72064,111.22,84.97,B,290000.0,202607,280.0
서초구,서초동,1165010800,21575,서초스위트빌,1,아파트,68146,100.96,84.47,A,117600.0,202607,17.0
서초구,서초동,1165010800,21575,서초스위트빌,1,아파트,20856,101.19,84.66,B,,202607,17.0
서초구,서초동,1165010800,1083486,서초아트빌.,1,아파트,1707178,98.21,84.93,,,202607,
서초구,서초동,1165010800,14557,서초신원아침도시2차,1,아파트,14324,105.8,84.34,,177500.0,202607,88.0
서초구,서초동,1165010800,30715,서초연우,1,아파트,163972,107.68,84.81,,119700.0,202607,19.0
서초구,서초동,1165010800,12021,서초예성그린,1,아파트,101003,95.8,84.62,,112500.0,202607,36.0
서초구,서초동,1165010800,12021,서초예성그린,1,아파트,132684,97.66,84.96,,124300.0,202607,36.0
서초구,서초동,1165010800,19801,서초우방유쉘,1,아파트,159372,104.39,84.85,A,147300.0,202607,49.0
서초구,서초동,1165010800,19801,서초우방유쉘,1,아파트,175574,104.48,84.94,B,139400.0,202607,49.0
서초구,서초동,1165010800,19801,서초우방유쉘,1,아파트,187465,104.79,84.95,C,153900.0,202607,49.0
서초구,서초동,1165010800,312975,서초자이르네,1,아파트,1108017,109.12,84.97,,,202607,
서초구,서초동,1165010800,312975,서초자이르네,1,아파트,1108015,109.12,84.97,C,,202607,
서초구,서초동,1165010800,312975,서초자이르네,1,아파트,1108016,109.91,84.9,P,,202607,
서초구,서초동,1165010800,14031,서초자이,1,아파트,13806,106.97,84.98,,200000.0,202607,184.0
서초구,서초동,1165010800,20962,서초지웰,1,아파트,20263,112.46,84.74,,190000.0,202607,60.0
서초구,서초동,1165010800,29882,서초푸르지오써밋,1,아파트,217189,112.91,84.95,A,345000.0,202607,907.0
서초구,서초동,1165010800,29882,서초푸르지오써밋,1,아파트,219026,113.9,84.93,B,345000.0,202607,907.0
서초구,서초동,1165010800,1689,서초한일,1,아파트,50898,108.87,84.98,,175000.0,202607,86.0
서초구,서초동,1165010800,25414,서초한양수자인,1,아파트,139918,102.73,84.32,D,128400.0,202607,24.0
서초구,서초동,1165010800,25414,서초한양수자인,1,아파트,161658,102.81,84.33,E,,202607,24.0
서초구,서초동,1165010800,25414,서초한양수자인,1,아파트,110222,103.08,84.88,C,,202607,24.0
서초구,서초동,1165010800,1696,서초현대,1,아파트,153668,110.36,84.78,A,215000.0,202607,299.0
서초구,서초동,1165010800,1696,서초현대,1,아파트,171490,110.42,84.81,B,215000.0,202607,299.0
서초구,서초동,1165010800,1696,서초현대,1,아파트,184462,110.23,84.69,C,215000.0,202607,299.0
서초구,서초동,1165010800,1696,서초현대,1,아파트,193821,110.64,84.99,D,215000.0,202607,299.0
서초구,서초동,1165010800,14555,서초현대홈타운,1,아파트,14322,110.27,84.97,,165000.0,202607,68.0
서초구,서초동,1165010800,12830,신원아침도시,1,아파트,60698,103.06,83.13,A,132800.0,202607,40.0
서초구,서초동,1165010800,12830,신원아침도시,1,아파트,101543,103.12,83.03,B,139400.0,202607,40.0
서초구,서초동,1165010800,12830,신원아침도시,1,아파트,133073,103.22,83.02,C,145600.0,202607,40.0
서초구,서초동,1165010800,12830,신원아침도시,1,아파트,173254,103.28,83.1,E,145300.0,202607,40.0
서초구,서초동,1165010800,24738,애지앙,1,아파트,109735,102.33,84.8,,100400.0,202607,16.0
서초구,서초동,1165010800,22482,예림,1,아파트,188161,97.12,84.08,A,111200.0,202607,16.0
서초구,서초동,1165010800,22482,예림,1,아파트,196624,97.21,84.16,B,105800.0,202607,16.0
서초구,서초동,1165010800,22482,예림,1,아파트,202992,98.17,84.99,,107300.0,202607,16.0
서초구,서초동,1165010800,1673,우성(5차),1,아파트,128624,110.47,84.93,,257500.0,202607,408.0
서초구,서초동,1165010800,13173,우정에쉐르,1,아파트,224747,102.69,84.76,A,127500.0,202607,77.0
서초구,서초동,1165010800,13173,우정에쉐르,1,아파트,225338,102.78,84.84,B,127500.0,202607,77.0
서초구,서초동,1165010800,1672,아남,1,아파트,1283601,102.49,84.38,A,210000.0,202607,166.0
서초구,서초동,1165010800,1672,아남,1,아파트,50882,103.18,84.96,B,210000.0,202607,166.0
서초구,서초동,1165010800,12286,장미,1,아파트,173129,94.57,83.32,A,115900.0,202607,18.0
서초구,서초동,1165010800,12286,장미,1,아파트,132808,96.44,84.96,B,108500.0,202607,18.0
서초구,서초동,1165010800,1674,유원서초,1,아파트,1582,105.8,84.82,A,272500.0,202607,590.0
서초구,서초동,1165010800,1674,유원서초,1,아파트,171483,105.81,84.82,A1,272500.0,202607,590.0
서초구,서초동,1165010800,1674,유원서초,1,아파트,50884,105.8,84.82,B,272500.0,202607,590.0
서초구,서초동,1165010800,1674,유원서초,1,아파트,94566,105.8,84.82,C,272500.0,202607,590.0
서초구,서초동,1165010800,1674,유원서초,1,아파트,128625,105.86,84.87,D,272500.0,202607,590.0
서초구,서초동,1165010800,1674,유원서초,1,아파트,184457,105.86,84.87,D1,272500.0,202607,590.0
서초구,서초동,1165010800,1674,유원서초,1,아파트,153659,105.86,84.87,E,272500.0,202607,590.0
서초구,서초동,1165010800,12721,한승미메이드,1,아파트,133017,92.63,84.44,,,202607,
서초구,서초동,1165010800,1691,한신(플러스타운),1,아파트,1599,113.63,84.99,A,200000.0,202607,194.0
서초구,서초동,1165010800,1691,한신(플러스타운),1,아파트,50900,114.71,85.0,B,200000.0,202607,194.0
서초구,서초동,1165010800,1691,한신(플러스타운),1,아파트,94579,115.12,85.0,C,200000.0,202607,194.0
서초구,서초동,1165010800,1675,현대,1,아파트,171484,102.93,84.33,S,237000.0,202607,413.0
서초구,서초동,1165010800,1675,현대,1,아파트,94567,103.53,84.33,,237000.0,202607,413.0
서초구,서초동,1165010800,1675,현대,1,아파트,153660,103.46,84.8,L,237000.0,202607,413.0
서초구,서초동,1165010800,1675,현대,1,아파트,128626,103.45,84.79,R,237000.0,202607,413.0
서초구,서초동,1165010800,1675,현대,1,아파트,184458,109.44,84.34,,237000.0,202607,413.0
서초구,서초동,1165010800,20159,화원그랑빌,1,아파트,216633,113.56,84.88,C,127400.0,202607,37.0
서초구,서초동,1165010800,20159,화원그랑빌,1,아파트,196142,114.07,84.59,,129500.0,202607,37.0
서초구,신원동,1165011100,28959,서초포레스타3단지,1,아파트,112754,113.95,84.39,A1,177500.0,202607,482.0
서초구,신원동,1165011100,28959,서초포레스타3단지,1,아파트,141911,114.49,84.34,B,177500.0,202607,482.0
서초구,신원동,1165011100,28959,서초포레스타3단지,1,아파트,189728,115.38,84.61,G,177500.0,202607,482.0
서초구,신원동,1165011100,29664,서초포레스타6단지,1,아파트,163493,121.38,84.33,B1,190000.0,202607,585.0
서초구,신원동,1165011100,29664,서초포레스타6단지,1,아파트,189888,121.75,84.79,H,190000.0,202607,585.0
서초구,신원동,1165011100,28960,서초포레스타5단지,1,아파트,112755,111.67,84.39,A1,187500.0,202607,547.0
서초구,신원동,1165011100,28960,서초포레스타5단지,1,아파트,141912,112.52,84.41,B1,187500.0,202607,547.0
서초구,신원동,1165011100,28960,서초포레스타5단지,1,아파트,74389,112.56,84.4,B3,187500.0,202607,547.0
서초구,신원동,1165011100,28960,서초포레스타5단지,1,아파트,203945,112.23,84.81,C,187500.0,202607,547.0
서초구,신원동,1165011100,28960,서초포레스타5단지,1,아파트,208564,112.76,84.51,H,187500.0,202607,547.0
서초구,신원동,1165011100,28960,서초포레스타5단지,1,아파트,212121,112.81,84.84,I,187500.0,202607,547.0
서초구,신원동,1165011100,28960,서초포레스타5단지,1,아파트,214901,113.09,84.61,G,187500.0,202607,547.0
서초구,신원동,1165011100,27988,서초포레스타7단지,1,아파트,197627,122.62,84.6,A,187500.0,202607,310.0
서초구,신원동,1165011100,27988,서초포레스타7단지,1,아파트,203768,123.05,84.33,B1,187500.0,202607,310.0
서초구,신원동,1165011100,27988,서초포레스타7단지,1,아파트,208421,123.42,84.79,H,187500.0,202607,310.0
서초구,신원동,1165011100,28230,힐스테이트서초젠트리스,1,아파트,27130,114.32,84.95,A,195000.0,202607,256.0
서초구,신원동,1165011100,28230,힐스테이트서초젠트리스,1,아파트,73738,114.49,84.99,B,195000.0,202607,256.0
서초구,양재동,1165010200,28731,경희궁,1,아파트,178487,93.27,83.01,C,109900.0,202607,10.0
서초구,양재동,1165010200,28731,경희궁,1,아파트,189659,95.33,84.85,,101400.0,202607,10.0
서초구,양재동,1165010200,23216,금강,1,아파트,108817,102.52,83.78,,110100.0,202607,19.0
서초구,양재동,1165010200,1736,그린씨티.,1,아파트,1643,96.36,83.4,A,112600.0,202607,11.0
서초구,양재동,1165010200,1736,그린씨티.,1,아파트,50942,97.34,84.25,B,122200.0,202607,11.0
서초구,양재동,1165010200,1736,그린씨티.,1,아파트,128663,97.19,84.11,C,,202607,11.0
서초구,양재동,1165010200,1736,그린씨티.,1,아파트,153688,98.09,84.9,D,,202607,11.0
서초구,양재동,1165010200,23100,마로니에,1,아파트,22273,94.89,84.48,,100800.0,202607,11.0
서초구,양재동,1165010200,23735,리치스.,1,아파트,22753,100.01,84.09,A,113200.0,202607,19.0
서초구,양재동,1165010200,23735,리치스.,1,아파트,109066,100.1,84.19,B,111500.0,202607,19.0
서초구,양재동,1165010200,23735,리치스.,1,아파트,138989,100.68,84.68,C,113700.0,202607,19.0
서초구,양재동,1165010200,23735,리치스.,1,아파트,69850,100.75,84.74,D,119300.0,202607,19.0
서초구,양재동,1165010200,18953,베누시아,1,아파트,202468,104.11,83.17,B,,202607,
서초구,양재동,1165010200,18421,미영,1,아파트,223427,94.57,84.17,C,,202607,
서초구,양재동,1165010200,18421,미영,1,아파트,207373,95.56,83.19,B,,202607,
서초구,양재동,1165010200,18421,미영,1,아파트,211204,97.24,84.66,D,,202607,
서초구,양재동,1165010200,18421,미영,1,아파트,226746,103.07,83.94,B,,202607,
서초구,양재동,1165010200,24473,블루하이츠,1,아파트,23421,97.77,84.28,A,119900.0,202607,16.0
서초구,양재동,1165010200,24473,블루하이츠,1,아파트,70431,98.4,84.82,B,,202607,16.0
서초구,양재동,1165010200,24473,블루하이츠,1,아파트,109535,98.44,84.86,C,116500.0,202607,16.0
서초구,양재동,1165010200,12022,"비젼(102,103동)",1,아파트,224033,93.9,83.93,C,110300.0,202607,37.0
서초구,양재동,1165010200,12022,"비젼(102,103동)",1,아파트,185505,94.76,84.7,,108600.0,202607,37.0
서초구,양재동,1165010200,12022,"비젼(102,103동)",1,아파트,224735,98.25,84.46,A,105100.0,202607,37.0
서초구,양재동,1165010200,12022,"비젼(102,103동)",1,아파트,101004,98.81,84.95,B,108300.0,202607,37.0
서초구,양재동,1165010200,12022,"비젼(102,103동)",1,아파트,225832,98.84,84.98,D,106100.0,202607,37.0
서초구,양재동,1165010200,1726,성영,1,아파트,1634,93.08,83.12,A,101100.0,202607,14.0
서초구,양재동,1165010200,1726,성영,1,아파트,50934,93.24,83.26,B,100100.0,202607,14.0
서초구,양재동,1165010200,1729,시그마.,1,아파트,1223093,100.69,83.52,,98300.0,202607,16.0
서초구,양재동,1165010200,1729,시그마.,1,아파트,1223094,100.83,83.63,A,107700.0,202607,16.0
서초구,양재동,1165010200,1729,시그마.,1,아파트,94609,100.99,83.77,B,96400.0,202607,16.0
서초구,양재동,1165010200,1729,시그마.,1,아파트,1637,101.96,84.49,C,106500.0,202607,16.0
서초구,양재동,1165010200,18424,양재.,1,아파트,136313,93.47,83.17,,90500.0,202607,15.0
서초구,양재동,1165010200,1730,양재동 리치타운,1,아파트,1638,100.44,84.92,,98300.0,202607,19.0
서초구,양재동,1165010200,20163,양재메트로,1,아파트,175696,93.02,83.74,A,,202607,19.0
서초구,양재동,1165010200,20163,양재메트로,1,아파트,187556,93.13,83.84,B,,202607,19.0
서초구,양재동,1165010200,20163,양재메트로,1,아파트,196143,93.74,84.38,C,102800.0,202607,19.0
서초구,양재동,1165010200,20163,양재메트로,1,아파트,19486,93.92,84.55,D,,202607,19.0
서초구,양재동,1165010200,1727,양재테크노2차,1,아파트,1635,92.53,83.96,A,,202607,
서초구,양재동,1165010200,1727,양재테크노2차,1,아파트,206168,93.09,84.47,B,,202607,
서초구,양재동,1165010200,1721,양재대웅,1,아파트,1629,117.43,84.58,A,190000.0,202607,54.0
서초구,양재동,1165010200,1721,양재대웅,1,아파트,50929,117.76,84.91,B,190000.0,202607,54.0
서초구,양재동,1165010200,1724,양재테크노,1,아파트,1632,94.25,83.42,A,104400.0,202607,19.0
서초구,양재동,1165010200,1724,양재테크노,1,아파트,210250,94.16,83.34,F,,202607,19.0
서초구,양재동,1165010200,1724,양재테크노,1,아파트,50932,95.92,84.9,B,101500.0,202607,19.0
서초구,양재동,1165010200,1724,양재테크노,1,아파트,213412,95.46,84.5,C,,202607,19.0
서초구,양재동,1165010200,32488,양재파크뷰,1,아파트,31353,102.13,84.99,,,202607,
서초구,양재동,1165010200,18422,양재테크노3차,1,아파트,175176,93.69,83.11,,,202607,19.0
서초구,양재동,1165010200,18422,양재테크노3차,1,아파트,187147,95.62,84.82,A,102200.0,202607,19.0
서초구,양재동,1165010200,18422,양재테크노3차,1,아파트,195835,95.73,84.92,B,93500.0,202607,19.0
서초구,양재동,1165010200,18422,양재테크노3차,1,아파트,202387,95.74,84.93,C,95000.0,202607,19.0
서초구,양재동,1165010200,347213,우성(113동),1,아파트,1636120,102.54,84.69,,190000.0,202607,150.0
서초구,양재동,1165010200,36275,우성,1,아파트,80811,100.98,84.58,,215000.0,202607,944.0
서초구,양재동,1165010200,36275,우성,1,아파트,145891,101.38,84.88,N,215000.0,202607,944.0
서초구,양재동,1165010200,36275,우성,1,아파트,166112,101.31,84.91,S,215000.0,202607,944.0
서초구,양재동,1165010200,36275,우성,1,아파트,191241,102.54,84.69,A,,202607,944.0
서초구,양재동,1165010200,18342,위너스,1,아파트,17740,93.77,84.05,,97300.0,202607,13.0
서초구,양재동,1165010200,18342,위너스,1,아파트,1223211,94.71,84.9,A,,202607,13.0
서초구,양재동,1165010200,18342,위너스,1,아파트,136260,94.72,84.91,B,99500.0,202607,13.0
서초구,양재동,1165010200,12171,초원탑스빌,1,아파트,132751,100.05,84.99,,106100.0,202607,12.0
서초구,양재동,1165010200,32099,진흥(아마란스),1,아파트,30964,103.03,84.64,A,,202607,
서초구,양재동,1165010200,32099,진흥(아마란스),1,아파트,77187,103.33,84.89,B,,202607,
서초구,양재동,1165010200,32099,진흥(아마란스),1,아파트,115051,103.37,84.92,C,,202607,
서초구,양재동,1165010200,1733,포레스빌,1,아파트,1640,104.55,84.38,A,118200.0,202607,19.0
서초구,양재동,1165010200,1733,포레스빌,1,아파트,50940,105.2,84.92,B,122300.0,202607,19.0
서초구,양재동,1165010200,22895,파빌리온.,1,아파트,211561,92.41,83.71,D,104600.0,202607,30.0
서초구,양재동,1165010200,22895,파빌리온.,1,아파트,214458,92.42,83.72,E,103800.0,202607,30.0
서초구,양재동,1165010200,22895,파빌리온.,1,아파트,216780,93.58,84.78,F,101200.0,202607,30.0
서초구,양재동,1165010200,22895,파빌리온.,1,아파트,22084,94.32,83.93,A,94200.0,202607,30.0
서초구,양재동,1165010200,22895,파빌리온.,1,아파트,69256,94.56,84.15,B,102800.0,202607,30.0
서초구,양재동,1165010200,22895,파빌리온.,1,아파트,108595,95.21,84.72,C,102500.0,202607,30.0
서초구,양재동,1165010200,20349,한아름.,1,아파트,137254,98.14,83.83,A,102600.0,202607,19.0
서초구,양재동,1165010200,20349,한아름.,1,아파트,19669,98.95,84.54,B,95500.0,202607,19.0
서초구,양재동,1165010200,20755,현대타운,1,아파트,187683,94.51,84.11,,112400.0,202607,34.0
서초구,우면동,1165010300,25639,서초네이처힐2단지,1,아파트,71445,110.93,84.82,E,,202607,
서초구,우면동,1165010300,25639,서초네이처힐2단지,1,아파트,110378,112.2,84.73,F,,202607,
서초구,우면동,1165010300,1737,동고(동양고속),1,아파트,50943,105.47,84.96,,165000.0,202607,330.0
서초구,우면동,1165010300,27465,서초네이처힐1단지,1,아파트,26373,110.25,84.78,A,165000.0,202607,178.0
서초구,우면동,1165010300,27465,서초네이처힐1단지,1,아파트,111682,110.84,84.82,E,165000.0,202607,178.0
서초구,우면동,1165010300,27465,서초네이처힐1단지,1,아파트,73074,112.1,84.73,F,165000.0,202607,178.0
서초구,우면동,1165010300,26688,서초네이처힐3단지,1,아파트,25604,112.57,84.77,A,202500.0,202607,1251.0
서초구,우면동,1165010300,26688,서초네이처힐3단지,1,아파트,111144,112.06,84.84,C,202500.0,202607,1251.0
서초구,우면동,1165010300,26688,서초네이처힐3단지,1,아파트,72388,113.55,84.61,B,202500.0,202607,1251.0
서초구,우면동,1165010300,26689,서초네이처힐6단지,1,아파트,72389,114.89,84.77,A,172500.0,202607,382.0
서초구,우면동,1165010300,25075,서초네이처힐7단지,1,아파트,70946,120.25,84.77,A,167500.0,202607,275.0
서초구,우면동,1165010300,25074,서초네이처힐4단지,1,아파트,109962,115.84,84.84,C,196000.0,202607,409.0
서초구,우면동,1165010300,25074,서초네이처힐4단지,1,아파트,24014,116.35,84.77,A,196000.0,202607,409.0
서초구,우면동,1165010300,25074,서초네이처힐4단지,1,아파트,70945,117.32,84.61,B,196000.0,202607,409.0
서초구,우면동,1165010300,25666,호반써밋서초파크,1,아파트,140071,116.48,84.95,A,182500.0,202607,424.0
서초구,우면동,1165010300,25666,호반써밋서초파크,1,아파트,161775,116.53,84.99,B,182500.0,202607,424.0
서초구,우면동,1165010300,25666,호반써밋서초파크,1,아파트,177457,116.5,84.97,C,182500.0,202607,424.0
서초구,우면동,1165010300,25652,호반써밋서초파크뷰,1,아파트,140059,116.19,84.95,A,147500.0,202607,358.0
서초구,우면동,1165010300,25652,호반써밋서초파크뷰,1,아파트,161764,116.25,84.99,B,147500.0,202607,358.0
서초구,우면동,1165010300,25652,호반써밋서초파크뷰,1,아파트,177447,116.25,84.99,BN,147500.0,202607,358.0
서초구,잠원동,1165010600,1568,금호베스트빌,1,아파트,1477,101.34,84.97,,310000.0,202607,117.0
서초구,잠원동,1165010600,1569,대주피오레,1,아파트,1478,103.1,84.98,,160600.0,202607,49.0
서초구,잠원동,1165010600,21687,데뜨아르,1,아파트,68245,111.55,84.99,B,207200.0,202607,22.0
서초구,잠원동,1165010600,21687,데뜨아르,1,아파트,20964,112.3,84.94,A,218600.0,202607,22.0
서초구,우면동,1165010300,24933,서초힐스,1,아파트,218776,116.29,84.98,A,190000.0,202607,1082.0
서초구,우면동,1165010300,24933,서초힐스,1,아파트,208079,116.25,84.95,A1,190000.0,202607,1082.0
서초구,우면동,1165010300,24933,서초힐스,1,아파트,216895,116.28,84.97,B,190000.0,202607,1082.0
서초구,우면동,1165010300,24933,서초힐스,1,아파트,203308,116.23,84.93,C,190000.0,202607,1082.0
서초구,우면동,1165010300,24933,서초힐스,1,아파트,211742,116.27,84.96,D,190000.0,202607,1082.0
서초구,우면동,1165010300,24933,서초힐스,1,아파트,214601,116.27,84.96,DN,190000.0,202607,1082.0
서초구,잠원동,1165010600,1523,강변,1,아파트,50757,101.08,84.53,,310000.0,202607,360.0
서초구,잠원동,1165010600,28490,래미안신반포팰리스,1,아파트,27386,111.79,84.49,A,415000.0,202607,843.0
서초구,잠원동,1165010600,28490,래미안신반포팰리스,1,아파트,112409,113.31,84.46,B,400000.0,202607,843.0
서초구,잠원동,1165010600,28490,래미안신반포팰리스,1,아파트,73971,113.29,84.46,C,400000.0,202607,843.0
서초구,잠원동,1165010600,28490,래미안신반포팰리스,1,아파트,141638,114.22,84.42,D,405000.0,202607,843.0
서초구,잠원동,1165010600,34969,래미안신반포리오센트,1,아파트,145204,114.75,84.92,A,380000.0,202607,475.0
서초구,잠원동,1165010600,34969,래미안신반포리오센트,1,아파트,165621,114.75,84.92,B,380000.0,202607,475.0
서초구,잠원동,1165010600,34969,래미안신반포리오센트,1,아파트,117061,114.72,84.92,C,380000.0,202607,475.0
서초구,잠원동,1165010600,12014,메이플라워,1,아파트,59997,95.29,83.82,,,202607,
서초구,잠원동,1165010600,1092721,메이플자이,1,아파트,1717093,110.56,84.25,A1,,202607,
서초구,잠원동,1165010600,1092721,메이플자이,1,아파트,1717094,110.69,84.25,A2,,202607,
서초구,잠원동,1165010600,1092721,메이플자이,1,아파트,1716976,111.55,84.36,B1,,202607,
서초구,잠원동,1165010600,1092721,메이플자이,1,아파트,1716977,111.55,84.36,B2,,202607,
서초구,잠원동,1165010600,1092721,메이플자이,1,아파트,1716978,111.55,84.36,B3,,202607,
서초구,잠원동,1165010600,1092721,메이플자이,1,아파트,1716979,111.55,84.36,B4,,202607,
서초구,잠원동,1165010600,1562,미주파스텔,1,아파트,128556,104.68,84.64,,235000.0,202607,91.0
서초구,잠원동,1165010600,47515,반포르엘,1,아파트,125620,110.51,84.34,A,485000.0,202607,596.0
서초구,잠원동,1165010600,47515,반포르엘,1,아파트,151489,110.72,84.11,B,485000.0,202607,596.0
서초구,잠원동,1165010600,47515,반포르엘,1,아파트,90614,110.28,84.98,C,485000.0,202607,596.0
서초구,잠원동,1165010600,39123,반포센트럴자이,1,아파트,209380,115.73,84.98,A,475000.0,202607,757.0
서초구,잠원동,1165010600,39123,반포센트럴자이,1,아파트,147201,115.83,84.94,C,475000.0,202607,757.0
서초구,잠원동,1165010600,39123,반포센트럴자이,1,아파트,167006,116.45,84.95,B,475000.0,202607,757.0
서초구,잠원동,1165010600,1544,반포한신타워,1,아파트,215908,106.91,84.93,B,310000.0,202607,250.0
서초구,잠원동,1165010600,1563,보미리전빌,1,아파트,1472,105.68,84.94,,160300.0,202607,41.0
서초구,잠원동,1165010600,1565,블루힐하우스(청구2차),1,아파트,50791,113.1,84.54,,260000.0,202607,125.0
서초구,잠원동,1165010600,1525,동아,1,아파트,94462,109.07,84.91,,357500.0,202607,991.0
서초구,잠원동,1165010600,48900,반포르엘2차,1,아파트,126560,111.8,84.12,A,440000.0,202607,280.0
서초구,잠원동,1165010600,48900,반포르엘2차,1,아파트,152193,111.94,84.37,B,440000.0,202607,280.0
서초구,잠원동,1165010600,19038,성진준빌라트,1,아파트,66012,94.91,84.91,,73400.0,202607,19.0
서초구,잠원동,1165010600,1538,신반포(한신16차),1,아파트,50768,91.49,83.12,,330000.0,202607,396.0
서초구,잠원동,1165010600,1519,신반포(한신27차),1,아파트,50753,118.82,84.49,,292500.0,202607,156.0
서초구,잠원동,1165010600,1550,신반포(한신25차),1,아파트,1459,113.97,84.49,,377500.0,202607,169.0
서초구,잠원동,1165010600,32368,신반포자이,1,아파트,143845,110.4,84.97,C,440000.0,202607,607.0
서초구,잠원동,1165010600,32368,신반포자이,1,아파트,212399,112.34,84.98,D,450000.0,202607,607.0
서초구,잠원동,1165010600,32368,신반포자이,1,아파트,164626,114.1,84.97,B,440000.0,202607,607.0
서초구,잠원동,1165010600,32368,신반포자이,1,아파트,190498,117.52,84.92,A-2,450000.0,202607,607.0
서초구,잠원동,1165010600,32368,신반포자이,1,아파트,179670,118.12,84.87,A-1,450000.0,202607,607.0
서초구,잠원동,1165010600,49604,신반포르엘,1,아파트,127043,112.52,84.92,A,405000.0,202607,330.0
서초구,잠원동,1165010600,49604,신반포르엘,1,아파트,152558,112.96,84.94,B,405000.0,202607,330.0
서초구,잠원동,1165010600,1556,신반포청구(1차),1,아파트,128554,109.64,84.84,A,310000.0,202607,347.0
서초구,잠원동,1165010600,1556,신반포청구(1차),1,아파트,50783,109.65,84.86,B,310000.0,202607,347.0
서초구,잠원동,1165010600,340670,신반포중앙하이츠,1,아파트,1175211,107.21,84.66,A,,202607,
서초구,잠원동,1165010600,340670,신반포중앙하이츠,1,아파트,1175212,107.21,84.66,B,,202607,
서초구,잠원동,1165010600,33814,아크로리버뷰신반포,1,아파트,32667,117.85,84.79,A,520000.0,202607,595.0
서초구,잠원동,1165010600,33814,아크로리버뷰신반포,1,아파트,78672,117.92,84.82,B,500000.0,202607,595.0
서초구,잠원동,1165010600,1551,신화,1,아파트,153603,108.66,84.85,B,242500.0,202607,166.0
서초구,잠원동,1165010600,1551,신화,1,아파트,50779,109.7,84.33,A,242500.0,202607,166.0
서초구,잠원동,1165010600,2150671,오티에르반포,1,아파트,5519691,114.75,84.94,A,,202607,
서초구,잠원동,1165010600,23383,유로미,1,아파트,22541,95.04,84.38,A,109800.0,202607,11.0
서초구,잠원동,1165010600,23383,유로미,1,아파트,69659,95.36,84.67,B,113800.0,202607,11.0
서초구,잠원동,1165010600,1567,잠원동월드메르디앙,1,아파트,1476,107.46,84.78,,210000.0,202607,107.0
서초구,잠원동,1165010600,18603,잠원동트루빌,1,아파트,17989,101.81,84.7,A,128800.0,202607,19.0
서초구,잠원동,1165010600,18603,잠원동트루빌,1,아파트,65647,102.1,84.94,B,118000.0,202607,19.0
서초구,잠원동,1165010600,18603,잠원동트루빌,1,아파트,105702,102.12,84.96,C,127700.0,202607,19.0
서초구,잠원동,1165010600,18603,잠원동트루빌,1,아파트,158935,102.15,84.99,D,112600.0,202607,19.0
서초구,잠원동,1165010600,18603,잠원동트루빌,1,아파트,136412,102.13,84.97,E,122200.0,202607,19.0
서초구,잠원동,1165010600,21077,잠원아이비,1,아파트,137624,99.99,84.99,B,128200.0,202607,31.0
서초구,잠원동,1165010600,21077,잠원아이비,1,아파트,107332,100.55,84.96,A,136200.0,202607,31.0
서초구,잠원동,1165010600,12194,잠원위브,1,아파트,173107,117.64,84.67,,,202607,
서초구,잠원동,1165010600,1529,잠원한신.,1,아파트,1438,94.42,84.52,,340000.0,202607,540.0
서초구,잠원동,1165010600,1526,잠원한신그린,1,아파트,1435,96.5,84.89,,290000.0,202607,150.0
서초구,잠원동,1165010600,1545,잠원현대,1,아파트,1454,103.77,84.87,,285000.0,202607,238.0
서초구,잠원동,1165010600,1522,한강,1,아파트,50756,103.75,84.53,,335000.0,202607,450.0
서초구,잠원동,1165010600,1527,한신로얄.,1,아파트,1436,93.78,84.56,C,292500.0,202607,208.0
서초구,잠원동,1165010600,1546,한신훼미리.,1,아파트,50775,101.05,84.38,A,280000.0,202607,288.0
서초구,잠원동,1165010600,1546,한신훼미리.,1,아파트,94475,102.99,84.69,B,280000.0,202607,288.0
서초구,잠원동,1165010600,1546,한신훼미리.,1,아파트,1455,102.47,84.9,D,280000.0,202607,288.0
서초구,잠원동,1165010600,1546,한신훼미리.,1,아파트,128552,103.17,84.83,C,280000.0,202607,288.0
서초구,잠원동,1165010600,1555,현대훼밀리,1,아파트,94479,104.19,84.51,A,270000.0,202607,113.0
서초구,잠원동,1165010600,1555,현대훼밀리,1,아파트,50782,104.2,84.52,B,270000.0,202607,113.0
서초구,잠원동,1165010600,12302,브라운스톤잠원,1,아파트,12105,103.19,84.94,,310000.0,202607,83.0
송파구,잠실동,1171010100,15524,리센츠,1,아파트,206800,109.2,84.99,A,335000.0,202607,5563.0
송파구,잠실동,1171010100,15524,리센츠,1,아파트,210719,109.35,84.99,B,335000.0,202607,5563.0
송파구,잠실동,1171010100,15524,리센츠,1,아파트,213782,109.34,84.99,C,335000.0,202607,5563.0
송파구,잠실동,1171010100,15524,리센츠,1,아파트,216216,109.51,84.99,D,335000.0,202607,5563.0
송파구,잠실동,1171010100,15524,리센츠,1,아파트,218199,109.47,84.99,E,335000.0,202607,5563.0
송파구,잠실동,1171010100,15524,리센츠,1,아파트,219860,109.26,84.99,F,335000.0,202607,5563.0
송파구,잠실동,1171010100,15524,리센츠,1,아파트,221205,109.4,84.99,G,335000.0,202607,5563.0
송파구,잠실동,1171010100,15524,리센츠,1,아파트,223262,109.2,84.99,I,335000.0,202607,5563.0
송파구,잠실동,1171010100,15524,리센츠,1,아파트,224064,109.31,84.99,J,335000.0,202607,5563.0
송파구,잠실동,1171010100,15524,리센츠,1,아파트,222317,110.3,84.99,H,335000.0,202607,5563.0
