자치구,동,법정동코드,단지기본일련번호,아파트,매물종별구분,매물종별구분명
강남구,개포동,1168010300,12616,LG개포자이,1,아파트
강남구,개포동,1168010300,489992,YH빌리지,1,아파트
강남구,개포동,1168010300,141,개포6차우성,1,아파트
강남구,개포동,1168010300,150,개포더샵트리에,1,아파트
강남구,개포동,1168010300,39203,개포래미안포레스트,1,아파트
강남구,개포동,1168010300,351699,개포비버리하임(도),1,아파트
강남구,개포동,1168010300,28654,개포상지리츠빌,1,아파트
강남구,개포동,1168010300,435295,개포자이르네,1,아파트
강남구,개포동,1168010300,48042,개포자이프레지던스,1,아파트
강남구,개포동,1168010300,136,개포주공5단지.,1,아파트
강남구,개포동,1168010300,144,개포주공6단지.,1,아파트
강남구,개포동,1168010300,145,개포주공7단지.,1,아파트
강남구,개포동,1168010300,151,개포현대,1,아파트
강남구,개포동,1168010300,25258,개포현대(200동),1,아파트
강남구,개포동,1168010300,154,개포현대6차,1,아파트
강남구,개포동,1168010300,36392,경남,1,아파트
강남구,개포동,1168010300,722556,노블레스빌(도),1,아파트
강남구,개포동,1168010300,38578,뉴현대파크빌,1,아파트
강남구,개포동,1168010300,148,대청,1,아파트
강남구,개포동,1168010300,128,대치,1,아파트
강남구,개포동,1168010300,1090438,대치푸르지오발라드(도시형),1,아파트
강남구,개포동,1168010300,155,더샵그린.,1,아파트
강남구,개포동,1168010300,33681,디에이치아너힐즈,1,아파트
강남구,개포동,1168010300,50176,디에이치퍼스티어아이파크,1,아파트
강남구,개포동,1168010300,1077779,라온(도).,1,아파트
강남구,개포동,1168010300,32909,래미안블레스티지,1,아파트
강남구,개포동,1168010300,491390,런던빌개포,1,아파트
강남구,개포동,1168010300,1028526,롯데빌리지,1,아파트
강남구,개포동,1168010300,24683,리더스.,1,아파트
강남구,개포동,1168010300,149,쌍용개포,1,아파트
강남구,개포동,1168010300,662543,예가풍경채(도),1,아파트
강남구,개포동,1168010300,140,우성(3차),1,아파트
강남구,개포동,1168010300,142,우성(8차),1,아파트
강남구,개포동,1168010300,19930,우찬현대(101),1,아파트
강남구,개포동,1168010300,24384,우찬현대(102),1,아파트
강남구,개포동,1168010300,24385,우찬현대(103),1,아파트
강남구,개포동,1168010300,152,잠실전화국주택조합(220동),1,아파트
강남구,개포동,1168010300,2308405,키스톤하우스(도시형),1,아파트
강남구,개포동,1168010300,21247,포이동새롬,1,아파트
강남구,개포동,1168010300,30782,포이벨리,1,아파트
강남구,개포동,1168010300,153,포이현대빌라트,1,아파트
강남구,개포동,1168010300,33582,한림,1,아파트
강남구,개포동,1168010300,146,현대(1차),1,아파트
강남구,개포동,1168010300,147,현대(2차),1,아파트
강남구,개포동,1168010300,138,현대(3차),1,아파트
강남구,논현동,1168010800,12,거평프리젠,1,아파트
강남구,논현동,1168010800,3,경남논현,1,아파트
강남구,논현동,1168010800,26868,골든캐슬,1,아파트
강남구,논현동,1168010800,21507,그랑디오스,1,아파트
강남구,논현동,1168010800,311735,기린힐스(도시형),1,아파트
강남구,논현동,1168010800,432976,꿈꾸지오(도),1,아파트
강남구,논현동,1168010800,2,논현(신동아),1,아파트
강남구,논현동,1168010800,13563,논현e-편한세상,1,아파트
강남구,논현동,1168010800,25908,논현대우멤버스카운티,1,아파트
강남구,논현동,1168010800,342936,논현더라움,1,아파트
강남구,논현동,1168010800,20642,논현동2차한화꿈에그린아파트,1,아파트
강남구,논현동,1168010800,12337,논현동동부센트레빌,1,아파트
강남구,논현동,1168010800,12615,논현동양파라곤,1,아파트
강남구,논현동,1168010800,14802,논현동월드메르디앙,1,아파트
강남구,논현동,1168010800,12572,논현동한진로즈힐,1,아파트
강남구,논현동,1168010800,13425,논현동한화꿈에그린,1,아파트
강남구,논현동,1168010800,36289,논현두산위브(1단지),1,아파트
강남구,논현동,1168010800,416789,논현두산위브(2단지),1,아파트
강남구,논현동,1168010800,28260,논현라폴리움,1,아파트
강남구,논현동,1168010800,29183,논현멤버스카운티,1,아파트
강남구,논현동,1168010800,9,논현베르빌,1,아파트
강남구,논현동,1168010800,47302,논현빌라트.,1,아파트
강남구,논현동,1168010800,41818,논현아테나니케,1,아파트
강남구,논현동,1168010800,12227,논현아트빌,1,아파트
강남구,논현동,1168010800,20024,논현아펠바움1차,1,아파트
강남구,논현동,1168010800,25641,논현아펠바움2차,1,아파트
강남구,논현동,1168010800,1100359,논현알베로(도시형),1,아파트
강남구,논현동,1168010800,30653,논현테크노빌,1,아파트
강남구,논현동,1168010800,341926,논현파크빌(도),1,아파트
강남구,논현동,1168010800,46134,"논현팰리스(민간임대,도시형)",1,아파트
강남구,논현동,1168010800,19954,논현프라임(192-3),1,아파트
강남구,논현동,1168010800,11,논현한가람,1,아파트
강남구,논현동,1168010800,48405,논현힐스빌5차,1,아파트
강남구,논현동,1168010800,42842,논현힐스빌6차,1,아파트
강남구,논현동,1168010800,20326,더그레이스.,1,아파트
강남구,논현동,1168010800,34756,더클래식논현(도),1,아파트
강남구,논현동,1168010800,1110808,도산포도더블랙(도),1,아파트
강남구,논현동,1168010800,40809,동광팰리스(도),1,아파트
강남구,논현동,1168010800,1,동현,1,아파트
강남구,논현동,1168010800,20606,두영,1,아파트
강남구,논현동,1168010800,38962,라디안,1,아파트
강남구,논현동,1168010800,29002,라이헤스빌,1,아파트
강남구,논현동,1168010800,23933,로체샤르캐슬,1,아파트
강남구,논현동,1168010800,433662,루시아도산208(도시형),1,아파트
강남구,논현동,1168010800,23382,리더스빌,1,아파트
강남구,논현동,1168010800,1089833,리안빌리지(도),1,아파트
강남구,논현동,1168010800,38040,리츠하우스,1,아파트
강남구,논현동,1168010800,27780,마블하우스,1,아파트
강남구,논현동,1168010800,650102,베스티움(도).,1,아파트
강남구,논현동,1168010800,25520,벨루스빌.,1,아파트
강남구,논현동,1168010800,27323,보노체아(도).,1,아파트
강남구,논현동,1168010800,24649,브라운스톤로얄스위트논현,1,아파트
강남구,논현동,1168010800,649931,브라이튼N40,1,아파트
강남구,논현동,1168010800,27620,비쥬힐,1,아파트
강남구,논현동,1168010800,27951,삼성빌라트,1,아파트
강남구,논현동,1168010800,722555,서진플로렌스190(도),1,아파트
강남구,논현동,1168010800,28385,스위트캐슬,1,아파트
강남구,논현동,1168010800,23924,스위트케슬레지던스,1,아파트
강남구,논현동,1168010800,25300,신동아,1,아파트
강남구,논현동,1168010800,4,쌍용,1,아파트
강남구,논현동,1168010800,338436,아나하(도),1,아파트
강남구,논현동,1168010800,379148,아츠논현(도),1,아파트
강남구,논현동,1168010800,29686,아크로힐스논현,1,아파트
강남구,논현동,1168010800,34395,알파임하우스Ⅱ,1,아파트
강남구,논현동,1168010800,506064,엔트라움논현(도),1,아파트
강남구,논현동,1168010800,15,예원베스트빌,1,아파트
강남구,논현동,1168010800,425547,요진보네르,1,아파트
강남구,논현동,1168010800,379071,우림빌(도).,1,아파트
강남구,논현동,1168010800,501194,우림스타빌(도),1,아파트
강남구,논현동,1168010800,8,우민,1,아파트
강남구,논현동,1168010800,21403,우성,1,아파트
강남구,논현동,1168010800,10,월드노블레스빌,1,아파트
강남구,논현동,1168010800,18812,월드쉐르빌,1,아파트
강남구,논현동,1168010800,18112,은탑리더스카운티,1,아파트
강남구,논현동,1168010800,25131,이산,1,아파트
강남구,논현동,1168010800,28362,이움.,1,아파트
강남구,논현동,1168010800,18308,제이빌,1,아파트
강남구,논현동,1168010800,20937,지고하임.,1,아파트
강남구,논현동,1168010800,651349,진흥펠리체(도),1,아파트
강남구,논현동,1168010800,5,청학,1,아파트
강남구,논현동,1168010800,18698,케럿스테이트,1,아파트
강남구,논현동,1168010800,28243,케이씨빌,1,아파트
강남구,논현동,1168010800,13,테크노빌라트,1,아파트
강남구,논현동,1168010800,23546,토미빌(228-9).,1,아파트
강남구,논현동,1168010800,615547,토미하우스(도),1,아파트
강남구,논현동,1168010800,14406,프라임(196-4),1,아파트
강남구,논현동,1168010800,14041,프라임(80-13),1,아파트
강남구,논현동,1168010800,15215,학동,1,아파트
강남구,논현동,1168010800,18444,한양빌라트,1,아파트
강남구,논현동,1168010800,27325,한양수자인어반게이트(도),1,아파트
강남구,논현동,1168010800,6,현대넥서스(261-7),1,아파트
강남구,논현동,1168010800,21229,현대넥서스(261-8),1,아파트
강남구,논현동,1168010800,21100,휴먼스페이스,1,아파트
강남구,논현동,1168010800,25364,힐스빌7차,1,아파트
강남구,논현동,1168010800,14,힐타워,1,아파트
강남구,논현동,1168010800,434293,힐튼빌(도).,1,아파트
강남구,대치동,1168010600,187,개포우성1차,1,아파트
강남구,대치동,1168010600,200,개포우성2차,1,아파트
강남구,대치동,1168010600,202,노빌리티빌리지,1,아파트
강남구,대치동,1168010600,31445,대치SK뷰,1,아파트
강남구,대치동,1168010600,659022,대치더클래스,1,아파트
강남구,대치동,1168010600,12618,대치동3차풍림아이원,1,아파트
강남구,대치동,1168010600,12619,대치동4차풍림아이원,1,아파트
강남구,대치동,1168010600,204,대치동삼성3차,1,아파트
강남구,대치동,1168010600,47442,대치르엘,1,아파트
강남구,대치동,1168010600,1915248,"대치명문(민간임대,도시형)",1,아파트
강남구,대치동,1168010600,189,대치삼성(래미안),1,아파트
강남구,대치동,1168010600,205,대치삼성2차,1,아파트
강남구,대치동,1168010600,26718,대치상지리츠빌카일룸,1,아파트
강남구,대치동,1168010600,14992,대치아이파크,1,아파트
강남구,대치동,1168010600,23668,대치주성,1,아파트
강남구,대치동,1168010600,43458,대치타워,1,아파트
강남구,대치동,1168010600,313482,대치푸르지오써밋,1,아파트
강남구,대치동,1168010600,23772,대치하나빌,1,아파트
강남구,대치동,1168010600,13451,대치한신휴플러스,1,아파트
강남구,대치동,1168010600,190,대치현대,1,아파트
강남구,대치동,1168010600,191,대치효성,1,아파트
강남구,대치동,1168010600,37104,더힐하우스(도),1,아파트
강남구,대치동,1168010600,23008,동민맥스빌(B동),1,아파트
강남구,대치동,1168010600,13186,동부센트레빌,1,아파트
강남구,대치동,1168010600,206,동양,1,아파트
강남구,대치동,1168010600,1682099,디에이치대치에델루이,1,아파트
강남구,대치동,1168010600,29017,래미안대치팰리스1단지,1,아파트
강남구,대치동,1168010600,36794,래미안대치팰리스2단지,1,아파트
강남구,대치동,1168010600,193,래미안대치하이스턴(우성2차),1,아파트
강남구,대치동,1168010600,203,롯데캐슬,1,아파트
강남구,대치동,1168010600,14665,롯데캐슬리베,1,아파트
강남구,대치동,1168010600,24759,메트로,1,아파트
강남구,대치동,1168010600,14294,미소시티,1,아파트
강남구,대치동,1168010600,36403,"선경(1,2차)",1,아파트
강남구,대치동,1168010600,195,선경(3차),1,아파트
강남구,대치동,1168010600,207,세연파크뷰,1,아파트
강남구,대치동,1168010600,199,세영팔레스타운,1,아파트
강남구,대치동,1168010600,18166,스카이써밋,1,아파트
강남구,대치동,1168010600,1075677,스톤빌리지(도),1,아파트
강남구,대치동,1168010600,48626,스톤빌리지대치2차(도),1,아파트
강남구,대치동,1168010600,46571,스톤빌리지대치3차(도),1,아파트
강남구,대치동,1168010600,47111,스톤빌리지대치4차(도),1,아파트
강남구,대치동,1168010600,201,쌍용2차.,1,아파트
강남구,대치동,1168010600,192,쌍용대치(1차),1,아파트
강남구,대치동,1168010600,15216,아름빌,1,아파트
강남구,대치동,1168010600,21798,아크로빌,1,아파트
강남구,대치동,1168010600,552685,아티드(도시형),1,아파트
강남구,대치동,1168010600,188,우성(1차),1,아파트
강남구,대치동,1168010600,15274,우정에쉐르,1,아파트
강남구,대치동,1168010600,18590,월드빌,1,아파트
강남구,대치동,1168010600,186,은마,1,아파트
강남구,대치동,1168010600,196,청암빌라트,1,아파트
강남구,대치동,1168010600,14878,청원,1,아파트
강남구,대치동,1168010600,12845,포스코더샵,1,아파트
강남구,대치동,1168010600,37047,풍림아이원,1,아파트
강남구,대치동,1168010600,24354,하이캐슬,1,아파트
강남구,대치동,1168010600,345179,한보미도맨션,1,아파트
강남구,대치동,1168010600,197,한보미도맨숀3차,1,아파트
강남구,대치동,1168010600,19622,한양팰리스,1,아파트
강남구,대치동,1168010600,18791,한티,1,아파트
강남구,대치동,1168010600,194,현대(1차),1,아파트
강남구,대치동,1168010600,18942,화인하이빌,1,아파트
강남구,도곡동,1168011800,157,개포4차우성(양재우성),1,아파트
강남구,도곡동,1168011800,160,개포5차우성,1,아파트
강남구,도곡동,1168011800,156,개포럭키,1,아파트
강남구,도곡동,1168011800,161,개포한신,1,아파트
강남구,도곡동,1168011800,175,경남,1,아파트
강남구,도곡동,1168011800,25661,그랜빌캐슬,1,아파트
강남구,도곡동,1168011800,162,대림,1,아파트
강남구,도곡동,1168011800,20491,대명비발디,1,아파트
강남구,도곡동,1168011800,293449,더힐(도).,1,아파트
강남구,도곡동,1168011800,14799,도곡1차아이파크,1,아파트
강남구,도곡동,1168011800,13923,도곡2차아이파크,1,아파트
강남구,도곡동,1168011800,14938,도곡3차아이파크,1,아파트
강남구,도곡동,1168011800,26010,도곡그린빌,1,아파트
강남구,도곡동,1168011800,13449,도곡동 월드메르디앙,1,아파트
강남구,도곡동,1168011800,176,도곡동삼성래미안,1,아파트
강남구,도곡동,1168011800,13886,도곡렉슬,1,아파트
강남구,도곡동,1168011800,424770,도곡루아르(도),1,아파트
강남구,도곡동,1168011800,45138,도곡상지카일룸,1,아파트
강남구,도곡동,1168011800,22884,도곡스타빌,1,아파트
강남구,도곡동,1168011800,163,도곡쌍용예가,1,아파트
강남구,도곡동,1168011800,1079409,도곡월드메르디앙(973),1,아파트
강남구,도곡동,1168011800,24242,도곡지웰카운티,1,아파트
강남구,도곡동,1168011800,1041635,도곡코오롱,1,아파트
강남구,도곡동,1168011800,14075,도곡푸르지오1차,1,아파트
강남구,도곡동,1168011800,20754,도곡하이빌,1,아파트
강남구,도곡동,1168011800,30232,도곡한라비발디,1,아파트
강남구,도곡동,1168011800,159,도곡한신(MBC),1,아파트
강남구,도곡동,1168011800,12557,도곡현대하이페리온,1,아파트
강남구,도곡동,1168011800,171,도곡현대힐스테이트,1,아파트
강남구,도곡동,1168011800,48184,라온빌(도),1,아파트
강남구,도곡동,1168011800,22461,래미안도곡카운티,1,아파트
강남구,도곡동,1168011800,23381,로덴하우스 이스트빌리지,1,아파트
강남구,도곡동,1168011800,23384,로덴하우스웨스트빌리지,1,아파트
강남구,도곡동,1168011800,12298,롯데캐슬모닝,1,아파트
강남구,도곡동,1168011800,18341,리치아르떼빌.,1,아파트
강남구,도곡동,1168011800,164,매봉(삼성),1,아파트
강남구,도곡동,1168011800,25706,벨라빌.,1,아파트
강남구,도곡동,1168011800,545598,비스킷(도),1,아파트
강남구,도곡동,1168011800,180,삼성,1,아파트
강남구,도곡동,1168011800,165,삼익,1,아파트
강남구,도곡동,1168011800,166,삼호,1,아파트
강남구,도곡동,1168011800,185,신성빌리지,1,아파트
강남구,도곡동,1168011800,158,역삼럭키,1,아파트
강남구,도곡동,1168011800,167,우성,1,아파트
강남구,도곡동,1168011800,18886,울트라멤버스,1,아파트
강남구,도곡동,1168011800,19495,원팰리스.,1,아파트
강남구,도곡동,1168011800,24685,이니그마빌Ⅲ,1,아파트
강남구,도곡동,1168011800,15571,조이너스도곡,1,아파트
강남구,도곡동,1168011800,170,중명하니빌,1,아파트
강남구,도곡동,1168011800,800355,클래스원,1,아파트
강남구,도곡동,1168011800,24337,파크힐,1,아파트
강남구,도곡동,1168011800,25803,포레스트빌,1,아파트
강남구,도곡동,1168011800,177,포스코트,1,아파트
강남구,도곡동,1168011800,26782,플럼힐스,1,아파트
강남구,도곡동,1168011800,14621,필로스,1,아파트
강남구,도곡동,1168011800,168,현대(도곡),1,아파트
강남구,도곡동,1168011800,169,현대그린,1,아파트
강남구,도곡동,1168011800,172,현대벨라하우스,1,아파트
강남구,도곡동,1168011800,20492,현대아이리스,1,아파트
강남구,도곡동,1168011800,26468,현대오티움,1,아파트
강남구,도곡동,1168011800,183,힐데스하임.,1,아파트
강남구,삼성동,1168010500,12573,IPARK삼성동,1,아파트
강남구,삼성동,1168010500,352557,LH삼성(도),1,아파트
강남구,삼성동,1168010500,30893,SM드림빌.,1,아파트
강남구,삼성동,1168010500,20710,골든카운티,1,아파트
강남구,삼성동,1168010500,42639,그라나다.,1,아파트
강남구,삼성동,1168010500,27301,네오블로썸,1,아파트
강남구,삼성동,1168010500,21496,노블테라스,1,아파트
강남구,삼성동,1168010500,24321,다우림하우스,1,아파트
강남구,삼성동,1168010500,23372,동구싼타빌,1,아파트
강남구,삼성동,1168010500,14688,동일파크스위트,1,아파트
강남구,삼성동,1168010500,46915,래미안라클래시,1,아파트
강남구,삼성동,1168010500,37051,"래미안삼성1차(102,103번지)",1,아파트
강남구,삼성동,1168010500,13865,래미안삼성1차(104번지),1,아파트
강남구,삼성동,1168010500,13864,래미안삼성1차(105번지),1,아파트
강남구,삼성동,1168010500,14766,래미안삼성2차,1,아파트
강남구,삼성동,1168010500,40379,로프트원,1,아파트
강남구,삼성동,1168010500,14767,롯데캐슬프레미어,1,아파트
강남구,삼성동,1168010500,14471,블루밍하우스,1,아파트
강남구,삼성동,1168010500,36287,삼부,1,아파트
강남구,삼성동,1168010500,11957,삼부아그레빌,1,아파트
강남구,삼성동,1168010500,13642,삼성SK뷰,1,아파트
강남구,삼성동,1168010500,21596,삼성그랑빌,1,아파트
강남구,삼성동,1168010500,12900,삼성대우멤버스카운티1차,1,아파트
강남구,삼성동,1168010500,20898,삼성대우멤버스카운티2차,1,아파트
강남구,삼성동,1168010500,19344,삼성대우멤버스카운티3차,1,아파트
강남구,삼성동,1168010500,19345,삼성대우멤버스카운티5차,1,아파트
강남구,삼성동,1168010500,26620,삼성대유리채(도시형),1,아파트
강남구,삼성동,1168010500,46,삼성더파크뷰,1,아파트
강남구,삼성동,1168010500,14401,삼성동 골든빌,1,아파트
강남구,삼성동,1168010500,14704,삼성동 아셈,1,아파트
강남구,삼성동,1168010500,15424,삼성동 아펠바움,1,아파트
강남구,삼성동,1168010500,12297,삼성동금호어울림,1,아파트
강남구,삼성동,1168010500,12603,삼성동대성유니드,1,아파트
강남구,삼성동,1168010500,38,삼성동롯데,1,아파트
강남구,삼성동,1168010500,13810,삼성동롯데캐슬킹덤,1,아파트
강남구,삼성동,1168010500,31920,삼성동센트럴아이파크,1,아파트
강남구,삼성동,1168010500,59,삼성동씨엘케이,1,아파트
강남구,삼성동,1168010500,13246,삼성동우림루미아트,1,아파트
강남구,삼성동,1168010500,13207,삼성동중앙하이츠빌리지,1,아파트
강남구,삼성동,1168010500,39,삼성동한솔,1,아파트
강남구,삼성동,1168010500,54,삼성동한일,1,아파트
강남구,삼성동,1168010500,15758,삼성동힐스테이트1단지,1,아파트
강남구,삼성동,1168010500,15759,삼성동힐스테이트2단지,1,아파트
강남구,삼성동,1168010500,20298,삼성드림하우스,1,아파트
강남구,삼성동,1168010500,28951,삼성라테라스,1,아파트
강남구,삼성동,1168010500,25956,삼성루첸시아,1,아파트
강남구,삼성동,1168010500,58,삼성벨라스,1,아파트
강남구,삼성동,1168010500,18034,삼성오네뜨,1,아파트
강남구,삼성동,1168010500,20338,삼성월드타워,1,아파트
강남구,삼성동,1168010500,20831,삼성웰피아,1,아파트
강남구,삼성동,1168010500,20445,삼성이안파크,1,아파트
강남구,삼성동,1168010500,56,삼성파크,1,아파트
강남구,삼성동,1168010500,14386,삼성팰리스(71-16),1,아파트
강남구,삼성동,1168010500,14387,삼성펠리스(129-5),1,아파트
강남구,삼성동,1168010500,24884,삼성헤렌하우스2,1,아파트
강남구,삼성동,1168010500,20383,상아빌라트,1,아파트
강남구,삼성동,1168010500,27999,상지리츠빌카일룸,1,아파트
강남구,삼성동,1168010500,43,서광,1,아파트
강남구,삼성동,1168010500,44,석탑,1,아파트
강남구,삼성동,1168010500,61,세방타운,1,아파트
강남구,삼성동,1168010500,52,신동아듀크빌,1,아파트
강남구,삼성동,1168010500,25679,심포니하우스,1,아파트
강남구,삼성동,1168010500,45,씨티빌.,1,아파트
강남구,삼성동,1168010500,23268,아델하우스,1,아파트
강남구,삼성동,1168010500,23830,아셈(150-5),1,아파트
강남구,삼성동,1168010500,1093714,아크로삼성,1,아파트
강남구,삼성동,1168010500,14785,영무예다음,1,아파트
강남구,삼성동,1168010500,11956,우정에쉐르,1,아파트
강남구,삼성동,1168010500,29832,월성,1,아파트
강남구,삼성동,1168010500,18725,이안애2차,1,아파트
강남구,삼성동,1168010500,22284,진흥,1,아파트
강남구,삼성동,1168010500,42,청구.,1,아파트
강남구,삼성동,1168010500,47,푸른솔,1,아파트
강남구,삼성동,1168010500,48,풍림,1,아파트
강남구,삼성동,1168010500,51,풍림(1차),1,아파트
강남구,삼성동,1168010500,53,풍림2차,1,아파트
강남구,삼성동,1168010500,40,현대,1,아파트
강남구,삼성동,1168010500,18705,현대빌라트,1,아파트
강남구,삼성동,1168010500,21364,현대삼성동1차,1,아파트
강남구,삼성동,1168010500,14865,현대삼성동2차,1,아파트
강남구,삼성동,1168010500,11958,형우빌라,1,아파트
강남구,세곡동,1168011100,24991,강남데시앙파크,1,아파트
강남구,세곡동,1168011100,24585,강남신동아파밀리에1단지,1,아파트
강남구,세곡동,1168011100,24586,강남신동아파밀리에2단지,1,아파트
강남구,세곡동,1168011100,25358,강남엘에이치1단지(e편한세상),1,아파트
강남구,세곡동,1168011100,29847,강남효성해링턴코트,1,아파트
강남구,세곡동,1168011100,24587,세곡리엔파크3단지,1,아파트
강남구,세곡동,1168011100,24932,세곡푸르지오,1,아파트
강남구,수서동,1168011500,29637,강남더샵포레스트,1,아파트
강남구,수서동,1168011500,28948,강남데시앙포레,1,아파트
강남구,수서동,1168011500,118,까치마을,1,아파트
강남구,수서동,1168011500,119,동익,1,아파트
강남구,수서동,1168011500,120,삼성,1,아파트
강남구,수서동,1168011500,115,삼익,1,아파트
강남구,수서동,1168011500,116,수서한아름,1,아파트
강남구,수서동,1168011500,117,신동아,1,아파트
강남구,신사동,1168010700,19929,뉴현대,1,아파트
강남구,신사동,1168010700,21248,대성아트빌,1,아파트
강남구,신사동,1168010700,104,대원칸타빌,1,아파트
강남구,신사동,1168010700,112,래미안신사,1,아파트
강남구,신사동,1168010700,110,로데오현대,1,아파트
강남구,신사동,1168010700,25624,루덴하우스,1,아파트
강남구,신사동,1168010700,21603,리갈팰리스,1,아파트
강남구,신사동,1168010700,11962,신사동 닛시빌라트,1,아파트
강남구,신사동,1168010700,18456,신사동 씨티빌,1,아파트
강남구,신사동,1168010700,38547,신사빌라트1,1,아파트
강남구,신사동,1168010700,20380,신사아이빌,1,아파트
강남구,신사동,1168010700,23015,신사아크존2,1,아파트
강남구,신사동,1168010700,27617,신사파크뷰,1,아파트
강남구,신사동,1168010700,113,신성,1,아파트
강남구,신사동,1168010700,32167,썬-타워빌딩(도),1,아파트
강남구,신사동,1168010700,28630,알파임하우스,1,아파트
강남구,신사동,1168010700,18808,압구정KCC,1,아파트
강남구,신사동,1168010700,40297,압구정심포니(도).,1,아파트
강남구,신사동,1168010700,24970,압구정아인빌,1,아파트
강남구,신사동,1168010700,12600,압구정하이츠파크,1,아파트
강남구,신사동,1168010700,24430,우찬,1,아파트
강남구,신사동,1168010700,18757,유로미,1,아파트
강남구,신사동,1168010700,14305,장자울,1,아파트
강남구,신사동,1168010700,13310,진흥아마란스,1,아파트
강남구,신사동,1168010700,44961,천지인수지빌,1,아파트
강남구,신사동,1168010700,19702,청림쉐르빌,1,아파트
강남구,신사동,1168010700,20965,체리빌,1,아파트
강남구,신사동,1168010700,20730,토미.,1,아파트
강남구,신사동,1168010700,31441,하얏트빌.,1,아파트
강남구,신사동,1168010700,28982,한양,1,아파트
강남구,신사동,1168010700,28242,현대아인빌,1,아파트
강남구,신사동,1168010700,114,현대연립,1,아파트
강남구,신사동,1168010700,28404,화이트빌,1,아파트
강남구,압구정동,1168011000,28403,대림빌라트,1,아파트
강남구,압구정동,1168011000,95,미성(1차),1,아파트
강남구,압구정동,1168011000,93,미성(2차),1,아파트
강남구,압구정동,1168011000,96,한양(1차),1,아파트
강남구,압구정동,1168011000,97,한양(2차),1,아파트
강남구,압구정동,1168011000,98,한양(3차),1,아파트
강남구,압구정동,1168011000,99,한양(4차),1,아파트
강남구,압구정동,1168011000,94,한양(5차),1,아파트
강남구,압구정동,1168011000,100,한양(6차),1,아파트
강남구,압구정동,1168011000,101,한양(7차),1,아파트
강남구,압구정동,1168011000,102,한양(8차),1,아파트
강남구,압구정동,1168011000,36367,"현대(1,2차)",1,아파트
강남구,압구정동,1168011000,21227,현대(10차),1,아파트
강남구,압구정동,1168011000,22306,현대(13차),1,아파트
강남구,압구정동,1168011000,385556,현대(14차),1,아파트
강남구,압구정동,1168011000,106,현대(3차),1,아파트
강남구,압구정동,1168011000,107,현대(4차),1,아파트
강남구,압구정동,1168011000,108,현대(5차),1,아파트
강남구,압구정동,1168011000,36573,"현대(6,7차)",1,아파트
강남구,압구정동,1168011000,12450,현대(65동),1,아파트
강남구,압구정동,1168011000,103,현대(8차),1,아파트
강남구,압구정동,1168011000,92,현대(신현대),1,아파트
강남구,압구정동,1168011000,35371,현대빌라트,1,아파트
강남구,역삼동,1168010100,46957,강남센트럴아이파크,1,아파트
강남구,역삼동,1168010100,25730,강남한솔,1,아파트
강남구,역삼동,1168010100,25248,개나리SK뷰,1,아파트
강남구,역삼동,1168010100,14176,개나리래미안,1,아파트
강남구,역삼동,1168010100,14175,개나리푸르지오,1,아파트
강남구,역삼동,1168010100,12233,갤러리빌,1,아파트
강남구,역삼동,1168010100,24600,갤러리아트.,1,아파트
강남구,역삼동,1168010100,35,갤러리하우스,1,아파트
강남구,역삼동,1168010100,19,거평.,1,아파트
강남구,역삼동,1168010100,28,경남,1,아파트
강남구,역삼동,1168010100,36,경일역삼.,1,아파트
강남구,역삼동,1168010100,24544,공간쉐르빌,1,아파트
강남구,역삼동,1168010100,26210,광평하우스빌.,1,아파트
강남구,역삼동,1168010100,12338,금호어울림,1,아파트
강남구,역삼동,1168010100,47654,꿈꾸지오(691-5),1,아파트
강남구,역삼동,1168010100,47656,꿈꾸지오(697-23),1,아파트
강남구,역삼동,1168010100,47744,"꿈꾸지오(698-6,도시형)",1,아파트
강남구,역삼동,1168010100,47635,"꿈꾸지오(751-4,도시형)",1,아파트
강남구,역삼동,1168010100,47746,"꿈꾸지오(774-27,도시형)",1,아파트
강남구,역삼동,1168010100,47750,"꿈꾸지오(794-21,도시형)",1,아파트
강남구,역삼동,1168010100,20,네스빌.,1,아파트
강남구,역삼동,1168010100,20958,노블스위트,1,아파트
강남구,역삼동,1168010100,20344,뉴엠.,1,아파트
강남구,역삼동,1168010100,490650,다사랑빌(도),1,아파트
강남구,역삼동,1168010100,722867,다올2차(도),1,아파트
강남구,역삼동,1168010100,22,대림역삼,1,아파트
강남구,역삼동,1168010100,25813,대명벨리온(도시형),1,아파트
강남구,역삼동,1168010100,500949,더클래스(도),1,아파트
강남구,역삼동,1168010100,505426,더프라나역삼(도),1,아파트
강남구,역삼동,1168010100,18,동부센트레빌,1,아파트
강남구,역삼동,1168010100,38657,동원스위트뷰역삼,1,아파트
강남구,역삼동,1168010100,2144793,두산위브파빌리온역삼(도시형),1,아파트
강남구,역삼동,1168010100,22099,뜨라네(828-21).,1,아파트
강남구,역삼동,1168010100,19896,뜨라네(828-76).,1,아파트
강남구,역삼동,1168010100,21221,래미안그레이튼,1,아파트
강남구,역삼동,1168010100,21222,래미안그레이튼(진달래2차),1,아파트
강남구,역삼동,1168010100,15113,래미안펜타빌,1,아파트
강남구,역삼동,1168010100,733898,런던빌(도),1,아파트
강남구,역삼동,1168010100,15501,로얄빌리지,1,아파트
강남구,역삼동,1168010100,24626,로얄팰리스,1,아파트
강남구,역삼동,1168010100,488837,루미하우스(도),1,아파트
강남구,역삼동,1168010100,2148665,리치웰빌라트(도시형),1,아파트
강남구,역삼동,1168010100,2148666,리치웰빌라트2차(도시형),1,아파트
강남구,역삼동,1168010100,25,리치타워,1,아파트
강남구,역삼동,1168010100,19154,명인갤러리1차.,1,아파트
강남구,역삼동,1168010100,24612,베르사이유,1,아파트
강남구,역삼동,1168010100,12489,베스젠빌,1,아파트
강남구,역삼동,1168010100,23141,불루밍코트,1,아파트
강남구,역삼동,1168010100,12607,브라운스톤역삼,1,아파트
강남구,역삼동,1168010100,47837,비에네스타,1,아파트
강남구,역삼동,1168010100,650101,빌라란떼(도),1,아파트
강남구,역삼동,1168010100,13658,상지리츠빌,1,아파트
강남구,역삼동,1168010100,21465,상지리츠빌역삼2차,1,아파트
강남구,역삼동,1168010100,19007,성영아파트포유,1,아파트
강남구,역삼동,1168010100,36285,"세방하이빌1,2",1,아파트
강남구,역삼동,1168010100,20433,세연예지향,1,아파트
강남구,역삼동,1168010100,21,세종빌라트,1,아파트
강남구,역삼동,1168010100,47645,스타힐스(도),1,아파트
강남구,역삼동,1168010100,50501,스톤엘리시온역삼,1,아파트
강남구,역삼동,1168010100,2144527,시티프라디움더강남,1,아파트
강남구,역삼동,1168010100,383102,시티프라디움더강남2차(도),1,아파트
강남구,역삼동,1168010100,24562,쎄비앙,1,아파트
강남구,역삼동,1168010100,722497,아이리스(도),1,아파트
강남구,역삼동,1168010100,491593,아이힐2(도),1,아파트
강남구,역삼동,1168010100,800354,아하바하우스(도),1,아파트
강남구,역삼동,1168010100,25867,에벤에셀빌라트,1,아파트
강남구,역삼동,1168010100,24584,역삼(리츠빌),1,아파트
강남구,역삼동,1168010100,15141,역삼2차아이파크,1,아파트
강남구,역삼동,1168010100,26277,역삼EG소울리더(도시형),1,아파트
강남구,역삼동,1168010100,13850,역삼e-편한세상,1,아파트
강남구,역삼동,1168010100,19083,역삼노블카운티,1,아파트
강남구,역삼동,1168010100,344218,역삼더하이브(도),1,아파트
강남구,역삼동,1168010100,20671,역삼동 명인갤러리2차,1,아파트
강남구,역삼동,1168010100,37,역삼동 칼라,1,아파트
강남구,역삼동,1168010100,14622,역삼동골든베리힐,1,아파트
강남구,역삼동,1168010100,25815,역삼동그린비,1,아파트
강남구,역삼동,1168010100,14789,역삼동롯데캐슬노블,1,아파트
강남구,역삼동,1168010100,23,역삼동우성빌라트,1,아파트
강남구,역삼동,1168010100,13715,역삼동월드메르디앙,1,아파트
강남구,역삼동,1168010100,31,역삼동트레벨,1,아파트
강남구,역삼동,1168010100,19712,역삼동프라임,1,아파트
강남구,역삼동,1168010100,13697,역삼래미안,1,아파트
강남구,역삼동,1168010100,1076002,역삼레전드힐스(도),1,아파트
강남구,역삼동,1168010100,2144796,역삼르비앙,1,아파트
강남구,역삼동,1168010100,2148667,역삼리치웰빌라트(도시형),1,아파트
강남구,역삼동,1168010100,31095,역삼미까사(도),1,아파트
강남구,역삼동,1168010100,2093603,역삼센트럴,1,아파트
강남구,역삼동,1168010100,321194,역삼센트럴2차아이파크(도시형),1,아파트
강남구,역삼동,1168010100,2104296,역삼아르떼(도시형),1,아파트
강남구,역삼동,1168010100,14324,역삼아이파크,1,아파트
강남구,역삼동,1168010100,21583,역삼엔스위트,1,아파트
강남구,역삼동,1168010100,13338,역삼예명,1,아파트
강남구,역삼동,1168010100,15503,역삼우성,1,아파트
강남구,역삼동,1168010100,2153197,역삼위너스하임(도시형),1,아파트
강남구,역삼동,1168010100,22550,역삼이안애,1,아파트
강남구,역삼동,1168010100,29462,역삼자이,1,아파트
강남구,역삼동,1168010100,33,역삼카이스,1,아파트
강남구,역삼동,1168010100,500737,역삼파크빌(도),1,아파트
강남구,역삼동,1168010100,13857,역삼푸르지오,1,아파트
강남구,역삼동,1168010100,19460,역삼프리마빌,1,아파트
강남구,역삼동,1168010100,26,역삼한스빌,1,아파트
강남구,역삼동,1168010100,22356,예지인,1,아파트
강남구,역삼동,1168010100,26761,요진와이시티미니(도시형),1,아파트
강남구,역삼동,1168010100,35763,우리집(도),1,아파트
강남구,역삼동,1168010100,24,은하수,1,아파트
강남구,역삼동,1168010100,490648,일성빌라(도),1,아파트
강남구,역삼동,1168010100,20744,정원,1,아파트
강남구,역삼동,1168010100,14407,조이너스,1,아파트
강남구,역삼동,1168010100,34,지석천평대,1,아파트
강남구,역삼동,1168010100,47971,코너스톤(도),1,아파트
강남구,역삼동,1168010100,20981,탑팰리스,1,아파트
강남구,역삼동,1168010100,23288,테라힐스,1,아파트
강남구,역삼동,1168010100,25648,테헤란아이파크,1,아파트
강남구,역삼동,1168010100,18309,파크앤스위트.,1,아파트
강남구,역삼동,1168010100,25415,포스틸빌라트,1,아파트
강남구,역삼동,1168010100,23552,풍림지오빌.,1,아파트
강남구,역삼동,1168010100,42996,풍성애뜨란(도),1,아파트
강남구,역삼동,1168010100,39681,프리빌리지(도).,1,아파트
강남구,역삼동,1168010100,15502,프리우스역삼,1,아파트
강남구,역삼동,1168010100,20259,플래티늄,1,아파트
강남구,역삼동,1168010100,41156,하우스템(도).,1,아파트
강남구,역삼동,1168010100,20746,한양럭스,1,아파트
강남구,역삼동,1168010100,17,현대까르띠에710,1,아파트
강남구,역삼동,1168010100,25891,현대이스트빌,1,아파트
강남구,역삼동,1168010100,24688,현대하이츠,1,아파트
강남구,역삼동,1168010100,391367,휴먼스빌(도),1,아파트
강남구,율현동,1168011300,29886,강남한신휴플러스6단지,1,아파트
강남구,율현동,1168011300,30186,강남한신휴플러스8단지,1,아파트
강남구,일원동,1168011400,132,가람,1,아파트
강남구,일원동,1168011400,123,개포한신,1,아파트
강남구,일원동,1168011400,380699,골든빌(도),1,아파트
강남구,일원동,1168011400,385933,꿈지을(도),1,아파트
강남구,일원동,1168011400,425225,꿈피엠(도),1,아파트
강남구,일원동,1168011400,40929,디에이치자이개포,1,아파트
강남구,일원동,1168011400,45353,디에이치포레센트,1,아파트
강남구,일원동,1168011400,33251,래미안개포루체하임,1,아파트
강남구,일원동,1168011400,133,목련타운,1,아파트
강남구,일원동,1168011400,129,삼성사원.,1,아파트
강남구,일원동,1168011400,134,상록수,1,아파트
강남구,일원동,1168011400,131,샘터마을,1,아파트
강남구,일원동,1168011400,126,수서,1,아파트
강남구,일원동,1168011400,121,우성7차(개포),1,아파트
강남구,일원동,1168011400,127,청솔빌리지,1,아파트
강남구,일원동,1168011400,130,푸른마을,1,아파트
강남구,일원동,1168011400,135,한솔마을,1,아파트
강남구,일원동,1168011400,124,현대4차.,1,아파트
강남구,일원동,1168011400,125,호정빌라트,1,아파트
강남구,자곡동,1168011200,27268,LH강남브리즈힐,1,아파트
강남구,자곡동,1168011200,353888,강남리브엘(도시형),1,아파트
강남구,자곡동,1168011200,31944,강남자곡아이파크,1,아파트
강남구,자곡동,1168011200,429058,강남자곡힐스테이트,1,아파트
강남구,자곡동,1168011200,28602,강남한양수자인,1,아파트
강남구,자곡동,1168011200,47865,디아크리온강남,1,아파트
강남구,자곡동,1168011200,26542,래미안강남힐즈,1,아파트
강남구,자곡동,1168011200,28601,래미안포레,1,아파트
강남구,청담동,1168010400,646439,J&M하우스(도).,1,아파트
강남구,청담동,1168010400,293575,PH129,1,아파트
강남구,청담동,1168010400,43765,T.S.,1,아파트
강남구,청담동,1168010400,25743,강변상지리츠빌,1,아파트
강남구,청담동,1168010400,65,건영,1,아파트
강남구,청담동,1168010400,70,구산,1,아파트
강남구,청담동,1168010400,20335,뉴현대리버빌,1,아파트
강남구,청담동,1168010400,86,대림(e-편한세상),1,아파트
강남구,청담동,1168010400,24805,대우로얄카운티II,1,아파트
강남구,청담동,1168010400,88,대우로얄카운티III,1,아파트
강남구,청담동,1168010400,12230,대우로얄카운티V,1,아파트
강남구,청담동,1168010400,24551,대우리츠카운티,1,아파트
강남구,청담동,1168010400,11959,대우멤버스카운티Ⅱ,1,아파트
강남구,청담동,1168010400,40098,"더헤리움(A동,도시형)",1,아파트
강남구,청담동,1168010400,39488,더헤리움(B동),1,아파트
강남구,청담동,1168010400,31059,동궁빌리지.,1,아파트
강남구,청담동,1168010400,43435,두산,1,아파트
강남구,청담동,1168010400,2095060,레이어청담(도시형),1,아파트
강남구,청담동,1168010400,1849065,루시아청담546더리버,1,아파트
강남구,청담동,1168010400,24310,"마크힐스1,2단지",1,아파트
강남구,청담동,1168010400,71,목화,1,아파트
강남구,청담동,1168010400,23267,빌폴라리스,1,아파트
강남구,청담동,1168010400,91,삼성청담(래미안),1,아파트
강남구,청담동,1168010400,84,삼성청담공원,1,아파트
강남구,청담동,1168010400,73,삼호빌라,1,아파트
강남구,청담동,1168010400,83,삼환,1,아파트
강남구,청담동,1168010400,24879,상지리츠빌10차.,1,아파트
강남구,청담동,1168010400,24327,상지리츠빌4차,1,아파트
강남구,청담동,1168010400,24243,상지리츠빌5차,1,아파트
강남구,청담동,1168010400,18012,상지리츠빌6차,1,아파트
강남구,청담동,1168010400,25547,상지리츠빌9차,1,아파트
강남구,청담동,1168010400,21756,상지리츠빌카일룸2차,1,아파트
강남구,청담동,1168010400,25246,상지리츠빌카일룸3차,1,아파트
강남구,청담동,1168010400,23542,상지카일룸,1,아파트
강남구,청담동,1168010400,74,신동아,1,아파트
강남구,청담동,1168010400,85,씨티2차.,1,아파트
강남구,청담동,1168010400,75,씨티3차,1,아파트
강남구,청담동,1168010400,380454,아노스카운티빌라트,1,아파트
강남구,청담동,1168010400,303522,에비뉴나인티(도),1,아파트
강남구,청담동,1168010400,48354,에테르노청담,1,아파트
강남구,청담동,1168010400,77,엘지빌라,1,아파트
강남구,청담동,1168010400,29304,연세2차,1,아파트
강남구,청담동,1168010400,78,연세리버빌,1,아파트
강남구,청담동,1168010400,25144,연세리버빌3차,1,아파트
강남구,청담동,1168010400,24824,연세리버테라스,1,아파트
강남구,청담동,1168010400,24994,연세힐하우스I,1,아파트
강남구,청담동,1168010400,25504,연세힐하우스II,1,아파트
강남구,청담동,1168010400,23181,우성,1,아파트
강남구,청담동,1168010400,2145818,워너청담,1,아파트
강남구,청담동,1168010400,27625,이니그마빌II,1,아파트
강남구,청담동,1168010400,29142,이니그마빌Ⅰ,1,아파트
강남구,청담동,1168010400,60,진흥,1,아파트
강남구,청담동,1168010400,15898,청담2차 e-편한세상(204동),1,아파트
강남구,청담동,1168010400,21435,청담2차 e-편한세상(205동),1,아파트
강남구,청담동,1168010400,14186,청담2차e-편한세상,1,아파트
강남구,청담동,1168010400,21434,청담3차 e-편한세상,1,아파트
강남구,청담동,1168010400,21791,청담4차e-편한세상,1,아파트
강남구,청담동,1168010400,22483,청담8차 상지리츠빌,1,아파트
강남구,청담동,1168010400,30909,청담CJ빌리지,1,아파트
강남구,청담동,1168010400,36037,청담갤러리파크,1,아파트
강남구,청담동,1168010400,20821,청담대우로얄카운티6차,1,아파트
강남구,청담동,1168010400,27415,청담대우로얄카운티Ⅰ,1,아파트
강남구,청담동,1168010400,13134,청담대우멤버스카운티10차,1,아파트
강남구,청담동,1168010400,12704,청담대우멤버스카운티11차,1,아파트
강남구,청담동,1168010400,13135,청담대우멤버스카운티8차,1,아파트
강남구,청담동,1168010400,13136,청담대우멤버스카운티9차,1,아파트
강남구,청담동,1168010400,11961,청담대우멤버스카운티V,1,아파트
강남구,청담동,1168010400,12706,청담대우멤버스카운티VI,1,아파트
강남구,청담동,1168010400,12705,청담대우멤버스카운티Vll,1,아파트
강남구,청담동,1168010400,14272,청담대우멤버스카운티XII,1,아파트
강남구,청담동,1168010400,11960,청담대우멤버스카운티Ⅲ,1,아파트
강남구,청담동,1168010400,12508,청담대우유로카운티,1,아파트
강남구,청담동,1168010400,34518,청담동빌라,1,아파트
강남구,청담동,1168010400,72,청담동삼성1차,1,아파트
강남구,청담동,1168010400,14265,청담동양파라곤,1,아파트
강남구,청담동,1168010400,39571,청담디에브스,1,아파트
강남구,청담동,1168010400,36781,청담래미안로이뷰,1,아파트
강남구,청담동,1168010400,2092593,청담르엘,1,아파트
강남구,청담동,1168010400,31711,청담린든그로브,1,아파트
강남구,청담동,1168010400,34201,청담마크노빌,1,아파트
강남구,청담동,1168010400,26434,청담매스터빌,1,아파트
강남구,청담동,1168010400,21847,청담범신칼릭스빌,1,아파트
강남구,청담동,1168010400,22865,청담범신칼릭스빌2차,1,아파트
강남구,청담동,1168010400,25968,청담범신칼릭스빌3차,1,아파트
강남구,청담동,1168010400,48144,청담브르넨,1,아파트
강남구,청담동,1168010400,24702,청담상지리츠빌3차,1,아파트
강남구,청담동,1168010400,30496,청담스위트(도시형),1,아파트
강남구,청담동,1168010400,41207,청담스테이,1,아파트
강남구,청담동,1168010400,29800,청담아르지움(도),1,아파트
강남구,청담동,1168010400,67,청담아이파크(청구),1,아파트
강남구,청담동,1168010400,48108,청담어퍼하우스,1,아파트
강남구,청담동,1168010400,29428,청담연세파크빌,1,아파트
강남구,청담동,1168010400,20418,청담영풍마드레빌,1,아파트
강남구,청담동,1168010400,80,청담우방,1,아파트
강남구,청담동,1168010400,62,청담자이,1,아파트
강남구,청담동,1168010400,615704,청담클래스(도),1,아파트
강남구,청담동,1168010400,24280,청담파라곤Ⅱ 1단지,1,아파트
강남구,청담동,1168010400,24281,청담파라곤Ⅱ2단지,1,아파트
강남구,청담동,1168010400,27685,청담파크빌,1,아파트
강남구,청담동,1168010400,31215,청담포레,1,아파트
강남구,청담동,1168010400,64,청담현대3차,1,아파트
강남구,청담동,1168010400,31227,청담현대빌라트,1,아파트
강남구,청담동,1168010400,21386,청담휴먼스타빌,1,아파트
강남구,청담동,1168010400,79,청담힐,1,아파트
강남구,청담동,1168010400,89,프레힐청담,1,아파트
강남구,청담동,1168010400,27042,하우스에딘브로우,1,아파트
강남구,청담동,1168010400,87,한신오페라하우스(1차),1,아파트
강남구,청담동,1168010400,13829,한신오페라하우스2차,1,아파트
강남구,청담동,1168010400,48138,헤스티아,1,아파트
강남구,청담동,1168010400,68,현대(1차),1,아파트
강남구,청담동,1168010400,69,현대(2차),1,아파트
강남구,청담동,1168010400,81,현대(43-1),1,아파트
강남구,청담동,1168010400,82,현대한강.,1,아파트
강남구,청담동,1168010400,20627,호원,1,아파트
강남구,청담동,1168010400,45225,효성청담101,1,아파트
강남구,청담동,1168010400,385925,효성청담101 2차,1,아파트
서초구,내곡동,1165010900,28957,서초더샵포레,1,아파트
서초구,내곡동,1165010900,29663,서초포레스타2단지,1,아파트
서초구,반포동,1165010700,48262,강남원효성,1,아파트
서초구,반포동,1165010700,27554,골드넛멤버스빌리지,1,아파트
서초구,반포동,1165010700,21906,그랑빌.,1,아파트
서초구,반포동,1165010700,1585,그레메빌.,1,아파트
서초구,반포동,1165010700,1059529,그린피아,1,아파트
서초구,반포동,1165010700,24875,금정노블,1,아파트
서초구,반포동,1165010700,614721,노바월드(도),1,아파트
서초구,반포동,1165010700,1024507,노블하우스,1,아파트
서초구,반포동,1165010700,345951,노블하우스2,1,아파트
서초구,반포동,1165010700,1586,다우탑스빌라트,1,아파트
서초구,반포동,1165010700,30585,대백세인트빌,1,아파트
서초구,반포동,1165010700,12909,대성유니드,1,아파트
서초구,반포동,1165010700,352766,더샵반포리버파크,1,아파트
서초구,반포동,1165010700,20826,덕동반포빌라트,1,아파트
서초구,반포동,1165010700,435722,동성라벨뷰,1,아파트
서초구,반포동,1165010700,37155,드림펠리스,1,아파트
서초구,반포동,1165010700,44454,디에이치반포라클라스,1,아파트
서초구,반포동,1165010700,1587,라인,1,아파트
서초구,반포동,1165010700,20993,랑쉐빌,1,아파트
서초구,반포동,1165010700,381587,래미안원베일리,1,아파트
서초구,반포동,1165010700,1095811,래미안원펜타스,1,아파트
서초구,반포동,1165010700,21363,래미안퍼스티지,1,아파트
서초구,반포동,1165010700,29839,레베빌,1,아파트
서초구,반포동,1165010700,800339,레이나(도),1,아파트
서초구,반포동,1165010700,1075803,리더스빌,1,아파트
서초구,반포동,1165010700,1602,몽마르뜨빌,1,아파트
서초구,반포동,1165010700,2099931,몽마르뜨파크,1,아파트
서초구,반포동,1165010700,12275,반포3차상지리츠빌,1,아파트
서초구,반포동,1165010700,14674,반포SK뷰,1,아파트
서초구,반포동,1165010700,20483,반포SK아펠바움,1,아파트
서초구,반포동,1165010700,34483,반포TS프리우스.,1,아파트
서초구,반포동,1165010700,24298,반포대우멤버스카운티1차,1,아파트
서초구,반포동,1165010700,24302,반포대우멤버스카운티2차,1,아파트
서초구,반포동,1165010700,1597,반포두산힐스빌,1,아파트
서초구,반포동,1165010700,31983,반포래미안아이파크,1,아파트
서초구,반포동,1165010700,2140518,반포래미안트리니원,1,아파트
서초구,반포동,1165010700,14748,반포롯데캐슬오스카,1,아파트
서초구,반포동,1165010700,30699,반포루이캐슬,1,아파트
서초구,반포동,1165010700,23387,반포리체,1,아파트
서초구,반포동,1165010700,1576,반포미도(1차),1,아파트
서초구,반포동,1165010700,1596,반포미도2차,1,아파트
서초구,반포동,1165010700,1588,반포빌라트.,1,아파트
서초구,반포동,1165010700,20392,반포샤인힐4차,1,아파트
서초구,반포동,1165010700,37156,반포서래빌,1,아파트
서초구,반포동,1165010700,20641,반포서래월드메르디앙라스칼라,1,아파트
서초구,반포동,1165010700,47483,반포센트레빌아스테리움,1,아파트
서초구,반포동,1165010700,31997,반포써밋,1,아파트
서초구,반포동,1165010700,18539,반포쎄레노,1,아파트
서초구,반포동,1165010700,26393,반포아펠바움2차,1,아파트
서초구,반포동,1165010700,36076,반포이안애1차,1,아파트
서초구,반포동,1165010700,15891,반포자이,1,아파트
서초구,반포동,1165010700,20237,반포파크아파트1동,1,아파트
서초구,반포동,1165010700,19756,반포팰리스,1,아파트
서초구,반포동,1165010700,1584,반포푸르지오,1,아파트
서초구,반포동,1165010700,43202,반포피카소빌,1,아파트
서초구,반포동,1165010700,23679,"반포훼밀리(101동,102동)",1,아파트
서초구,반포동,1165010700,12015,"반포훼밀리(103,104동)",1,아파트
서초구,반포동,1165010700,22577,반포훼밀리(49-6),1,아파트
서초구,반포동,1165010700,22428,반포힐스테이트,1,아파트
서초구,반포동,1165010700,29556,베로니스6차,1,아파트
서초구,반포동,1165010700,21459,보아스힐,1,아파트
서초구,반포동,1165010700,1603,브리앙뜨,1,아파트
서초구,반포동,1165010700,434159,브리앙뜨3차,1,아파트
서초구,반포동,1165010700,477458,비버리힐즈,1,아파트
서초구,반포동,1165010700,40715,비엥에뜨르,1,아파트
서초구,반포동,1165010700,18543,산호.,1,아파트
서초구,반포동,1165010700,20670,삼광,1,아파트
서초구,반포동,1165010700,1606,삼성에이스빌,1,아파트
서초구,반포동,1165010700,42263,삼정,1,아파트
서초구,반포동,1165010700,1601,삼창골든,1,아파트
서초구,반포동,1165010700,1580,삼호가든5차.,1,아파트
서초구,반포동,1165010700,26838,상지리츠빌2차,1,아파트
서초구,반포동,1165010700,28043,새서울,1,아파트
서초구,반포동,1165010700,26571,새티스,1,아파트
서초구,반포동,1165010700,864001,서래더하임(도),1,아파트
서초구,반포동,1165010700,29174,서래루체,1,아파트
서초구,반포동,1165010700,44678,서래마을더루첸티,1,아파트
서초구,반포동,1165010700,42923,서래아르드빌,1,아파트
서초구,반포동,1165010700,323748,서초블랑빌.,1,아파트
서초구,반포동,1165010700,26960,선데일,1,아파트
서초구,반포동,1165010700,12466,솔레뉴,1,아파트
서초구,반포동,1165010700,1604,신구노빌리티,1,아파트
서초구,반포동,1165010700,1578,신반포궁전,1,아파트
서초구,반포동,1165010700,23677,신성리더스카운티,1,아파트
서초구,반포동,1165010700,25793,써니힐.,1,아파트
서초구,반포동,1165010700,31874,아델스빌1,1,아파트
서초구,반포동,1165010700,28770,아크로리버파크,1,아파트
서초구,반포동,1165010700,36737,에이아이디차관,1,아파트
서초구,반포동,1165010700,22977,엘리제빌,1,아파트
서초구,반포동,1165010700,1589,엠브이,1,아파트
서초구,반포동,1165010700,25486,예당하우스.,1,아파트
서초구,반포동,1165010700,33409,오성,1,아파트
서초구,반포동,1165010700,424269,위더스하임(도),1,아파트
서초구,반포동,1165010700,1590,일신반포빌라트,1,아파트
서초구,반포동,1165010700,27316,장원빌라트,1,아파트
서초구,반포동,1165010700,23082,정광,1,아파트
서초구,반포동,1165010700,36337,주공1단지,1,아파트
서초구,반포동,1165010700,1591,청광아트12차.,1,아파트
서초구,반포동,1165010700,488974,타운빌,1,아파트
서초구,반포동,1165010700,1605,태평아트,1,아파트
서초구,반포동,1165010700,1599,테마하우스,1,아파트
서초구,반포동,1165010700,28303,팔라디오.,1,아파트
서초구,반포동,1165010700,38871,펠리체.,1,아파트
서초구,반포동,1165010700,38908,프라임빌라트,1,아파트
서초구,반포동,1165010700,26029,프레스턴클래식,1,아파트
서초구,반포동,1165010700,29840,하늘바람.,1,아파트
서초구,반포동,1165010700,1583,한신서래,1,아파트
서초구,반포동,1165010700,1593,현대동궁,1,아파트
서초구,반포동,1165010700,1594,현대반포빌라트,1,아파트
서초구,반포동,1165010700,39331,효성(551-42),1,아파트
서초구,반포동,1165010700,346382,효성(69-1).,1,아파트
서초구,방배동,1165010100,1622,(구)삼호2차.,1,아파트
서초구,방배동,1165010100,1623,(구)삼호3차.,1,아파트
서초구,방배동,1165010100,1663,강남아트빌,1,아파트
서초구,방배동,1165010100,16582,강임하이빌,1,아파트
서초구,방배동,1165010100,1616,공작빌라트.,1,아파트
서초구,방배동,1165010100,20520,광해리드빌,1,아파트
서초구,방배동,1165010100,33855,그랑시엘3차,1,아파트
서초구,방배동,1165010100,1657,그랑씨엘2000,1,아파트
서초구,방배동,1165010100,24865,그린,1,아파트
서초구,방배동,1165010100,28577,나스빌.,1,아파트
서초구,방배동,1165010100,28810,나스빌3차,1,아파트
서초구,방배동,1165010100,33781,나스빌Ⅱ,1,아파트
서초구,방배동,1165010100,35964,나인빌.,1,아파트
서초구,방배동,1165010100,26793,네스코,1,아파트
서초구,방배동,1165010100,12195,네스코뮤즈빌,1,아파트
서초구,방배동,1165010100,41461,노블씨티,1,아파트
서초구,방배동,1165010100,18279,노블하우스3차,1,아파트
서초구,방배동,1165010100,21523,노블하임.,1,아파트
서초구,방배동,1165010100,33932,노블힐스,1,아파트
서초구,방배동,1165010100,29023,뉴캐슬,1,아파트
서초구,방배동,1165010100,18761,다솔,1,아파트
서초구,방배동,1165010100,24262,다움7차샤인힐,1,아파트
서초구,방배동,1165010100,545724,다원하이빌(도),1,아파트
서초구,방배동,1165010100,25287,다이너스티힐,1,아파트
서초구,방배동,1165010100,2136766,대건딜라이트,1,아파트
서초구,방배동,1165010100,1655,대우로얄빌라트,1,아파트
서초구,방배동,1165010100,1611,대우효령,1,아파트
서초구,방배동,1165010100,500534,더로드,1,아파트
서초구,방배동,1165010100,38622,더헤렌,1,아파트
서초구,방배동,1165010100,28139,덕산럭스,1,아파트
서초구,방배동,1165010100,1664,덕산홈타운,1,아파트
서초구,방배동,1165010100,340032,동광(라파예트),1,아파트
서초구,방배동,1165010100,1619,동광빌라트.,1,아파트
서초구,방배동,1165010100,12990,동부센트레빌,1,아파트
서초구,방배동,1165010100,1508443,두오모,1,아파트
서초구,방배동,1165010100,1620,두원,1,아파트
서초구,방배동,1165010100,384211,드림캐쳐(도),1,아파트
서초구,방배동,1165010100,26156,라온채,1,아파트
서초구,방배동,1165010100,1089194,라파르오뜨서래,1,아파트
서초구,방배동,1165010100,13069,래미안방배아트힐,1,아파트
서초구,방배동,1165010100,14117,래미안방배에버뉴,1,아파트
서초구,방배동,1165010100,1682100,래미안원페를라,1,아파트
서초구,방배동,1165010100,1077794,레베빌,1,아파트
서초구,방배동,1165010100,2145815,레베빌(799-6),1,아파트
서초구,방배동,1165010100,23285,레베빌2,1,아파트
서초구,방배동,1165010100,29159,렉스빌,1,아파트
서초구,방배동,1165010100,600803,로얄캐슬(도),1,아파트
서초구,방배동,1165010100,2146458,롯데(987-1),1,아파트
서초구,방배동,1165010100,2148455,롯데빌라트2차,1,아파트
서초구,방배동,1165010100,1660,롯데캐슬파크,1,아파트
서초구,방배동,1165010100,432610,루바토(도),1,아파트
서초구,방배동,1165010100,24673,루이스캐슬,1,아파트
서초구,방배동,1165010100,34155,르가든5차,1,아파트
서초구,방배동,1165010100,31936,르가든6차,1,아파트
서초구,방배동,1165010100,31945,리가든1차.,1,아파트
서초구,방배동,1165010100,42722,리가든7차,1,아파트
서초구,방배동,1165010100,36882,리베하임,1,아파트
서초구,방배동,1165010100,43904,리벨루스,1,아파트
서초구,방배동,1165010100,29072,리전트가든,1,아파트
서초구,방배동,1165010100,42281,리치팰리스,1,아파트
서초구,방배동,1165010100,41873,멤버스빌,1,아파트
서초구,방배동,1165010100,1649,멤피스빌,1,아파트
서초구,방배동,1165010100,1089978,바흐하우스반포캐슬(민간임대),1,아파트
서초구,방배동,1165010100,27928,방배(명지해드는터),1,아파트
서초구,방배동,1165010100,1639,방배1차현대,1,아파트
서초구,방배동,1165010100,12427,방배2차e-편한세상,1,아파트
서초구,방배동,1165010100,20223,방배2차상지리츠빌,1,아파트
서초구,방배동,1165010100,1615,방배2차현대홈타운,1,아파트
서초구,방배동,1165010100,13993,방배3차e-편한세상,1,아파트
서초구,방배동,1165010100,12622,방배3차현대홈타운,1,아파트
서초구,방배동,1165010100,26733,방배CJ나인빌리지,1,아파트
서초구,방배동,1165010100,30529,방배CJ나인빌리지2차,1,아파트
서초구,방배동,1165010100,14559,방배IPARK,1,아파트
서초구,방배동,1165010100,20516,방배N스위트,1,아파트
서초구,방배동,1165010100,12303,방배e-편한세상(1차),1,아파트
서초구,방배동,1165010100,35220,방배갤러리하우스,1,아파트
서초구,방배동,1165010100,29040,방배그랑씨엘,1,아파트
서초구,방배동,1165010100,45354,방배그랑자이,1,아파트
서초구,방배동,1165010100,1642,방배금강(프리빌),1,아파트
서초구,방배동,1165010100,46099,방배노블루체서리풀(도),1,아파트
서초구,방배동,1165010100,43165,방배다움샤인힐,1,아파트
서초구,방배동,1165010100,12460,방배대성유니드,1,아파트
서초구,방배동,1165010100,1618,방배대우(대우사원),1,아파트
서초구,방배동,1165010100,20153,방배대우멤버스카운티,1,아파트
서초구,방배동,1165010100,18073,방배대우멤버스카운티201,1,아파트
서초구,방배동,1165010100,12720,방배대우멤버스카운티301,1,아파트
서초구,방배동,1165010100,12719,방배대우멤버스카운티V,1,아파트
서초구,방배동,1165010100,20486,방배대우멤버스카운티Ⅵ,1,아파트
서초구,방배동,1165010100,1644,방배대우유로카운티,1,아파트
서초구,방배동,1165010100,2144447,방배더유엘포레,1,아파트
서초구,방배동,1165010100,13141,방배동 동양파라곤,1,아파트
서초구,방배동,1165010100,1636,방배동 빌라트,1,아파트
서초구,방배동,1165010100,24745,방배동 아파트,1,아파트
서초구,방배동,1165010100,12718,방배동롯데캐슬포레스트,1,아파트
서초구,방배동,1165010100,1621,방배동빌라트,1,아파트
서초구,방배동,1165010100,12327,방배래미안(1차),1,아파트
서초구,방배동,1165010100,13180,방배래미안타워,1,아파트
서초구,방배동,1165010100,30121,방배렉슬,1,아파트
서초구,방배동,1165010100,41360,방배렉슬Ⅱ.,1,아파트
서초구,방배동,1165010100,21667,방배롯데캐슬로제,1,아파트
서초구,방배동,1165010100,26102,방배롯데캐슬아르떼,1,아파트
서초구,방배동,1165010100,14684,방배롯데캐슬오스카,1,아파트
서초구,방배동,1165010100,20176,방배리치빌,1,아파트
서초구,방배동,1165010100,29524,방배베벌리힐즈2차,1,아파트
서초구,방배동,1165010100,12016,방배브라운가,1,아파트
서초구,방배동,1165010100,12236,방배블레스밸리,1,아파트
서초구,방배동,1165010100,40267,방배비젼21빌라트,1,아파트
서초구,방배동,1165010100,427729,방배빌리지5차(도),1,아파트
서초구,방배동,1165010100,18320,방배삼성홈타운,1,아파트
서초구,방배동,1165010100,1306362,"방배삼호(12,13동)",1,아파트
서초구,방배동,1165010100,1608,방배삼호(신삼호),1,아파트
서초구,방배동,1165010100,26776,방배상지리츠빌4차,1,아파트
서초구,방배동,1165010100,26899,방배상지리츠빌5차,1,아파트
서초구,방배동,1165010100,32427,방배상지리츠빌7차,1,아파트
서초구,방배동,1165010100,33209,방배상지리츠빌8차,1,아파트
서초구,방배동,1165010100,36096,방배샤인힐6차,1,아파트
서초구,방배동,1165010100,15968,방배서리풀e편한세상,1,아파트
서초구,방배동,1165010100,41236,방배서리풀그랑블,1,아파트
서초구,방배동,1165010100,488015,방배서리풀빌리지(도),1,아파트
서초구,방배동,1165010100,15209,방배서리풀힐스,1,아파트
서초구,방배동,1165010100,434179,방배센트레빌인더포레(도시형),1,아파트
서초구,방배동,1165010100,1100626,방배시티빌I(도시형),1,아파트
서초구,방배동,1165010100,1645,방배신동아럭스빌,1,아파트
서초구,방배동,1165010100,1652,방배신주,1,아파트
서초구,방배동,1165010100,34390,방배써니힐즈,1,아파트
서초구,방배동,1165010100,1640,방배씨티,1,아파트
서초구,방배동,1165010100,26388,방배아크빌,1,아파트
서초구,방배동,1165010100,14009,방배아트e-편한세상,1,아파트
서초구,방배동,1165010100,35419,방배아트자이,1,아파트
서초구,방배동,1165010100,20545,방배아펠바움,1,아파트
서초구,방배동,1165010100,303563,방배어반스테이(도),1,아파트
서초구,방배동,1165010100,15818,방배어울림,1,아파트
서초구,방배동,1165010100,1627,방배우성,1,아파트
서초구,방배동,1165010100,14116,방배이연아마빌레,1,아파트
서초구,방배동,1165010100,1629,방배임광(3차),1,아파트
서초구,방배동,1165010100,13352,방배자이,1,아파트
서초구,방배동,1165010100,425029,방배중앙센트레빌,1,아파트
서초구,방배동,1165010100,25533,방배타운하우스.,1,아파트
서초구,방배동,1165010100,12017,방배트리플,1,아파트
서초구,방배동,1165010100,39242,방배푸른채(도),1,아파트
서초구,방배동,1165010100,429920,방배하이빌9차(도),1,아파트
서초구,방배동,1165010100,13231,방배한진로즈힐,1,아파트
서초구,방배동,1165010100,1641,방배한화,1,아파트
서초구,방배동,1165010100,50680,방배헤스티아2(도),1,아파트
서초구,방배동,1165010100,1646,방배현대멤피스2,1,아파트
서초구,방배동,1165010100,12277,방배호원,1,아파트
서초구,방배동,1165010100,1653,방배홈타운,1,아파트
서초구,방배동,1165010100,48518,방배힐1차,1,아파트
서초구,방배동,1165010100,34264,방배힐2차,1,아파트
서초구,방배동,1165010100,31946,백야(리가든2차),1,아파트
서초구,방배동,1165010100,38591,베로니스2차,1,아파트
서초구,방배동,1165010100,2099013,베로니스3차,1,아파트
서초구,방배동,1165010100,429332,베로니스5차,1,아파트
서초구,방배동,1165010100,48223,베로니스9차,1,아파트
서초구,방배동,1165010100,35023,벨루체팰리스,1,아파트
서초구,방배동,1165010100,29318,보아스방배,1,아파트
서초구,방배동,1165010100,31886,부에나비스타,1,아파트
서초구,방배동,1165010100,13621,브라운스톤방배,1,아파트
서초구,방배동,1165010100,13440,브라운스톤효령,1,아파트
서초구,방배동,1165010100,46039,비욘디에,1,아파트
서초구,방배동,1165010100,22599,비전힐,1,아파트
서초구,방배동,1165010100,1659,비젼21(2차),1,아파트
서초구,방배동,1165010100,49337,비하우스,1,아파트
서초구,방배동,1165010100,50148,빌라도르,1,아파트
서초구,방배동,1165010100,1633,삼원주택(방배필그린),1,아파트
서초구,방배동,1165010100,1612,삼익.,1,아파트
서초구,방배동,1165010100,1613,삼호(1차),1,아파트
서초구,방배동,1165010100,1610,삼호한숲,1,아파트
서초구,방배동,1165010100,1647,삼환나띠르빌,1,아파트
서초구,방배동,1165010100,34333,상록리츠콤,1,아파트
서초구,방배동,1165010100,26634,상지리츠빌1차,1,아파트
서초구,방배동,1165010100,26637,상지리츠빌3차,1,아파트
서초구,방배동,1165010100,26636,상지리츠빌6차,1,아파트
서초구,방배동,1165010100,49453,서리풀래디앙,1,아파트
서초구,방배동,1165010100,48966,서리풀프라젠,1,아파트
서초구,방배동,1165010100,1631,서울탑빌라트,1,아파트
서초구,방배동,1165010100,1648,서초ESA3차,1,아파트
서초구,방배동,1165010100,44275,서초라임스(도),1,아파트
서초구,방배동,1165010100,39724,서초훼미리하우스,1,아파트
서초구,방배동,1165010100,20339,선영베스트,1,아파트
서초구,방배동,1165010100,19430,설록,1,아파트
서초구,방배동,1165010100,26384,성지라빌레뜨,1,아파트
서초구,방배동,1165010100,28729,쉬크빌,1,아파트
서초구,방배동,1165010100,48141,스톤힐스,1,아파트
서초구,방배동,1165010100,19871,승원아트빌,1,아파트
서초구,방배동,1165010100,1624,신구,1,아파트
서초구,방배동,1165010100,29089,신구레베빌,1,아파트
서초구,방배동,1165010100,32180,신구레베빌14차,1,아파트
서초구,방배동,1165010100,1614,신동아,1,아파트
서초구,방배동,1165010100,18656,신원아침도시,1,아파트
서초구,방배동,1165010100,33414,신한엔시모,1,아파트
서초구,방배동,1165010100,18581,신호.,1,아파트
서초구,방배동,1165010100,20581,신호나이스.,1,아파트
서초구,방배동,1165010100,1617,쌍용예가클래식,1,아파트
서초구,방배동,1165010100,1661,아이리스,1,아파트
서초구,방배동,1165010100,29795,아이리스빌.,1,아파트
서초구,방배동,1165010100,48666,어번테라스3차,1,아파트
서초구,방배동,1165010100,29219,어퍼하우스,1,아파트
서초구,방배동,1165010100,2104994,어퍼하우스2,1,아파트
서초구,방배동,1165010100,546889,엘루크방배서리풀(도시형),1,아파트
서초구,방배동,1165010100,26145,엘르빌,1,아파트
서초구,방배동,1165010100,37834,엘프에스토,1,아파트
서초구,방배동,1165010100,29076,영지아트,1,아파트
서초구,방배동,1165010100,1638,영진,1,아파트
서초구,방배동,1165010100,26413,예림,1,아파트
서초구,방배동,1165010100,25773,오필리아,1,아파트
서초구,방배동,1165010100,20511,용성빌리지,1,아파트
서초구,방배동,1165010100,1651,우평,1,아파트
서초구,방배동,1165010100,25298,월드빌라트(798-5),1,아파트
서초구,방배동,1165010100,1628,월드빌라트(999),1,아파트
서초구,방배동,1165010100,1656,월드빌리지.,1,아파트
서초구,방배동,1165010100,431954,윈저빌,1,아파트
서초구,방배동,1165010100,1609,임광(1차/2차),1,아파트
서초구,방배동,1165010100,48199,자현유하우스,1,아파트
서초구,방배동,1165010100,35900,장원라빌레뜨,1,아파트
서초구,방배동,1165010100,1650,정림,1,아파트
서초구,방배동,1165010100,42464,제네시스빌(도),1,아파트
서초구,방배동,1165010100,499941,지오지안방배(도),1,아파트
서초구,방배동,1165010100,29676,청광빌라트.,1,아파트
서초구,방배동,1165010100,1643,청광아트빌14차,1,아파트
서초구,방배동,1165010100,1630,청암.,1,아파트
서초구,방배동,1165010100,35780,캐슬렉스,1,아파트
서초구,방배동,1165010100,302747,코트빌,1,아파트
서초구,방배동,1165010100,45754,"클라인하우제방배(민간임대,도시형)",1,아파트
서초구,방배동,1165010100,647440,클래스원(도).,1,아파트
서초구,방배동,1165010100,15210,태림,1,아파트
서초구,방배동,1165010100,1632,태화.,1,아파트
서초구,방배동,1165010100,2150668,트윈캐슬(도시형),1,아파트
서초구,방배동,1165010100,24684,파라다이스,1,아파트
서초구,방배동,1165010100,1044079,파세지아타,1,아파트
서초구,방배동,1165010100,1658,파인빌리지,1,아파트
서초구,방배동,1165010100,1077379,판테온,1,아파트
서초구,방배동,1165010100,1925511,판테옹,1,아파트
서초구,방배동,1165010100,37504,팔라티노,1,아파트
서초구,방배동,1165010100,25618,퍼시픽56차,1,아파트
서초구,방배동,1165010100,42738,포레빌.,1,아파트
서초구,방배동,1165010100,38698,포렛힐,1,아파트
서초구,방배동,1165010100,43306,폴라씨엘로,1,아파트
서초구,방배동,1165010100,21020,푸른마을,1,아파트
서초구,방배동,1165010100,26599,프라하임1차,1,아파트
서초구,방배동,1165010100,26003,프레스턴(1-119),1,아파트
서초구,방배동,1165010100,25998,프레스턴(1-62),1,아파트
서초구,방배동,1165010100,21331,프리우스,1,아파트
서초구,방배동,1165010100,30163,하늘바람,1,아파트
서초구,방배동,1165010100,26195,한화엘르빌.,1,아파트
서초구,방배동,1165010100,477952,헤리티지(도),1,아파트
서초구,방배동,1165010100,1637,현대멤피스,1,아파트
서초구,방배동,1165010100,1635,현대빌라트(5층),1,아파트
서초구,방배동,1165010100,25506,현대쉴러하우스,1,아파트
서초구,방배동,1165010100,20608,현대아르,1,아파트
서초구,방배동,1165010100,1654,현대오페라하우스,1,아파트
서초구,방배동,1165010100,1662,현대오페라하우스2차,1,아파트
서초구,방배동,1165010100,2308957,혜연빌(도시형),1,아파트
서초구,방배동,1165010100,13725,황실자이,1,아파트
서초구,방배동,1165010100,35022,효령파크뷰(도),1,아파트
서초구,방배동,1165010100,46218,훼미리타운,1,아파트
서초구,방배동,1165010100,28168,훼미리타운(도).,1,아파트
서초구,방배동,1165010100,40505,힐스나인빌리지,1,아파트
서초구,방배동,1165010100,42863,힐하우스,1,아파트
서초구,서초동,1165010800,338325,DK밸리뷰서초2차(도시형),1,아파트
서초구,서초동,1165010800,42208,DK밸리뷰시티,1,아파트
서초구,서초동,1165010800,20850,JC라디앙,1,아파트
서초구,서초동,1165010800,2151056,PH1603(도시형),1,아파트
서초구,서초동,1165010800,19763,TS프리우스,1,아파트
서초구,서초동,1165010800,1709,갤러리하우스,1,아파트
서초구,서초동,1165010800,378718,갤러리호(도).,1,아파트
서초구,서초동,1165010800,13765,경남아너스빌,1,아파트
서초구,서초동,1165010800,14404,경남아너스빌(1608-28),1,아파트
서초구,서초동,1165010800,20374,그린월드,1,아파트
서초구,서초동,1165010800,20215,끄레메빌,1,아파트
서초구,서초동,1165010800,29209,다솔,1,아파트
서초구,서초동,1165010800,21056,다우월드,1,아파트
서초구,서초동,1165010800,30829,대경벨로체,1,아파트
서초구,서초동,1165010800,24294,대상파크빌,1,아파트
서초구,서초동,1165010800,12446,대성유니드,1,아파트
서초구,서초동,1165010800,13492,더미켈란,1,아파트
서초구,서초동,1165010800,36277,더샵오데움,1,아파트
서초구,서초동,1165010800,36056,더샵오데움(105동),1,아파트
서초구,서초동,1165010800,50284,더아크리움,1,아파트
서초구,서초동,1165010800,436012,더클래스(도),1,아파트
서초구,서초동,1165010800,1039524,더프레임서초(도시형),1,아파트
서초구,서초동,1165010800,25672,도무스,1,아파트
서초구,서초동,1165010800,31140,동아(도시형),1,아파트
서초구,서초동,1165010800,1706,동원베네스트,1,아파트
서초구,서초동,1165010800,15999,두산위브트레지움,1,아파트
서초구,서초동,1165010800,48225,두원에코타운(도),1,아파트
서초구,서초동,1165010800,1678,두진한아름,1,아파트
서초구,서초동,1165010800,26181,라파엘로,1,아파트
서초구,서초동,1165010800,44285,래미안리더스원,1,아파트
서초구,서초동,1165010800,14040,래미안서초3차,1,아파트
서초구,서초동,1165010800,36741,래미안서초4차,1,아파트
서초구,서초동,1165010800,13956,래미안서초7차,1,아파트
서초구,서초동,1165010800,15998,래미안서초스위트,1,아파트
서초구,서초동,1165010800,29879,래미안서초에스티지,1,아파트
서초구,서초동,1165010800,32109,래미안서초에스티지S,1,아파트
서초구,서초동,1165010800,28803,로얄파크,1,아파트
서초구,서초동,1165010800,27926,로얄하이츠,1,아파트
서초구,서초동,1165010800,1676,롯데캐슬84.,1,아파트
서초구,서초동,1165010800,12020,롯데캐슬SPA,1,아파트
서초구,서초동,1165010800,13276,롯데캐슬주피터,1,아파트
서초구,서초동,1165010800,14066,롯데캐슬클래식,1,아파트
서초구,서초동,1165010800,45666,루컴즈힐서리풀,1,아파트
서초구,서초동,1165010800,35385,리안하우스,1,아파트
서초구,서초동,1165010800,18115,마샹스1차,1,아파트
서초구,서초동,1165010800,18853,마샹스2차,1,아파트
서초구,서초동,1165010800,29961,마제스타시티힐스테이트서리풀,1,아파트
서초구,서초동,1165010800,1679,베스트빌라,1,아파트
서초구,서초동,1165010800,25330,벽산서초블루밍,1,아파트
서초구,서초동,1165010800,27449,보미리즌빌,1,아파트
서초구,서초동,1165010800,49918,비버리캐슬,1,아파트
서초구,서초동,1165010800,1690,삼성서초가든스위트,1,아파트
서초구,서초동,1165010800,1666,삼풍,1,아파트
서초구,서초동,1165010800,23064,상지리츠빌,1,아파트
서초구,서초동,1165010800,23068,상지리츠빌 서초6차,1,아파트
서초구,서초동,1165010800,19905,새티스(1435-2),1,아파트
서초구,서초동,1165010800,21421,새티스(1472-21).,1,아파트
서초구,서초동,1165010800,1716,샹보르,1,아파트
서초구,서초동,1165010800,48339,서리풀블레스빌,1,아파트
서초구,서초동,1165010800,33265,서리풀월드메르디앙레브,1,아파트
서초구,서초동,1165010800,18715,서린,1,아파트
서초구,서초동,1165010800,1712,서신,1,아파트
서초구,서초동,1165010800,21075,서초,1,아파트
서초구,서초동,1165010800,21049,서초10차상지리츠빌,1,아파트
서초구,서초동,1165010800,12957,서초1차e-편한세상,1,아파트
서초구,서초동,1165010800,18778,서초1차엔-스위트,1,아파트
서초구,서초동,1165010800,13243,서초2차e-편한세상,1,아파트
서초구,서초동,1165010800,14553,서초3차e-편한세상,1,아파트
서초구,서초동,1165010800,1686,서초3차현대,1,아파트
서초구,서초동,1165010800,23066,서초4차 상지리츠빌,1,아파트
서초구,서초동,1165010800,1670,서초4차현대,1,아파트
서초구,서초동,1165010800,14554,서초5차e-편한세상,1,아파트
서초구,서초동,1165010800,21048,서초8차상지리츠빌,1,아파트
서초구,서초동,1165010800,19833,서초SK뷰,1,아파트
서초구,서초동,1165010800,47707,서초가람,1,아파트
서초구,서초동,1165010800,22976,서초교대e편한세상,1,아파트
서초구,서초동,1165010800,46168,서초그랑자이,1,아파트
서초구,서초동,1165010800,12274,서초극동스타클래스1,1,아파트
서초구,서초동,1165010800,14301,서초극동스타클래스II,1,아파트
서초구,서초동,1165010800,1700,서초금호어울림,1,아파트
서초구,서초동,1165010800,25545,서초네스피아,1,아파트
서초구,서초동,1165010800,47386,서초노블레스(1560-7),1,아파트
서초구,서초동,1165010800,19729,서초노빌리에,1,아파트
서초구,서초동,1165010800,1698,서초녹원,1,아파트
서초구,서초동,1165010800,323996,서초다솔맴버스,1,아파트
서초구,서초동,1165010800,23228,서초대림빌라트,1,아파트
서초구,서초동,1165010800,20621,서초대성유니드,1,아파트
서초구,서초동,1165010800,36653,서초대우,1,아파트
서초구,서초동,1165010800,25068,서초대우빌라로얄카운티,1,아파트
서초구,서초동,1165010800,1677,서초동 동아빌라트,1,아파트
서초구,서초동,1165010800,12170,서초동IPARK,1,아파트
서초구,서초동,1165010800,15815,서초동동일하이빌,1,아파트
서초구,서초동,1165010800,13452,서초동롯데캐슬리버티,1,아파트
서초구,서초동,1165010800,23060,서초동아,1,아파트
서초구,서초동,1165010800,12750,서초동풍림아이원,1,아파트
서초구,서초동,1165010800,13494,서초두산위브2,1,아파트
서초구,서초동,1165010800,35987,서초드림하이츠.,1,아파트
서초구,서초동,1165010800,12018,서초래미안,1,아파트
서초구,서초동,1165010800,13730,서초래미안5차,1,아파트
서초구,서초동,1165010800,13906,서초래미안6차,1,아파트
서초구,서초동,1165010800,1710,서초로얄,1,아파트
서초구,서초동,1165010800,20721,서초로얄스위트,1,아파트
서초구,서초동,1165010800,26499,서초로즈힐,1,아파트
서초구,서초동,1165010800,26329,서초롯데캐슬프레지던트,1,아파트
서초구,서초동,1165010800,22567,서초리젠,1,아파트
서초구,서초동,1165010800,15354,서초벽산블루밍,1,아파트
서초구,서초동,1165010800,37906,서초블레스.,1,아파트
서초구,서초동,1165010800,48740,서초블리스,1,아파트
서초구,서초동,1165010800,1688,서초삼성래미안,1,아파트
서초구,서초동,1165010800,26695,서초삼원그린빌,1,아파트
서초구,서초동,1165010800,23065,서초상지리츠빌,1,아파트
서초구,서초동,1165010800,20660,서초상지리츠빌1차,1,아파트
서초구,서초동,1165010800,23067,서초상지리츠빌5차,1,아파트
서초구,서초동,1165010800,23113,서초상지리츠빌7차,1,아파트
서초구,서초동,1165010800,39089,서초센트럴아이파크,1,아파트
서초구,서초동,1165010800,21575,서초스위트빌,1,아파트
서초구,서초동,1165010800,14557,서초신원아침도시2차,1,아파트
서초구,서초동,1165010800,13948,서초쌍용플래티넘,1,아파트
서초구,서초동,1165010800,1717,서초아크빌,1,아파트
서초구,서초동,1165010800,1028885,서초아트래디앙,1,아파트
서초구,서초동,1165010800,1083486,서초아트빌.,1,아파트
서초구,서초동,1165010800,24786,서초에버빌.,1,아파트
서초구,서초동,1165010800,20332,서초에지앙,1,아파트
서초구,서초동,1165010800,25987,서초엔-스위트2차,1,아파트
서초구,서초동,1165010800,30715,서초연우,1,아파트
서초구,서초동,1165010800,12021,서초예성그린,1,아파트
서초구,서초동,1165010800,13907,서초오로라,1,아파트
서초구,서초동,1165010800,19801,서초우방유쉘,1,아파트
서초구,서초동,1165010800,37800,서초웰하우스,1,아파트
서초구,서초동,1165010800,30436,서초자연인,1,아파트
서초구,서초동,1165010800,33332,서초자연인(도),1,아파트
서초구,서초동,1165010800,14031,서초자이,1,아파트
서초구,서초동,1165010800,312975,서초자이르네,1,아파트
서초구,서초동,1165010800,20962,서초지웰,1,아파트
서초구,서초동,1165010800,13321,서초캐슬,1,아파트
서초구,서초동,1165010800,26213,서초코아,1,아파트
서초구,서초동,1165010800,1708,서초타워씨티빌(선경),1,아파트
서초구,서초동,1165010800,12197,서초태동스위트,1,아파트
서초구,서초동,1165010800,25290,서초트레져,1,아파트
서초구,서초동,1165010800,29882,서초푸르지오써밋,1,아파트
서초구,서초동,1165010800,27101,서초프라임빌,1,아파트
서초구,서초동,1165010800,346219,서초프라임헤센,1,아파트
서초구,서초동,1165010800,25431,서초프레스턴-1,1,아파트
서초구,서초동,1165010800,25432,서초프레스턴-2,1,아파트
서초구,서초동,1165010800,33410,서초프레스티지,1,아파트
서초구,서초동,1165010800,1669,서초한빛삼성,1,아파트
서초구,서초동,1165010800,25414,서초한양수자인,1,아파트
서초구,서초동,1165010800,1689,서초한일,1,아파트
서초구,서초동,1165010800,1696,서초현대,1,아파트
서초구,서초동,1165010800,1697,서초현대리츠빌,1,아파트
서초구,서초동,1165010800,14555,서초현대홈타운,1,아파트
서초구,서초동,1165010800,1715,서초힐하우스,1,아파트
서초구,서초동,1165010800,21002,수광빌라트.,1,아파트
서초구,서초동,1165010800,426723,스타시드(도),1,아파트
서초구,서초동,1165010800,20213,신구블레스벨리,1,아파트
서초구,서초동,1165010800,12830,신원아침도시,1,아파트
서초구,서초동,1165010800,1672,아남,1,아파트
서초구,서초동,1165010800,22104,아이파크빌,1,아파트
서초구,서초동,1165010800,24738,애지앙,1,아파트
서초구,서초동,1165010800,49274,에비앙하우스(도),1,아파트
서초구,서초동,1165010800,20715,엘리제,1,아파트
서초구,서초동,1165010800,22482,예림,1,아파트
서초구,서초동,1165010800,27993,옥스포드빌,1,아파트
서초구,서초동,1165010800,32270,옥스포드빌2차.,1,아파트
서초구,서초동,1165010800,44512,와이에이치빌리지,1,아파트
서초구,서초동,1165010800,1673,우성(5차),1,아파트
서초구,서초동,1165010800,13173,우정에쉐르,1,아파트
서초구,서초동,1165010800,1707,월드메르디앙(1549-3),1,아파트
서초구,서초동,1165010800,1703,월드메르디앙(1634-9),1,아파트
서초구,서초동,1165010800,12851,월드메르디앙오페라하우스,1,아파트
서초구,서초동,1165010800,1682,월드빌라트,1,아파트
서초구,서초동,1165010800,1674,유원서초,1,아파트
서초구,서초동,1165010800,12286,장미,1,아파트
서초구,서초동,1165010800,1683,장복엘리트타운,1,아파트
서초구,서초동,1165010800,20238,진성그린,1,아파트
서초구,서초동,1165010800,1668,진흥,1,아파트
서초구,서초동,1165010800,1695,초원현대,1,아파트
서초구,서초동,1165010800,30792,칼리아빌.,1,아파트
서초구,서초동,1165010800,1684,트라움하우스2차,1,아파트
서초구,서초동,1165010800,21060,트라움하우스3차,1,아파트
서초구,서초동,1165010800,21061,트라움하우스5차,1,아파트
서초구,서초동,1165010800,347066,파크힐스1,1,아파트
서초구,서초동,1165010800,347067,파크힐스2,1,아파트
서초구,서초동,1165010800,1098818,팬타트럼1단지(도시형),1,아파트
서초구,서초동,1165010800,1098817,팬타트럼2단지(도시형),1,아파트
서초구,서초동,1165010800,21272,한성,1,아파트
서초구,서초동,1165010800,12721,한승미메이드,1,아파트
서초구,서초동,1165010800,1691,한신(플러스타운),1,아파트
서초구,서초동,1165010800,499537,해오름빌(도),1,아파트
서초구,서초동,1165010800,23771,햄튼코트,1,아파트
서초구,서초동,1165010800,42766,헤센파크힐,1,아파트
서초구,서초동,1165010800,1675,현대,1,아파트
서초구,서초동,1165010800,23404,현대빌리지,1,아파트
서초구,서초동,1165010800,1685,현대서초빌라트(1495-1),1,아파트
서초구,서초동,1165010800,1687,현대서초빌라트(1497-18),1,아파트
서초구,서초동,1165010800,22987,현대임페리움,1,아파트
서초구,서초동,1165010800,20159,화원그랑빌,1,아파트
서초구,신원동,1165011100,28959,서초포레스타3단지,1,아파트
서초구,신원동,1165011100,28960,서초포레스타5단지,1,아파트
서초구,신원동,1165011100,29664,서초포레스타6단지,1,아파트
서초구,신원동,1165011100,27988,서초포레스타7단지,1,아파트
서초구,신원동,1165011100,28230,힐스테이트서초젠트리스,1,아파트
서초구,양재동,1165010200,382058,강남월드메르디앙프레스티지,1,아파트
서초구,양재동,1165010200,28731,경희궁,1,아파트
서초구,양재동,1165010200,34773,광정,1,아파트
서초구,양재동,1165010200,1736,그린씨티.,1,아파트
서초구,양재동,1165010200,23216,금강,1,아파트
서초구,양재동,1165010200,1734,금일,1,아파트
서초구,양재동,1165010200,18690,길명오퍼스,1,아파트
서초구,양재동,1165010200,42606,노블하우스.,1,아파트
서초구,양재동,1165010200,1732,누리빌.,1,아파트
서초구,양재동,1165010200,24482,뉴현대,1,아파트
서초구,양재동,1165010200,19354,다원,1,아파트
서초구,양재동,1165010200,37034,대흥.,1,아파트
서초구,양재동,1165010200,24283,동원,1,아파트
서초구,양재동,1165010200,19650,동원그린.,1,아파트
서초구,양재동,1165010200,21310,드림팰리스101동,1,아파트
서초구,양재동,1165010200,344998,런던빌양재,1,아파트
서초구,양재동,1165010200,48716,리시본하우스,1,아파트
서초구,양재동,1165010200,28119,리젠시,1,아파트
서초구,양재동,1165010200,23735,리치스.,1,아파트
서초구,양재동,1165010200,23100,마로니에,1,아파트
서초구,양재동,1165010200,21559,메르디안하우스,1,아파트
서초구,양재동,1165010200,18738,메이저,1,아파트
서초구,양재동,1165010200,2308649,모나코(도시형),1,아파트
서초구,양재동,1165010200,1719,미라보,1,아파트
서초구,양재동,1165010200,18421,미영,1,아파트
서초구,양재동,1165010200,40006,반트하임(도),1,아파트
서초구,양재동,1165010200,18953,베누시아,1,아파트
서초구,양재동,1165010200,24473,블루하이츠,1,아파트
서초구,양재동,1165010200,38076,비버리하임(도시형),1,아파트
서초구,양재동,1165010200,50375,비젼(101동),1,아파트
서초구,양재동,1165010200,12022,"비젼(102,103동)",1,아파트
서초구,양재동,1165010200,1720,삼익양재빌라,1,아파트
서초구,양재동,1165010200,1728,새티스(359),1,아파트
서초구,양재동,1165010200,30329,새티스(402-10),1,아파트
서초구,양재동,1165010200,421661,서초,1,아파트
서초구,양재동,1165010200,43010,서초미르,1,아파트
서초구,양재동,1165010200,39327,선경에버빌,1,아파트
서초구,양재동,1165010200,1726,성영,1,아파트
서초구,양재동,1165010200,1729,시그마.,1,아파트
서초구,양재동,1165010200,1723,신영체르니,1,아파트
서초구,양재동,1165010200,1725,아원데코빌,1,아파트
서초구,양재동,1165010200,18424,양재.,1,아파트
서초구,양재동,1165010200,1721,양재대웅,1,아파트
서초구,양재동,1165010200,1730,양재동 리치타운,1,아파트
서초구,양재동,1165010200,20163,양재메트로,1,아파트
서초구,양재동,1165010200,425217,양재비버리하임3차(도),1,아파트
서초구,양재동,1165010200,424158,양재삼성베스트빌(도),1,아파트
서초구,양재동,1165010200,1724,양재테크노,1,아파트
서초구,양재동,1165010200,1727,양재테크노2차,1,아파트
서초구,양재동,1165010200,18422,양재테크노3차,1,아파트
서초구,양재동,1165010200,18423,양재테크노5차,1,아파트
서초구,양재동,1165010200,32488,양재파크뷰,1,아파트
서초구,양재동,1165010200,25338,양재현대,1,아파트
서초구,양재동,1165010200,499211,에이치빌(도),1,아파트
서초구,양재동,1165010200,18720,우면파크.,1,아파트
서초구,양재동,1165010200,36275,우성,1,아파트
서초구,양재동,1165010200,347213,우성(113동),1,아파트
서초구,양재동,1165010200,30174,월드빌,1,아파트
서초구,양재동,1165010200,18342,위너스,1,아파트
서초구,양재동,1165010200,1731,인랜드,1,아파트
서초구,양재동,1165010200,427265,중앙클래식,1,아파트
서초구,양재동,1165010200,32099,진흥(아마란스),1,아파트
서초구,양재동,1165010200,12171,초원탑스빌,1,아파트
서초구,양재동,1165010200,421648,태양파크빌,1,아파트
서초구,양재동,1165010200,22895,파빌리온.,1,아파트
서초구,양재동,1165010200,20148,파크뷰,1,아파트
서초구,양재동,1165010200,19651,파크사이드.,1,아파트
서초구,양재동,1165010200,1733,포레스빌,1,아파트
서초구,양재동,1165010200,2157228,풍원파크빌(도시형),1,아파트
서초구,양재동,1165010200,724130,풍원하임빌(도),1,아파트
서초구,양재동,1165010200,1735,프라임,1,아파트
서초구,양재동,1165010200,20349,한아름.,1,아파트
서초구,양재동,1165010200,31303,한일인텔,1,아파트
서초구,양재동,1165010200,18425,해청,1,아파트
서초구,양재동,1165010200,19841,해청3차,1,아파트
서초구,양재동,1165010200,24290,해청파인빌,1,아파트
서초구,양재동,1165010200,1722,현대.,1,아파트
서초구,양재동,1165010200,20755,현대타운,1,아파트
서초구,양재동,1165010200,14934,현대테라하임(11-120),1,아파트
서초구,양재동,1165010200,24929,현대테라하임(11-74),1,아파트
서초구,양재동,1165010200,18013,휴먼시티,1,아파트
서초구,양재동,1165010200,28054,힐하우스,1,아파트
서초구,우면동,1165010300,1738,대림,1,아파트
서초구,우면동,1165010300,1737,동고(동양고속),1,아파트
서초구,우면동,1165010300,27465,서초네이처힐1단지,1,아파트
서초구,우면동,1165010300,25639,서초네이처힐2단지,1,아파트
서초구,우면동,1165010300,26688,서초네이처힐3단지,1,아파트
서초구,우면동,1165010300,25074,서초네이처힐4단지,1,아파트
서초구,우면동,1165010300,26689,서초네이처힐6단지,1,아파트
서초구,우면동,1165010300,25075,서초네이처힐7단지,1,아파트
서초구,우면동,1165010300,25380,서초호반써밋,1,아파트
서초구,우면동,1165010300,24933,서초힐스,1,아파트
서초구,우면동,1165010300,50464,우리집(도),1,아파트
서초구,우면동,1165010300,1740,우면한라,1,아파트
서초구,우면동,1165010300,1739,코오롱,1,아파트
서초구,우면동,1165010300,25666,호반써밋서초파크,1,아파트
서초구,우면동,1165010300,25652,호반써밋서초파크뷰,1,아파트
서초구,잠원동,1165010600,1523,강변,1,아파트
서초구,잠원동,1165010600,1568,금호베스트빌,1,아파트
서초구,잠원동,1165010600,1574,노블레스,1,아파트
서초구,잠원동,1165010600,1569,대주피오레,1,아파트
서초구,잠원동,1165010600,21687,데뜨아르,1,아파트
서초구,잠원동,1165010600,1525,동아,1,아파트
서초구,잠원동,1165010600,18760,띠에라하우스,1,아파트
서초구,잠원동,1165010600,34969,래미안신반포리오센트,1,아파트
서초구,잠원동,1165010600,28490,래미안신반포팰리스,1,아파트
서초구,잠원동,1165010600,1557,로즈빌,1,아파트
서초구,잠원동,1165010600,1564,롯데캐슬갤럭시(1차),1,아파트
서초구,잠원동,1165010600,12529,롯데캐슬갤럭시(2차),1,아파트
서초구,잠원동,1165010600,12014,메이플라워,1,아파트
서초구,잠원동,1165010600,1092721,메이플자이,1,아파트
서초구,잠원동,1165010600,1562,미주파스텔,1,아파트
서초구,잠원동,1165010600,47515,반포르엘,1,아파트
서초구,잠원동,1165010600,48900,반포르엘2차,1,아파트
서초구,잠원동,1165010600,39123,반포센트럴자이,1,아파트
서초구,잠원동,1165010600,1544,반포한신타워,1,아파트
서초구,잠원동,1165010600,1563,보미리전빌,1,아파트
서초구,잠원동,1165010600,12302,브라운스톤잠원,1,아파트
서초구,잠원동,1165010600,1565,블루힐하우스(청구2차),1,아파트
서초구,잠원동,1165010600,18759,빌폴라리스,1,아파트
서초구,잠원동,1165010600,1548,새서울,1,아파트
서초구,잠원동,1165010600,19038,성진준빌라트,1,아파트
서초구,잠원동,1165010600,35347,세인트빌,1,아파트
서초구,잠원동,1165010600,1524,신반포(한신12차),1,아파트
서초구,잠원동,1165010600,1538,신반포(한신16차),1,아파트
서초구,잠원동,1165010600,1540,신반포(한신19차),1,아파트
서초구,잠원동,1165010600,1561,신반포(한신20차),1,아파트
서초구,잠원동,1165010600,1550,신반포(한신25차),1,아파트
서초구,잠원동,1165010600,1543,신반포(한신26차),1,아파트
서초구,잠원동,1165010600,1519,신반포(한신27차),1,아파트
서초구,잠원동,1165010600,1520,신반포(한신2차),1,아파트
서초구,잠원동,1165010600,1530,신반포(한신4차),1,아파트
서초구,잠원동,1165010600,1533,신반포(한신7차),1,아파트
서초구,잠원동,1165010600,1541,신반포22차,1,아파트
서초구,잠원동,1165010600,49604,신반포르엘,1,아파트
서초구,잠원동,1165010600,32368,신반포자이,1,아파트
서초구,잠원동,1165010600,340670,신반포중앙하이츠,1,아파트
서초구,잠원동,1165010600,1556,신반포청구(1차),1,아파트
서초구,잠원동,1165010600,1551,신화,1,아파트
서초구,잠원동,1165010600,33814,아크로리버뷰신반포,1,아파트
서초구,잠원동,1165010600,2150671,오티에르반포,1,아파트
서초구,잠원동,1165010600,2153614,오티에르신반포,1,아파트
서초구,잠원동,1165010600,1552,오페라하우스,1,아파트
서초구,잠원동,1165010600,23383,유로미,1,아파트
서초구,잠원동,1165010600,387334,잠원2차중앙하이츠,1,아파트
서초구,잠원동,1165010600,1566,잠원동대우아이빌,1,아파트
서초구,잠원동,1165010600,1567,잠원동월드메르디앙,1,아파트
서초구,잠원동,1165010600,18603,잠원동트루빌,1,아파트
서초구,잠원동,1165010600,1553,잠원빌라트,1,아파트
서초구,잠원동,1165010600,23117,잠원상지리츠빌카일룸,1,아파트
서초구,잠원동,1165010600,40510,잠원시티,1,아파트
서초구,잠원동,1165010600,20877,잠원씨제이빌리지,1,아파트
서초구,잠원동,1165010600,21077,잠원아이비,1,아파트
서초구,잠원동,1165010600,12194,잠원위브,1,아파트
서초구,잠원동,1165010600,1554,잠원중앙하이츠,1,아파트
서초구,잠원동,1165010600,1529,잠원한신.,1,아파트
서초구,잠원동,1165010600,1526,잠원한신그린,1,아파트
서초구,잠원동,1165010600,1545,잠원현대,1,아파트
서초구,잠원동,1165010600,1572,지오빌,1,아파트
서초구,잠원동,1165010600,1571,킴스빌리지,1,아파트
서초구,잠원동,1165010600,1522,한강,1,아파트
서초구,잠원동,1165010600,1527,한신로얄.,1,아파트
서초구,잠원동,1165010600,1558,한신진일빌라트,1,아파트
서초구,잠원동,1165010600,1559,한신타운,1,아파트
서초구,잠원동,1165010600,1546,한신훼미리.,1,아파트
서초구,잠원동,1165010600,1573,현대실크빌라트,1,아파트
서초구,잠원동,1165010600,1555,현대훼밀리,1,아파트
